ISO-10303-21;
HEADER;
FILE_DESCRIPTION (( 'STEP AP203' ),
    '1' );
FILE_NAME ('componente valvola.STEP',
    '2026-08-29T17:49:57',
    ( '' ),
    ( '' ),
    'SwSTEP 2.0',
    'SolidWorks 2025',
    '' );
FILE_SCHEMA (( 'CONFIG_CONTROL_DESIGN' ));
ENDSEC;

DATA;
#1 = VECTOR ( 'NONE', #5361, 1000.000000000000000 ) ;
#2 = CARTESIAN_POINT ( 'NONE',  ( 6.370000000006834640, -32.65449433079484720, 19.38922875141163615 ) ) ;
#3 = CARTESIAN_POINT ( 'NONE',  ( -35.82379906209143883, -6.369999540484717393, 25.08594277451100041 ) ) ;
#4 = DIRECTION ( 'NONE',  ( 1.000000000000000000, 0.000000000000000000, 0.000000000000000000 ) ) ;
#5 = FACE_OUTER_BOUND ( 'NONE', #2243, .T. ) ;
#6 = VECTOR ( 'NONE', #1585, 1000.000000000000000 ) ;
#7 = DIRECTION ( 'NONE',  ( 0.000000000000000000, 0.000000000000000000, 1.000000000000000000 ) ) ;
#8 = CYLINDRICAL_SURFACE ( 'NONE', #2932, 5.999999999999998224 ) ;
#9 = CARTESIAN_POINT ( 'NONE',  ( -37.50000000000000000, 4.592425496802579889E-15, -48.30079999999999529 ) ) ;
#10 = PLANE ( 'NONE',  #1470 ) ;
#11 = DIRECTION ( 'NONE',  ( 0.000000000000000000, 0.000000000000000000, -1.000000000000000000 ) ) ;
#12 = CARTESIAN_POINT ( 'NONE',  ( -6.370000000016950104, -40.29886942667069860, 26.73672580134604715 ) ) ;
#13 = ADVANCED_FACE ( 'NONE', ( #2304 ), #3623, .F. ) ;
#14 = CARTESIAN_POINT ( 'NONE',  ( 4.479019300623685140, 38.18536040912774610, 25.69735837497644937 ) ) ;
#15 = DIRECTION ( 'NONE',  ( -1.000000000000000000, 0.000000000000000000, 0.000000000000000000 ) ) ;
#16 = CARTESIAN_POINT ( 'NONE',  ( -7.489553619310604482, 33.72074766861207706, -26.61299345531655547 ) ) ;
#17 = B_SPLINE_CURVE_WITH_KNOTS ( 'NONE', 3,
 ( #442, #5401, #2, #2558 ),
 .UNSPECIFIED., .F., .F.,
 ( 4, 4 ),
 ( 0.000000000000000000, 1.000000000000000000 ),
 .UNSPECIFIED. ) ;
#18 = CARTESIAN_POINT ( 'NONE',  ( -25.50118145901929978, 3.122994024826379953E-15, -34.72660000000000480 ) ) ;
#19 = CARTESIAN_POINT ( 'NONE',  ( -6.370006455613153484, 38.25718143099881274, 26.35402232076829065 ) ) ;
#20 = VECTOR ( 'NONE', #671, 1000.000000000000000 ) ;
#21 = CARTESIAN_POINT ( 'NONE',  ( 6.492244420911486458, -32.75904537894644619, -25.45076097972013685 ) ) ;
#22 = CARTESIAN_POINT ( 'NONE',  ( 39.47008758432587427, -5.769103640477985628, 26.38081540440267148 ) ) ;
#23 = ORIENTED_EDGE ( 'NONE', *, *, #1389, .F. ) ;
#24 = CIRCLE ( 'NONE', #3596, 3.000000000000000888 ) ;
#25 = CARTESIAN_POINT ( 'NONE',  ( 6.370000177989886936, -35.38863082162418294, 24.75222993368242186 ) ) ;
#26 = CARTESIAN_POINT ( 'NONE',  ( 39.14277033743145751, 6.370277451441705985, 26.58972122029905805 ) ) ;
#27 = DIRECTION ( 'NONE',  ( -1.000000000000000000, 0.000000000000000000, 0.000000000000000000 ) ) ;
#28 = ORIENTED_EDGE ( 'NONE', *, *, #633, .F. ) ;
#29 = CARTESIAN_POINT ( 'NONE',  ( -41.58499999999725105, -6.370000000004250040, 26.75000000000000000 ) ) ;
#30 = CARTESIAN_POINT ( 'NONE',  ( -6.370000000000000107, 41.04419041187770034, 26.75000000000000000 ) ) ;
#31 = CARTESIAN_POINT ( 'NONE',  ( -35.03978667781276357, -6.369763218691259610, 24.42504327507919015 ) ) ;
#32 = DIRECTION ( 'NONE',  ( 0.000000000000000000, -1.000000000000000000, 0.000000000000000000 ) ) ;
#33 = CARTESIAN_POINT ( 'NONE',  ( 50.00000000000000000, -41.50000000000000000, -26.75000000000000000 ) ) ;
#34 = CARTESIAN_POINT ( 'NONE',  ( 32.89326045844129709, -6.369999999997229878, 20.67227652433005147 ) ) ;
#35 = CARTESIAN_POINT ( 'NONE',  ( -33.38335128773746163, 7.160302294570679571, -26.40344219035136675 ) ) ;
#36 = B_SPLINE_CURVE_WITH_KNOTS ( 'NONE', 3,
 ( #195, #1528, #3313, #4692, #1083, #4665, #4726, #1462, #1590, #3374, #5165, #5567, #634, #667, #3246, #1138, #5038, #2808, #1491, #4600, #3277, #2430, #578, #1999, #2370, #3345, #4162, #2462, #2401, #4255, #5069, #2841, #4632, #2933, #606, #1701, #3518, #4402, #4348, #2555, #2138, #3070, #4784, #2961, #3491, #5275 ),
 .UNSPECIFIED., .F., .F.,
 ( 4, 2, 1, 2, 2, 2, 1, 1, 2, 2, 2, 1, 1, 1, 2, 2, 2, 2, 1, 2, 2, 2, 1, 2, 2, 2, 4 ),
 ( 0.000000000000000000, 0.06249999999997085665, 0.09374999999995478617, 0.1093749999999468064, 0.1249999999999388267, 0.1874999999999094891, 0.2187499999998962219, 0.2343749999998897271, 0.2421874999998873401, 0.2499999999998849809, 0.3124999999998779310, 0.3437499999998757660, 0.3593749999998734346, 0.3671874999998723244, 0.3710937499998729350, 0.3749999999998735456, 0.4374999999999077405, 0.4687499999999248379, 0.4843749999999332201, 0.4921874999999362177, 0.4999999999999391598, 0.5624999999999417133, 0.5937499999999448219, 0.6093749999999461542, 0.6249999999999473754, 0.7499999999999644729, 1.000000000000000000 ),
 .UNSPECIFIED. ) ;
#37 = CARTESIAN_POINT ( 'NONE',  ( -32.58499999999725105, -3.370805018348849824, 18.75000000000000000 ) ) ;
#38 = EDGE_CURVE ( 'NONE', #1326, #2399, #3294, .T. ) ;
#39 = DIRECTION ( 'NONE',  ( 0.000000000000000000, 0.000000000000000000, -1.000000000000000000 ) ) ;
#40 = ADVANCED_FACE ( 'NONE', ( #5459 ), #2363, .F. ) ;
#41 = DIRECTION ( 'NONE',  ( 0.000000000000000000, 0.000000000000000000, 1.000000000000000000 ) ) ;
#42 = CARTESIAN_POINT ( 'NONE',  ( -6.138674064769458205, -40.91146100686965070, 26.71358963244388818 ) ) ;
#43 = CARTESIAN_POINT ( 'NONE',  ( 4.541667107482199484, 38.33870111827925342, 25.79931481396194926 ) ) ;
#44 = DIRECTION ( 'NONE',  ( -1.000000000000000000, -5.446541525829849398E-16, 0.000000000000000000 ) ) ;
#45 = CARTESIAN_POINT ( 'NONE',  ( -7.571573887999869079, 33.80742222706339817, -26.65031606097464945 ) ) ;
#46 = CARTESIAN_POINT ( 'NONE',  ( 6.370000000156100128, -36.48654928223785276, 25.55346655363565134 ) ) ;
#47 = EDGE_CURVE ( 'NONE', #4687, #626, #572, .T. ) ;
#48 = EDGE_CURVE ( 'NONE', #2930, #192, #507, .T. ) ;
#49 = AXIS2_PLACEMENT_3D ( 'NONE', #2685, #1279, #2711 ) ;
#50 = CYLINDRICAL_SURFACE ( 'NONE', #5794, 5.461000000000000298 ) ;
#51 = CARTESIAN_POINT ( 'NONE',  ( 36.29788994330341723, -5.518419796271893496, 23.60260554851749504 ) ) ;
#52 = MANIFOLD_SOLID_BREP ( 'NONE', #3021 ) ;
#53 = VERTEX_POINT ( 'NONE', #1865 ) ;
#54 = CARTESIAN_POINT ( 'NONE',  ( 0.3585035219581707011, 58.79990711068128917, 5.100000000000000533 ) ) ;
#55 = CARTESIAN_POINT ( 'NONE',  ( -41.11063729279779722, -5.959793779172759542, 26.73157882434024657 ) ) ;
#56 = CARTESIAN_POINT ( 'NONE',  ( -36.21378689279752194, 5.532527689337389809, 23.44028736243495814 ) ) ;
#57 = EDGE_LOOP ( 'NONE', ( #3041, #4803, #5752, #5200 ) ) ;
#58 = CARTESIAN_POINT ( 'NONE',  ( 35.05247021166977106, -6.369806505944056951, 24.42511928267546750 ) ) ;
#59 = CARTESIAN_POINT ( 'NONE',  ( -58.79990711068137443, 0.3585035219582123345, 48.25000000000000000 ) ) ;
#60 = FACE_OUTER_BOUND ( 'NONE', #4647, .T. ) ;
#61 = CARTESIAN_POINT ( 'NONE',  ( -40.46796000362190426, 5.517382305997553971, 26.64593825770872115 ) ) ;
#62 =( BOUNDED_SURFACE ( )  B_SPLINE_SURFACE ( 3, 2, ( 
 ( #4460, #1312, #3101 ),
 ( #425, #451, #1847 ),
 ( #68, #4015, #2286 ),
 ( #900, #1820, #2228 ),
 ( #3629, #1342, #3183 ),
 ( #2753, #5385, #3153 ),
 ( #4953, #4545, #1873 ),
 ( #4571, #873, #1401 ),
 ( #426, #3102, #4982 ),
 ( #3605, #3550, #2229 ),
 ( #2197, #4489, #3985 ),
 ( #2313, #4461, #5333 ),
 ( #2256, #3128, #2755 ),
 ( #3630, #3184, #4520 ),
 ( #4927, #4954, #960 ),
 ( #1313, #4572, #4546 ),
 ( #5386, #2722, #1343 ),
 ( #5410, #901, #452 ),
 ( #2667, #3212, #4898 ),
 ( #4050, #5761, #4104 ),
 ( #2780, #929, #4016 ),
 ( #2693, #513, #12 ),
 ( #69, #489, #1874 ),
 ( #5783, #1821, #1792 ),
 ( #2287, #4077, #1374 ),
 ( #3154, #42, #1761 ) ),
 .UNSPECIFIED., .F., .F., .T. ) 
 B_SPLINE_SURFACE_WITH_KNOTS ( ( 4, 2, 2, 2, 2, 2, 2, 2, 2, 2, 2, 2, 4 ),
 ( 3, 3 ),
 ( 0.005213381595401469885, 0.006908200393195160216, 0.008603019190988849679, 0.009450428589885689207, 0.01029783798878254088, 0.01199265678657621993, 0.01368747558436991980, 0.01453488498326675933, 0.01538229438216359886, 0.01707711317995730047, 0.01792452257885415040, 0.01834822727830254935, 0.01877193197775100034 ),
 ( 0.000000000000000000, 1.000000000000000000 ),
 .UNSPECIFIED. ) 
 GEOMETRIC_REPRESENTATION_ITEM ( )  RATIONAL_B_SPLINE_SURFACE ( (
 ( 1.000000000000000000, 0.7425474685657530438, 1.000000000000000000),
 ( 1.000000000000000000, 0.7575803416351090114, 1.000000000000000000),
 ( 1.000000000000000000, 0.7726976139986759806, 1.000000000000000000),
 ( 1.000000000000000000, 0.8017180761604959516, 1.000000000000000000),
 ( 1.000000000000000000, 0.8157608312597169897, 1.000000000000000000),
 ( 1.000000000000000000, 0.8362512015392961073, 1.000000000000000000),
 ( 1.000000000000000000, 0.8430100611302400182, 1.000000000000000000),
 ( 1.000000000000000000, 0.8560894244538950204, 1.000000000000000000),
 ( 1.000000000000000000, 0.8624403672846020497, 1.000000000000000000),
 ( 1.000000000000000000, 0.8809820985951249961, 1.000000000000000000),
 ( 1.000000000000000000, 0.8926656535056080033, 1.000000000000000000),
 ( 1.000000000000000000, 0.9148622398998940142, 1.000000000000000000),
 ( 1.000000000000000000, 0.9250316790793250421, 1.000000000000000000),
 ( 1.000000000000000000, 0.9391130261443020322, 1.000000000000000000),
 ( 1.000000000000000000, 0.9436095765119649759, 1.000000000000000000),
 ( 1.000000000000000000, 0.9522263116222210444, 1.000000000000000000),
 ( 1.000000000000000000, 0.9563635350267550850, 1.000000000000000000),
 ( 1.000000000000000000, 0.9680181395221340024, 1.000000000000000000),
 ( 1.000000000000000000, 0.9748405035968290555, 1.000000000000000000),
 ( 1.000000000000000000, 0.9837836556114289976, 1.000000000000000000),
 ( 1.000000000000000000, 0.9865481439546920361, 1.000000000000000000),
 ( 1.000000000000000000, 0.9903617326874509796, 1.000000000000000000),
 ( 1.000000000000000000, 0.9915787963443120079, 1.000000000000000000),
 ( 1.000000000000000000, 0.9938734720205859574, 1.000000000000000000),
 ( 1.000000000000000000, 0.9949554279141858970, 1.000000000000000000),
 ( 1.000000000000000000, 0.9959502448730739310, 1.000000000000000000) ) ) 
 REPRESENTATION_ITEM ( '' )  SURFACE ( )  );
#63 = CARTESIAN_POINT ( 'NONE',  ( 82.65000000000000568, 0.000000000000000000, 29.00000000000000000 ) ) ;
#64 = CARTESIAN_POINT ( 'NONE',  ( 32.77878466810181379, -6.514749192263998623, -25.51007538526304330 ) ) ;
#65 = CARTESIAN_POINT ( 'NONE',  ( 6.370000000000000107, 37.58500000000000085, -24.75000000000000000 ) ) ;
#66 = CARTESIAN_POINT ( 'NONE',  ( -6.369999999992822737, -40.43335048360344786, 26.75000000000000000 ) ) ;
#67 = CARTESIAN_POINT ( 'NONE',  ( 35.79996877887079876, 6.369999962427363549, 25.06777011155353918 ) ) ;
#68 = CARTESIAN_POINT ( 'NONE',  ( -3.427024631716800052, -35.62149070495210168, 21.51063625525589984 ) ) ;
#69 = CARTESIAN_POINT ( 'NONE',  ( -5.655620126615159116, -40.70301548335994823, 26.68546709506144765 ) ) ;
#70 = CARTESIAN_POINT ( 'NONE',  ( 6.138674064776552086, 40.91146100686847831, 26.71358963244393081 ) ) ;
#71 = CARTESIAN_POINT ( 'NONE',  ( -39.74391380667800178, -5.151059419391381233, 26.46116452992030688 ) ) ;
#72 = CARTESIAN_POINT ( 'NONE',  ( 0.000000000000000000, 0.000000000000000000, -34.72660000000000480 ) ) ;
#73 = DIRECTION ( 'NONE',  ( 1.000000000000000000, -1.672022627447524747E-16, 0.000000000000000000 ) ) ;
#74 = ORIENTED_EDGE ( 'NONE', *, *, #1712, .F. ) ;
#75 = CARTESIAN_POINT ( 'NONE',  ( 6.370000000006999841, -32.65449433079479746, -24.75000000000000000 ) ) ;
#76 = CARTESIAN_POINT ( 'NONE',  ( 40.29886942667015148, -6.370000000021230235, 26.73672580134610044 ) ) ;
#77 = EDGE_LOOP ( 'NONE', ( #2547, #788, #5766, #2099 ) ) ;
#78 = DIRECTION ( 'NONE',  ( -1.000000000000000000, 0.000000000000000000, 0.000000000000000000 ) ) ;
#79 = CARTESIAN_POINT ( 'NONE',  ( 39.37539770133385275, 6.370329458224868624, 26.63269924497050312 ) ) ;
#80 = EDGE_CURVE ( 'NONE', #3964, #1004, #567, .T. ) ;
#81 = CARTESIAN_POINT ( 'NONE',  ( -35.86854469885510355, 3.546150813967829940, 22.61134870958244747 ) ) ;
#82 = EDGE_LOOP ( 'NONE', ( #1165, #3441 ) ) ;
#83 = FACE_OUTER_BOUND ( 'NONE', #5589, .T. ) ;
#84 = DIRECTION ( 'NONE',  ( 0.000000000000000000, 0.000000000000000000, -1.000000000000000000 ) ) ;
#85 = CARTESIAN_POINT ( 'NONE',  ( -3.676029721020790841, -36.17902304971964611, 23.35980865137979023 ) ) ;
#86 = AXIS2_PLACEMENT_3D ( 'NONE', #4681, #3968, #5718 ) ;
#87 = B_SPLINE_CURVE_WITH_KNOTS ( 'NONE', 3,
 ( #4590, #3773, #5058, #3676, #564, #2361, #4152, #3707, #5485, #4207, #1482, #3266, #152, #2832, #621, #1948, #3736, #1512, #5092, #2861, #180, #3334, #5123, #4273, #3804, #4774, #686, #3364, #1642, #1690, #4245, #3038, #785, #2449, #3892, #650, #4306, #1667, #1126, #2046, #5586, #214, #2918, #5182, #1218, #2017, #2980, #3477, #274 ),
 .UNSPECIFIED., .F., .F.,
 ( 4, 2, 2, 1, 1, 2, 2, 2, 2, 1, 2, 2, 2, 1, 1, 2, 2, 2, 2, 1, 1, 1, 2, 2, 2, 1, 2, 2, 4 ),
 ( 0.000000000000000000, 0.1249999999999706624, 0.1874999999999559797, 0.2187499999999486522, 0.2343749999999467648, 0.2421874999999440448, 0.2499999999999413247, 0.3124999999999382716, 0.3437499999999391043, 0.3593749999999382716, 0.3671874999999389932, 0.3749999999999396594, 0.4374999999999463762, 0.4687499999999494849, 0.4843749999999504285, 0.4921874999999535372, 0.4999999999999565903, 0.6249999999999898970, 0.6875000000000051070, 0.7187500000000155431, 0.7343750000000209832, 0.7421875000000236478, 0.7460937500000232037, 0.7500000000000226485, 0.8125000000000165423, 0.8437500000000135447, 0.8593750000000134337, 0.8750000000000133227, 1.000000000000000000 ),
 .UNSPECIFIED. ) ;
#88 = CARTESIAN_POINT ( 'NONE',  ( -39.74577241267667205, 5.151226259516556105, 26.46391515007287865 ) ) ;
#89 = DIRECTION ( 'NONE',  ( -5.446541525829849398E-16, 1.000000000000000000, 0.000000000000000000 ) ) ;
#90 = DIRECTION ( 'NONE',  ( 0.000000000000000000, 0.000000000000000000, -1.000000000000000000 ) ) ;
#91 = CARTESIAN_POINT ( 'NONE',  ( -6.369999999863859230, 33.88078986773059853, 22.99811133327154877 ) ) ;
#92 = CARTESIAN_POINT ( 'NONE',  ( -33.21210178152626469, 6.985635146528891504, -26.24274834627309971 ) ) ;
#93 = ORIENTED_EDGE ( 'NONE', *, *, #1790, .T. ) ;
#94 =( BOUNDED_SURFACE ( )  B_SPLINE_SURFACE ( 3, 2, ( 
 ( #5114, #4641, #614 ),
 ( #4702, #1971, #2472 ),
 ( #4673, #4266, #2411 ),
 ( #237, #2036, #4199 ),
 ( #171, #3824, #3759 ),
 ( #263, #1599, #3382 ) ),
 .UNSPECIFIED., .F., .F., .F. ) 
 B_SPLINE_SURFACE_WITH_KNOTS ( ( 4, 2, 4 ),
 ( 3, 3 ),
 ( 0.006856434198060069873, 0.007868423652451659797, 0.008880413106843239313 ),
 ( 0.000000000000000000, 1.000000000000000000 ),
 .UNSPECIFIED. ) 
 GEOMETRIC_REPRESENTATION_ITEM ( )  RATIONAL_B_SPLINE_SURFACE ( (
 ( 1.000000000000000000, 0.7425474685652850848, 1.000000000000000000),
 ( 1.000000000000000000, 0.7340242781230230662, 1.000000000000000000),
 ( 1.000000000000000000, 0.7271203083339660145, 1.000000000000000000),
 ( 1.000000000000000000, 0.7177217103478319427, 1.000000000000000000),
 ( 1.000000000000000000, 0.7152352449315150240, 1.000000000000000000),
 ( 1.000000000000000000, 0.7152498783397979176, 1.000000000000000000) ) ) 
 REPRESENTATION_ITEM ( '' )  SURFACE ( )  );
#95 = CARTESIAN_POINT ( 'NONE',  ( 36.20330892463197614, 6.369972350220877821, 25.35809932755432072 ) ) ;
#96 = CIRCLE ( 'NONE', #1630, 10.50000000000000178 ) ;
#97 = CIRCLE ( 'NONE', #2643, 3.000000000000000000 ) ;
#98 = CARTESIAN_POINT ( 'NONE',  ( -40.68426273359315104, -6.370000000234069759, 26.75000000003615241 ) ) ;
#99 = DIRECTION ( 'NONE',  ( 0.000000000000000000, 0.000000000000000000, 1.000000000000000000 ) ) ;
#100 = CARTESIAN_POINT ( 'NONE',  ( 5.361047729725649802, 40.17680246839635316, 26.58517859900254976 ) ) ;
#101 = CARTESIAN_POINT ( 'NONE',  ( -35.73650706824810186, -3.485563181855834358, 22.10372805934293439 ) ) ;
#102 = DIRECTION ( 'NONE',  ( 0.000000000000000000, 0.000000000000000000, -1.000000000000000000 ) ) ;
#103 = CARTESIAN_POINT ( 'NONE',  ( 6.369999999958969816, -40.00461954383919760, 26.71605156565910022 ) ) ;
#104 = CARTESIAN_POINT ( 'NONE',  ( 3.584246563438873601, -35.95906216973157399, 22.83756811855463909 ) ) ;
#105 = ORIENTED_EDGE ( 'NONE', *, *, #541, .T. ) ;
#106 = CARTESIAN_POINT ( 'NONE',  ( 52.00000000000000000, 41.50000000000000000, -39.89999999999999858 ) ) ;
#107 = ADVANCED_FACE ( 'NONE', ( #3709 ), #122, .F. ) ;
#108 = CARTESIAN_POINT ( 'NONE',  ( 41.04528918709870311, -5.903547014041680363, 26.72567671803224698 ) ) ;
#109 = EDGE_CURVE ( 'NONE', #1065, #1693, #4971, .T. ) ;
#110 = VERTEX_POINT ( 'NONE', #477 ) ;
#111 = CARTESIAN_POINT ( 'NONE',  ( -2.264944293516344898E-14, 41.58499999999999375, 26.75000000000000000 ) ) ;
#112 = CARTESIAN_POINT ( 'NONE',  ( 0.000000000000000000, 0.000000000000000000, -40.57920000000000016 ) ) ;
#113 = CARTESIAN_POINT ( 'NONE',  ( -33.02234269658669774, 6.369999999835100013, 21.18423187738775226 ) ) ;
#114 = EDGE_CURVE ( 'NONE', #4597, #2423, #1799, .T. ) ;
#115 = VERTEX_POINT ( 'NONE', #4125 ) ;
#116 = ADVANCED_FACE ( 'NONE', ( #444 ), #296, .F. ) ;
#117 = FACE_OUTER_BOUND ( 'NONE', #4723, .T. ) ;
#118 = CYLINDRICAL_SURFACE ( 'NONE', #5061, 5.461000000000000298 ) ;
#119 = CIRCLE ( 'NONE', #1439, 1.999999999999998224 ) ;
#120 = DIRECTION ( 'NONE',  ( -1.000000000000000000, -5.446541525829851370E-16, 0.000000000000000000 ) ) ;
#121 = CARTESIAN_POINT ( 'NONE',  ( 6.370000000006999841, -41.58500000000145036, 26.75000000000000000 ) ) ;
#122 = PLANE ( 'NONE',  #4605 ) ;
#123 = CARTESIAN_POINT ( 'NONE',  ( 0.000000000000000000, 0.000000000000000000, -34.72660000000000480 ) ) ;
#124 = AXIS2_PLACEMENT_3D ( 'NONE', #5597, #1111, #3688 ) ;
#125 = EDGE_CURVE ( 'NONE', #1015, #2269, #950, .T. ) ;
#126 = ORIENTED_EDGE ( 'NONE', *, *, #4886, .T. ) ;
#127 = LINE ( 'NONE', #3779, #1226 ) ;
#128 = CARTESIAN_POINT ( 'NONE',  ( 0.000000000000000000, 0.000000000000000000, 49.95000000000000284 ) ) ;
#129 = ORIENTED_EDGE ( 'NONE', *, *, #1163, .F. ) ;
#130 = EDGE_CURVE ( 'NONE', #4355, #1015, #2536, .T. ) ;
#131 = CARTESIAN_POINT ( 'NONE',  ( -34.88999415667591109, 6.369765972011122379, 24.26094404451637487 ) ) ;
#132 = CARTESIAN_POINT ( 'NONE',  ( -34.00000000000000000, 0.000000000000000000, -32.47660000000000480 ) ) ;
#133 = DIRECTION ( 'NONE',  ( 0.000000000000000000, -1.000000000000000000, 0.000000000000000000 ) ) ;
#134 =( BOUNDED_SURFACE ( )  B_SPLINE_SURFACE ( 3, 2, ( 
 ( #5302, #2637, #396 ),
 ( #5359, #1310, #4925 ),
 ( #3167, #380, #3534 ),
 ( #4027, #5745, #2622 ),
 ( #942, #3508, #2299 ),
 ( #1721, #5769, #3112 ) ),
 .UNSPECIFIED., .F., .F., .T. ) 
 B_SPLINE_SURFACE_WITH_KNOTS ( ( 4, 2, 4 ),
 ( 3, 3 ),
 ( 0.006856434198057680292, 0.007868423652449269348, 0.008880413106840859272 ),
 ( 0.000000000000000000, 1.000000000000000000 ),
 .UNSPECIFIED. ) 
 GEOMETRIC_REPRESENTATION_ITEM ( )  RATIONAL_B_SPLINE_SURFACE ( (
 ( 1.000000000000000000, 0.7425474685654900320, 1.000000000000000000),
 ( 1.000000000000000000, 0.7340242781234250780, 1.000000000000000000),
 ( 1.000000000000000000, 0.7271203083339260465, 1.000000000000000000),
 ( 1.000000000000000000, 0.7177217103483100047, 1.000000000000000000),
 ( 1.000000000000000000, 0.7152352449315489968, 1.000000000000000000),
 ( 1.000000000000000000, 0.7152498783400229598, 1.000000000000000000) ) ) 
 REPRESENTATION_ITEM ( '' )  SURFACE ( )  );
#135 = CARTESIAN_POINT ( 'NONE',  ( 6.153964580358702641, 35.58500000000005059, 20.37052769473368485 ) ) ;
#136 = CARTESIAN_POINT ( 'NONE',  ( 5.306135583036135195, 40.06467397811725561, 26.55419000325512613 ) ) ;
#137 = CARTESIAN_POINT ( 'NONE',  ( -8.053330544171270589, 34.33826971683804885, -26.75000000000000000 ) ) ;
#138 = LINE ( 'NONE', #5075, #735 ) ;
#139 = CARTESIAN_POINT ( 'NONE',  ( 5.269633337843160348, -39.99087934056889537, 26.53441642871896633 ) ) ;
#140 = EDGE_CURVE ( 'NONE', #498, #1223, #2250, .T. ) ;
#141 = ORIENTED_EDGE ( 'NONE', *, *, #2783, .F. ) ;
#142 = CARTESIAN_POINT ( 'NONE',  ( 7.197685110678479603, -33.42092942266000222, -26.43154108458860208 ) ) ;
#143 = DIRECTION ( 'NONE',  ( 0.000000000000000000, 0.000000000000000000, -1.000000000000000000 ) ) ;
#144 = ORIENTED_EDGE ( 'NONE', *, *, #3885, .F. ) ;
#145 = EDGE_CURVE ( 'NONE', #2067, #995, #5379, .T. ) ;
#146 = DIRECTION ( 'NONE',  ( 0.000000000000000000, 0.000000000000000000, 1.000000000000000000 ) ) ;
#147 = CARTESIAN_POINT ( 'NONE',  ( -37.46222370800284551, 4.188028593748479800, 25.12538896387924936 ) ) ;
#148 = ORIENTED_EDGE ( 'NONE', *, *, #657, .F. ) ;
#149 = CARTESIAN_POINT ( 'NONE',  ( -35.58499999999726526, -6.281802516825822913, 19.40896185967588750 ) ) ;
#150 = FACE_OUTER_BOUND ( 'NONE', #3557, .T. ) ;
#151 = CIRCLE ( 'NONE', #2410, 4.999999999999997335 ) ;
#152 = CARTESIAN_POINT ( 'NONE',  ( -33.62837927873793831, -7.401354139752275074, -26.56763265456793732 ) ) ;
#153 = CARTESIAN_POINT ( 'NONE',  ( 36.29788994330235852, 5.518419796276971212, 23.60260554851629422 ) ) ;
#154 = CARTESIAN_POINT ( 'NONE',  ( -40.10601789001221107, 5.326807777638292052, 26.56489141849967694 ) ) ;
#155 = ORIENTED_EDGE ( 'NONE', *, *, #886, .F. ) ;
#156 = CARTESIAN_POINT ( 'NONE',  ( 33.12562866044011400, -6.895207875779281181, -26.14386412406996385 ) ) ;
#157 = CARTESIAN_POINT ( 'NONE',  ( -41.58499999999725105, -6.370000000004250040, 26.75000000000000000 ) ) ;
#158 = DIRECTION ( 'NONE',  ( 0.000000000000000000, 0.000000000000000000, -1.000000000000000000 ) ) ;
#159 = ORIENTED_EDGE ( 'NONE', *, *, #3514, .F. ) ;
#160 = ORIENTED_EDGE ( 'NONE', *, *, #374, .F. ) ;
#161 = CARTESIAN_POINT ( 'NONE',  ( -34.18490945687822347, 6.370000302681352089, 23.43412838607411075 ) ) ;
#162 = CARTESIAN_POINT ( 'NONE',  ( -40.70301548335680053, -5.655620126629009370, 26.68546709506160042 ) ) ;
#163 = CARTESIAN_POINT ( 'NONE',  ( 35.58500000000424279, 3.386891796954385025, 20.75000000000000000 ) ) ;
#164 = CARTESIAN_POINT ( 'NONE',  ( 3.371078389169089640, 35.58500000000000085, 19.41695418761370107 ) ) ;
#165 = CARTESIAN_POINT ( 'NONE',  ( 5.326807777646364706, 40.10601789001983519, 26.56489141850092395 ) ) ;
#166 = DIRECTION ( 'NONE',  ( -1.000000000000000000, -5.446541525829849398E-16, 0.000000000000000000 ) ) ;
#167 = CARTESIAN_POINT ( 'NONE',  ( 4.541667107488149391, -38.33870111827959448, 25.79931481396124937 ) ) ;
#168 = EDGE_CURVE ( 'NONE', #2133, #641, #5520, .T. ) ;
#169 = CARTESIAN_POINT ( 'NONE',  ( 35.58500000000424279, -3.370805018341700432, -26.75000000000000000 ) ) ;
#170 = ORIENTED_EDGE ( 'NONE', *, *, #109, .T. ) ;
#171 = CARTESIAN_POINT ( 'NONE',  ( 35.58500000000424279, 3.370805018339120274, 19.08348030398605033 ) ) ;
#172 = CARTESIAN_POINT ( 'NONE',  ( -6.370000000000000107, 41.58499999999999375, 26.75000000000000000 ) ) ;
#173 = ORIENTED_EDGE ( 'NONE', *, *, #5500, .T. ) ;
#174 = EDGE_CURVE ( 'NONE', #4420, #4856, #5787, .T. ) ;
#175 = DIRECTION ( 'NONE',  ( -0.02604568891411209244, -1.506068933576614838E-17, 0.9996607535004008449 ) ) ;
#176 = CARTESIAN_POINT ( 'NONE',  ( -38.65505634856939565, 4.672740176729199391, 25.98922386612884949 ) ) ;
#177 = ORIENTED_EDGE ( 'NONE', *, *, #2346, .F. ) ;
#178 = CARTESIAN_POINT ( 'NONE',  ( 36.87001198261302903, -6.369999464986318749, 25.76062993177221117 ) ) ;
#179 = DIRECTION ( 'NONE',  ( 0.9063077870366496036, -0.4226182617407002184, 0.000000000000000000 ) ) ;
#180 = CARTESIAN_POINT ( 'NONE',  ( -33.38812430917342766, -7.165216699993707472, -26.40706076358532428 ) ) ;
#181 = CARTESIAN_POINT ( 'NONE',  ( 38.81793372241754980, 6.370000000257650008, 26.52378888772049947 ) ) ;
#182 = CARTESIAN_POINT ( 'NONE',  ( -3.369524627560240404, -35.58500000000150010, 20.08342989349679897 ) ) ;
#183 = AXIS2_PLACEMENT_3D ( 'NONE', #5364, #4871, #2233 ) ;
#184 = ORIENTED_EDGE ( 'NONE', *, *, #3074, .T. ) ;
#185 = VECTOR ( 'NONE', #4477, 1000.000000000000000 ) ;
#186 = CARTESIAN_POINT ( 'NONE',  ( -35.58499999999724395, -3.370805018348849824, -24.75000000000000000 ) ) ;
#187 = EDGE_LOOP ( 'NONE', ( #2514, #2156, #1989, #5693 ) ) ;
#188 = CARTESIAN_POINT ( 'NONE',  ( 5.959793779167689820, 41.11063729279960199, 26.73157882434020038 ) ) ;
#189 = DIRECTION ( 'NONE',  ( -5.446541525829849398E-16, 1.000000000000000000, 0.000000000000000000 ) ) ;
#190 = VECTOR ( 'NONE', #581, 1000.000000000000000 ) ;
#191 = VERTEX_POINT ( 'NONE', #5403 ) ;
#192 = VERTEX_POINT ( 'NONE', #3147 ) ;
#193 = CARTESIAN_POINT ( 'NONE',  ( 36.91625570435025594, 6.369999993818073136, 25.78545671796024052 ) ) ;
#194 = TOROIDAL_SURFACE ( 'NONE', #2727, 35.27000000000000313, 2.000000000000000000 ) ;
#195 = CARTESIAN_POINT ( 'NONE',  ( 6.370000000000000107, 32.65449433079620434, -24.75000000000000000 ) ) ;
#196 = CARTESIAN_POINT ( 'NONE',  ( 35.86577522932066842, 3.544002815771298387, 22.56649842003137252 ) ) ;
#197 = CARTESIAN_POINT ( 'NONE',  ( -41.04528918709809915, 5.903547014039969731, 26.72567671803284739 ) ) ;
#198 = CARTESIAN_POINT ( 'NONE',  ( 37.58500000000424990, -3.370805018341700432, -26.75000000000000000 ) ) ;
#199 = DIRECTION ( 'NONE',  ( -1.000000000000000000, 0.000000000000000000, 0.000000000000000000 ) ) ;
#200 = CARTESIAN_POINT ( 'NONE',  ( 6.073955346547002421, -40.73535086367096625, 26.69193781511489405 ) ) ;
#201 = CARTESIAN_POINT ( 'NONE',  ( 3.556950734608494535, -35.89548499948494964, 22.65749473880402221 ) ) ;
#202 = VERTEX_POINT ( 'NONE', #1455 ) ;
#203 = AXIS2_PLACEMENT_3D ( 'NONE', #4674, #3384, #643 ) ;
#204 = EDGE_CURVE ( 'NONE', #5146, #3460, #4029, .T. ) ;
#205 = CARTESIAN_POINT ( 'NONE',  ( 41.50000000000000000, 41.50000000000000000, -28.75000000000000000 ) ) ;
#206 = VECTOR ( 'NONE', #1164, 1000.000000000000000 ) ;
#207 = CARTESIAN_POINT ( 'NONE',  ( 50.00000000000000000, 41.50000000000000000, -39.89999999999999858 ) ) ;
#208 = ORIENTED_EDGE ( 'NONE', *, *, #5395, .F. ) ;
#209 = CARTESIAN_POINT ( 'NONE',  ( 32.65449433079675146, -6.369999999997229878, -24.75000000000000000 ) ) ;
#210 = CARTESIAN_POINT ( 'NONE',  ( 6.370000000000000107, 4.773299586165129960E-15, 26.75000000000000000 ) ) ;
#211 = ORIENTED_EDGE ( 'NONE', *, *, #4836, .T. ) ;
#212 = CARTESIAN_POINT ( 'NONE',  ( 0.000000000000000000, 0.000000000000000000, -34.72660000000000480 ) ) ;
#213 = DIRECTION ( 'NONE',  ( 1.000000000000000000, 0.000000000000000000, 0.000000000000000000 ) ) ;
#214 = CARTESIAN_POINT ( 'NONE',  ( -32.72690288873631914, -6.454906366360879666, -25.33565314944548774 ) ) ;
#215 = CARTESIAN_POINT ( 'NONE',  ( 36.78399264249635081, 5.478883174358316843, 24.37759065404586423 ) ) ;
#216 = DIRECTION ( 'NONE',  ( 0.000000000000000000, 0.000000000000000000, -1.000000000000000000 ) ) ;
#217 = ORIENTED_EDGE ( 'NONE', *, *, #4114, .F. ) ;
#218 = ORIENTED_EDGE ( 'NONE', *, *, #1308, .T. ) ;
#219 = CIRCLE ( 'NONE', #2102, 8.500000000000000000 ) ;
#220 = CARTESIAN_POINT ( 'NONE',  ( -3.386891796952119726, 35.58500000000000085, 20.75000000000000000 ) ) ;
#221 = DIRECTION ( 'NONE',  ( 1.000000000000000000, 4.336808689942013792E-16, 0.000000000000000000 ) ) ;
#222 = VERTEX_POINT ( 'NONE', #1316 ) ;
#223 = AXIS2_PLACEMENT_3D ( 'NONE', #2587, #5625, #4284 ) ;
#224 = CIRCLE ( 'NONE', #5740, 5.461000000000000298 ) ;
#225 = ORIENTED_EDGE ( 'NONE', *, *, #3115, .T. ) ;
#226 = CARTESIAN_POINT ( 'NONE',  ( 41.50000000000000000, -50.00000000000000000, -39.89999999999999858 ) ) ;
#227 = CARTESIAN_POINT ( 'NONE',  ( -40.55461482426688491, -6.018802013298452991, 26.66347199710333271 ) ) ;
#228 = CARTESIAN_POINT ( 'NONE',  ( 35.58500000000424279, -3.386891796948949818, 20.75000000000000000 ) ) ;
#229 = FACE_OUTER_BOUND ( 'NONE', #4860, .T. ) ;
#230 = CARTESIAN_POINT ( 'NONE',  ( -32.58499999999725105, 3.370805018340395254, 18.75000000000000000 ) ) ;
#231 = LINE ( 'NONE', #4227, #3121 ) ;
#232 = CARTESIAN_POINT ( 'NONE',  ( 5.608177709312636594, -38.45520708566250789, 25.87754706217591050 ) ) ;
#233 = CARTESIAN_POINT ( 'NONE',  ( -4.673057335524978484, 38.65583274206338871, 25.98719476950475382 ) ) ;
#234 = B_SPLINE_CURVE_WITH_KNOTS ( 'NONE', 3,
 ( #3787, #2936, #5570, #5628, #2373, #1020, #4194, #4602, #165, #1966, #1563, #136, #3348, #3752, #5041, #1531, #2903, #4166, #4696, #4258, #1935, #3877, #1627, #3410, #5195, #1176, #2964, #734, #4761, #4320, #288, #2526, #2089, #4083, #1798, #1441, #2320, #4527 ),
 .UNSPECIFIED., .F., .F.,
 ( 4, 2, 2, 1, 1, 1, 1, 2, 2, 2, 2, 1, 1, 2, 2, 2, 2, 2, 2, 2, 2, 4 ),
 ( 0.000000000000000000, 0.06249999999995407840, 0.09374999999993098576, 0.1093749999999201056, 0.1171874999999155120, 0.1210937499999125005, 0.1230468749999110295, 0.1240234374999109601, 0.1249999999999108768, 0.1874999999999378275, 0.2187499999999511224, 0.2343749999999567013, 0.2421874999999595046, 0.2460937499999607536, 0.2499999999999620304, 0.3749999999999666933, 0.4374999999999699130, 0.4999999999999731326, 0.6249999999999793499, 0.6874999999999817923, 0.7499999999999842348, 1.000000000000000000 ),
 .UNSPECIFIED. ) ;
#235 = EDGE_LOOP ( 'NONE', ( #2603, #4169, #1541, #5489 ) ) ;
#236 = APPROVAL ( #4299, 'NON SPECIFICATO' ) ;
#237 = CARTESIAN_POINT ( 'NONE',  ( 35.58500000000424279, 3.371078389171819900, 19.41695418761370107 ) ) ;
#238 = DIRECTION ( 'NONE',  ( 1.000000000000000000, 0.000000000000000000, 0.000000000000000000 ) ) ;
#239 = B_SPLINE_CURVE_WITH_KNOTS ( 'NONE', 3,
 ( #2434, #3819, #2847, #3411 ),
 .UNSPECIFIED., .F., .F.,
 ( 4, 4 ),
 ( 0.000000000000000000, 0.002000064695065134970 ),
 .UNSPECIFIED. ) ;
#240 = CARTESIAN_POINT ( 'NONE',  ( -40.58929969001305693, 6.370000000060329626, 26.74845202696574731 ) ) ;
#241 = ORIENTED_EDGE ( 'NONE', *, *, #2393, .T. ) ;
#242 = CARTESIAN_POINT ( 'NONE',  ( 35.74782502492423930, -6.369998877393303616, 25.02758584427498789 ) ) ;
#243 = CARTESIAN_POINT ( 'NONE',  ( 33.39052428071109091, 7.167320080496540236, -26.40788143358062356 ) ) ;
#244 = CARTESIAN_POINT ( 'NONE',  ( 6.369886739657623309, -37.20016145650412653, 25.93069992157158410 ) ) ;
#245 = CARTESIAN_POINT ( 'NONE',  ( 40.68426273359339973, 6.370000000232479920, 26.75000000003615241 ) ) ;
#246 = CARTESIAN_POINT ( 'NONE',  ( -36.32716489139704663, -3.736275300555265133, 23.64665700931150027 ) ) ;
#247 = ORIENTED_EDGE ( 'NONE', *, *, #3885, .T. ) ;
#248 = ORIENTED_EDGE ( 'NONE', *, *, #2262, .T. ) ;
#249 = AXIS2_PLACEMENT_3D ( 'NONE', #889, #5313, #1295 ) ;
#250 = CARTESIAN_POINT ( 'NONE',  ( -6.370000000254940176, 38.81793372241540396, 26.52378888771979959 ) ) ;
#251 = DIRECTION ( 'NONE',  ( 1.000000000000000000, 5.446541525829849398E-16, 0.000000000000000000 ) ) ;
#252 = VERTEX_POINT ( 'NONE', #3132 ) ;
#253 = ORIENTED_EDGE ( 'NONE', *, *, #4469, .F. ) ;
#254 = CARTESIAN_POINT ( 'NONE',  ( 35.58500000000424279, 3.370805018347220017, -24.75000000000000000 ) ) ;
#255 = CARTESIAN_POINT ( 'NONE',  ( 35.82299214237989560, -40.07671307857690124, -57.89999999999999858 ) ) ;
#256 = CARTESIAN_POINT ( 'NONE',  ( 40.83692971303329955, 5.724206751976420371, 26.70685811949850574 ) ) ;
#257 = CARTESIAN_POINT ( 'NONE',  ( -41.24132100174569615, 6.072609891976600949, 26.74014897528940082 ) ) ;
#258 = CARTESIAN_POINT ( 'NONE',  ( -0.3585035219581256261, -58.79990711068118969, 48.25000000000000000 ) ) ;
#259 = CARTESIAN_POINT ( 'NONE',  ( 0.000000000000000000, 0.000000000000000000, -34.72660000000000480 ) ) ;
#260 = CARTESIAN_POINT ( 'NONE',  ( 6.369996921399466494, 38.06652036914055515, 26.28987092845663653 ) ) ;
#261 = CARTESIAN_POINT ( 'NONE',  ( 37.39777154128064751, -4.162481468083788272, 25.05162359106285308 ) ) ;
#262 = ORIENTED_EDGE ( 'NONE', *, *, #4037, .F. ) ;
#263 = CARTESIAN_POINT ( 'NONE',  ( 35.58500000000424279, 3.370805018347220017, 18.75000000000000000 ) ) ;
#264 = CARTESIAN_POINT ( 'NONE',  ( -41.50000000000000000, -41.50000000000000000, -28.75000000000000000 ) ) ;
#265 = CIRCLE ( 'NONE', #5320, 8.500000000000000000 ) ;
#266 = EDGE_CURVE ( 'NONE', #4314, #3511, #4502, .T. ) ;
#267 = FACE_OUTER_BOUND ( 'NONE', #2427, .T. ) ;
#268 = EDGE_CURVE ( 'NONE', #647, #5143, #3661, .T. ) ;
#269 = CARTESIAN_POINT ( 'NONE',  ( 0.000000000000000000, 0.000000000000000000, 18.75000000000000000 ) ) ;
#270 = ORIENTED_EDGE ( 'NONE', *, *, #5711, .F. ) ;
#271 = FACE_OUTER_BOUND ( 'NONE', #3371, .T. ) ;
#272 = DIRECTION ( 'NONE',  ( -1.000000000000000000, 0.000000000000000000, 0.000000000000000000 ) ) ;
#273 = EDGE_CURVE ( 'NONE', #755, #1168, #2715, .T. ) ;
#274 = CARTESIAN_POINT ( 'NONE',  ( -32.65449433079535879, -6.370000000004250040, -24.75000000000000000 ) ) ;
#275 = CARTESIAN_POINT ( 'NONE',  ( 38.18536040912955087, 4.479019300623625632, 25.69735837497474762 ) ) ;
#276 = CARTESIAN_POINT ( 'NONE',  ( -39.47008758432477293, -5.769103640487831974, 26.38081540440482442 ) ) ;
#277 = ORIENTED_EDGE ( 'NONE', *, *, #2288, .F. ) ;
#278 = ORIENTED_EDGE ( 'NONE', *, *, #1269, .F. ) ;
#279 = EDGE_CURVE ( 'NONE', #3511, #1514, #4551, .T. ) ;
#280 = CARTESIAN_POINT ( 'NONE',  ( -6.073955346540925504, 40.73535086367053282, 26.69193781511543762 ) ) ;
#281 = VECTOR ( 'NONE', #5786, 1000.000000000000000 ) ;
#282 = CIRCLE ( 'NONE', #1786, 3.000000000000000444 ) ;
#283 = ORIENTED_EDGE ( 'NONE', *, *, #5425, .F. ) ;
#284 = LINE ( 'NONE', #5674, #3992 ) ;
#285 = CARTESIAN_POINT ( 'NONE',  ( -35.58499999999728658, -6.092036909187560134, 20.67951872141254910 ) ) ;
#286 = CARTESIAN_POINT ( 'NONE',  ( 41.75000000000000000, 0.000000000000000000, -48.30079999999999529 ) ) ;
#287 = CARTESIAN_POINT ( 'NONE',  ( -6.369999591410902440, -35.76655626311318059, 25.04208068993949610 ) ) ;
#288 = CARTESIAN_POINT ( 'NONE',  ( 3.909517845190360941, 36.75982490531972502, 24.33635961215793486 ) ) ;
#289 = CARTESIAN_POINT ( 'NONE',  ( 3.386891796958809486, -35.58500000000145036, 20.75000000000000000 ) ) ;
#290 = CARTESIAN_POINT ( 'NONE',  ( 6.369997999194121796, 36.82126671595812439, 25.73410213304243754 ) ) ;
#291 = CARTESIAN_POINT ( 'NONE',  ( -3.912398520550215864, 36.76763104983754715, 24.33181799052731620 ) ) ;
#292 = ORIENTED_EDGE ( 'NONE', *, *, #3603, .F. ) ;
#293 = CIRCLE ( 'NONE', #1706, 9.525000000000005684 ) ;
#294 = CARTESIAN_POINT ( 'NONE',  ( -7.222771239468887217, -33.44613429711574071, -26.45044809727047053 ) ) ;
#295 = CARTESIAN_POINT ( 'NONE',  ( -6.302097268777169248, 35.58500000000002927, 19.08069851385833005 ) ) ;
#296 = TOROIDAL_SURFACE ( 'NONE', #760, 41.27000000000000313, 8.000000000000000000 ) ;
#297 = CARTESIAN_POINT ( 'NONE',  ( 52.00000000000000000, 41.50000000000000000, -41.89999999999999858 ) ) ;
#298 = CARTESIAN_POINT ( 'NONE',  ( 41.28399214237990122, -40.07671307857690124, -41.89999999999999858 ) ) ;
#299 = ORIENTED_EDGE ( 'NONE', *, *, #2998, .T. ) ;
#300 = AXIS2_PLACEMENT_3D ( 'NONE', #2338, #5437, #987 ) ;
#301 = CARTESIAN_POINT ( 'NONE',  ( 40.77543378064829938, -6.369999999997220108, 26.75000000000000000 ) ) ;
#302 = DIRECTION ( 'NONE',  ( 1.000000000000000000, 0.000000000000000000, 0.000000000000000000 ) ) ;
#303 = EDGE_CURVE ( 'NONE', #3420, #641, #1399, .T. ) ;
#304 = CARTESIAN_POINT ( 'NONE',  ( 6.369993868057302500, -35.92650099112279349, 25.16293067331221778 ) ) ;
#305 = FACE_OUTER_BOUND ( 'NONE', #1975, .T. ) ;
#306 = CARTESIAN_POINT ( 'NONE',  ( -37.46222370800060020, -4.188028593757635143, 25.12538896387690102 ) ) ;
#307 = ORIENTED_EDGE ( 'NONE', *, *, #2145, .T. ) ;
#308 = EDGE_LOOP ( 'NONE', ( #4212, #4113, #2157, #5723 ) ) ;
#309 = EDGE_CURVE ( 'NONE', #4662, #2469, #1878, .T. ) ;
#310 = ORIENTED_EDGE ( 'NONE', *, *, #1097, .T. ) ;
#311 = CARTESIAN_POINT ( 'NONE',  ( -5.489327076806084449, 37.27482891462037173, 24.94815917563915519 ) ) ;
#312 = ADVANCED_FACE ( 'NONE', ( #4931 ), #2729, .T. ) ;
#313 = ORIENTED_EDGE ( 'NONE', *, *, #4781, .F. ) ;
#314 = CARTESIAN_POINT ( 'NONE',  ( -37.80860066351235105, 6.369951085425226367, 26.19518044591753991 ) ) ;
#315 = AXIS2_PLACEMENT_3D ( 'NONE', #1453, #3301, #1892 ) ;
#316 = CARTESIAN_POINT ( 'NONE',  ( -25.00000000000000000, 0.000000000000000000, 49.95000000000000284 ) ) ;
#317 = CARTESIAN_POINT ( 'NONE',  ( 0.000000000000000000, 0.000000000000000000, -26.75000000000000000 ) ) ;
#318 = B_SPLINE_CURVE_WITH_KNOTS ( 'NONE', 3,
 ( #3141, #4940, #2242, #2705 ),
 .UNSPECIFIED., .F., .F.,
 ( 4, 4 ),
 ( 0.000000000000000000, 1.000000000000000000 ),
 .UNSPECIFIED. ) ;
#319 = CARTESIAN_POINT ( 'NONE',  ( -6.369926564982205441, -35.40592848701522399, 24.74759602062367136 ) ) ;
#320 = AXIS2_PLACEMENT_3D ( 'NONE', #3165, #1475, #2413 ) ;
#321 = DIRECTION ( 'NONE',  ( -1.000000000000000000, 0.000000000000000000, 0.000000000000000000 ) ) ;
#322 = CARTESIAN_POINT ( 'NONE',  ( 6.369992967190888145, 36.72542745095090311, 25.68085533428893186 ) ) ;
#323 = CARTESIAN_POINT ( 'NONE',  ( -5.903547014042280772, 41.04528918709859653, 26.72567671803264844 ) ) ;
#324 = ORIENTED_EDGE ( 'NONE', *, *, #2146, .T. ) ;
#325 = CARTESIAN_POINT ( 'NONE',  ( -6.962462701377271301, -33.18980210170192890, -26.21848677695082230 ) ) ;
#326 = CARTESIAN_POINT ( 'NONE',  ( 3.546150813971645110, 35.86854469885765440, 22.61134870958184706 ) ) ;
#327 = EDGE_CURVE ( 'NONE', #5727, #2133, #2467, .T. ) ;
#328 = CARTESIAN_POINT ( 'NONE',  ( -40.91146100686854226, 6.138674064773270267, 26.71358963244427187 ) ) ;
#329 = ORIENTED_EDGE ( 'NONE', *, *, #1095, .T. ) ;
#330 = DIRECTION ( 'NONE',  ( -1.000000000000000000, 0.000000000000000000, 0.000000000000000000 ) ) ;
#331 = CARTESIAN_POINT ( 'NONE',  ( 34.17533853463535110, 7.908740149680041576, -26.74473842065021856 ) ) ;
#332 =( BOUNDED_SURFACE ( )  B_SPLINE_SURFACE ( 3, 2, ( 
 ( #2691, #4433, #1284 ),
 ( #5408, #1735, #958 ),
 ( #3522, #2226, #1788 ),
 ( #1759, #3984, #1846 ),
 ( #5781, #847, #1819 ),
 ( #3152, #1398, #4978 ) ),
 .UNSPECIFIED., .F., .F., .F. ) 
 B_SPLINE_SURFACE_WITH_KNOTS ( ( 4, 2, 4 ),
 ( 3, 3 ),
 ( 0.006856434198054559524, 0.007868423652446158989, 0.008880413106837759321 ),
 ( 0.000000000000000000, 1.000000000000000000 ),
 .UNSPECIFIED. ) 
 GEOMETRIC_REPRESENTATION_ITEM ( )  RATIONAL_B_SPLINE_SURFACE ( (
 ( 1.000000000000000000, 0.7425474685657740270, 1.000000000000000000),
 ( 1.000000000000000000, 0.7340242781233969893, 1.000000000000000000),
 ( 1.000000000000000000, 0.7271203083346610141, 1.000000000000000000),
 ( 1.000000000000000000, 0.7177217103481929872, 1.000000000000000000),
 ( 1.000000000000000000, 0.7152352449321900396, 1.000000000000000000),
 ( 1.000000000000000000, 0.7152498783403419269, 1.000000000000000000) ) ) 
 REPRESENTATION_ITEM ( '' )  SURFACE ( )  );
#333 = CARTESIAN_POINT ( 'NONE',  ( 6.370000000006999841, -40.77543378064680724, 26.75000000000000000 ) ) ;
#334 = CARTESIAN_POINT ( 'NONE',  ( -50.00000000000000000, -41.50000000000000000, -26.75000000000000000 ) ) ;
#335 = CARTESIAN_POINT ( 'NONE',  ( -35.76352620303714502, -3.499309520448475208, 22.25081759593149755 ) ) ;
#336 = ORIENTED_EDGE ( 'NONE', *, *, #2838, .T. ) ;
#337 = ORIENTED_EDGE ( 'NONE', *, *, #2116, .F. ) ;
#338 = ORIENTED_EDGE ( 'NONE', *, *, #5415, .F. ) ;
#339 = CARTESIAN_POINT ( 'NONE',  ( -6.369999999838680260, 36.86086500838835178, 25.76815908326650018 ) ) ;
#340 = ORIENTED_EDGE ( 'NONE', *, *, #1787, .T. ) ;
#341 = CARTESIAN_POINT ( 'NONE',  ( -36.49108750982901483, 6.369976243671572114, 25.54306006976466747 ) ) ;
#342 = CARTESIAN_POINT ( 'NONE',  ( -35.58499999999844476, -6.153964580360813841, 20.37052769473314839 ) ) ;
#343 = CARTESIAN_POINT ( 'NONE',  ( 41.02405378704064987, 41.28399214238000070, -26.75000000000000000 ) ) ;
#344 = CARTESIAN_POINT ( 'NONE',  ( -6.369931297086073307, -37.73363618284051313, 26.16557161150770128 ) ) ;
#345 = ADVANCED_FACE ( 'NONE', ( #5472 ), #3319, .T. ) ;
#346 = CARTESIAN_POINT ( 'NONE',  ( 6.369775463125717962, 34.43830233086095660, 23.76635413757600546 ) ) ;
#347 = CARTESIAN_POINT ( 'NONE',  ( -4.722982776759855561, 38.77464472269519291, 26.05245766245391792 ) ) ;
#348 = ORIENTED_EDGE ( 'NONE', *, *, #4648, .F. ) ;
#349 = CARTESIAN_POINT ( 'NONE',  ( -6.580314249571230789, -32.83638493831437444, -25.66126780104434957 ) ) ;
#350 = CARTESIAN_POINT ( 'NONE',  ( -6.153964580360036685, 35.58500000000348962, 20.37052769473390512 ) ) ;
#351 = CARTESIAN_POINT ( 'NONE',  ( -6.369971228139299058, 36.48373802771510555, 25.54109606441618041 ) ) ;
#352 = DIRECTION ( 'NONE',  ( -1.000000000000000000, -1.224646799147354440E-16, 0.000000000000000000 ) ) ;
#353 = EDGE_CURVE ( 'NONE', #2083, #3913, #4010, .T. ) ;
#354 = VERTEX_POINT ( 'NONE', #2343 ) ;
#355 = CARTESIAN_POINT ( 'NONE',  ( 0.000000000000000000, 0.000000000000000000, 48.25000000000000000 ) ) ;
#356 = DIRECTION ( 'NONE',  ( -1.000000000000000000, 0.000000000000000000, 0.000000000000000000 ) ) ;
#357 = CARTESIAN_POINT ( 'NONE',  ( -37.62939739159299535, -6.369999999977610017, 26.12567189972009984 ) ) ;
#358 = VERTEX_POINT ( 'NONE', #1088 ) ;
#359 = VERTEX_POINT ( 'NONE', #4139 ) ;
#360 = ORIENTED_EDGE ( 'NONE', *, *, #5101, .F. ) ;
#361 = CARTESIAN_POINT ( 'NONE',  ( -5.903547014035050111, -40.77543378064900281, 29.71351507704889627 ) ) ;
#362 = EDGE_LOOP ( 'NONE', ( #3942, #3642 ) ) ;
#363 = CARTESIAN_POINT ( 'NONE',  ( -6.369999999993000372, -41.04419041187900064, 26.75000000000000000 ) ) ;
#364 = DIRECTION ( 'NONE',  ( 0.000000000000000000, 0.000000000000000000, 1.000000000000000000 ) ) ;
#365 = DIRECTION ( 'NONE',  ( -5.446541525829849398E-16, 1.000000000000000000, 0.000000000000000000 ) ) ;
#366 = CARTESIAN_POINT ( 'NONE',  ( -6.369963388416769234, -33.75188462181806415, 22.76319936826484280 ) ) ;
#367 = CARTESIAN_POINT ( 'NONE',  ( 6.370000000000000107, 40.77543378064790147, 26.75000000000000000 ) ) ;
#368 = CARTESIAN_POINT ( 'NONE',  ( -82.65000000000000568, 0.000000000000000000, 46.00000000000000000 ) ) ;
#369 = CIRCLE ( 'NONE', #4966, 3.000000000000002665 ) ;
#370 = CARTESIAN_POINT ( 'NONE',  ( 3.370805018351494819, -35.58500000000145036, 18.75000000000000000 ) ) ;
#371 = DIRECTION ( 'NONE',  ( 0.000000000000000000, 0.000000000000000000, -1.000000000000000000 ) ) ;
#372 = ADVANCED_FACE ( 'NONE', ( #3282 ), #2230, .F. ) ;
#373 = CARTESIAN_POINT ( 'NONE',  ( -6.369988315422116187, 35.98805333193416089, 25.20757047662480943 ) ) ;
#374 = EDGE_CURVE ( 'NONE', #5506, #2399, #138, .T. ) ;
#375 = AXIS2_PLACEMENT_3D ( 'NONE', #497, #143, #2295 ) ;
#376 = CARTESIAN_POINT ( 'NONE',  ( 0.000000000000000000, 0.000000000000000000, 26.75000000000000000 ) ) ;
#377 = EDGE_LOOP ( 'NONE', ( #4370, #4720, #1159, #3842, #3042, #5565 ) ) ;
#378 = DIRECTION ( 'NONE',  ( 1.000000000000000000, 0.000000000000000000, 0.000000000000000000 ) ) ;
#379 = PLANE ( 'NONE',  #5631 ) ;
#380 = CARTESIAN_POINT ( 'NONE',  ( 6.207242184597971502, -35.58500000000150720, 20.05572867702351303 ) ) ;
#381 = ORIENTED_EDGE ( 'NONE', *, *, #3603, .T. ) ;
#382 = AXIS2_PLACEMENT_3D ( 'NONE', #872, #41, #1791 ) ;
#383 = ORIENTED_EDGE ( 'NONE', *, *, #1196, .F. ) ;
#384 = AXIS2_PLACEMENT_3D ( 'NONE', #1085, #4760, #4786 ) ;
#385 = EDGE_LOOP ( 'NONE', ( #1536, #5252, #1123, #2151 ) ) ;
#386 = CARTESIAN_POINT ( 'NONE',  ( 41.50000000000000000, -41.50000000000000000, -28.75000000000000000 ) ) ;
#387 = AXIS2_PLACEMENT_3D ( 'NONE', #128, #3341, #3713 ) ;
#388 = EDGE_CURVE ( 'NONE', #1747, #252, #3990, .T. ) ;
#389 = CARTESIAN_POINT ( 'NONE',  ( -37.02184733248826376, -6.369959932243576262, 25.84088012771430343 ) ) ;
#390 = ORIENTED_EDGE ( 'NONE', *, *, #5507, .T. ) ;
#391 = FACE_OUTER_BOUND ( 'NONE', #2183, .T. ) ;
#392 = CYLINDRICAL_SURFACE ( 'NONE', #4422, 2.000000000000001776 ) ;
#393 = DIRECTION ( 'NONE',  ( -1.000000000000000000, -4.336808689942015271E-16, 0.000000000000000000 ) ) ;
#394 = CARTESIAN_POINT ( 'NONE',  ( -6.369999937089941611, -33.96335398163992636, 23.09928375365302955 ) ) ;
#395 = CARTESIAN_POINT ( 'NONE',  ( 35.60577517269581449, 5.889510143164859990, 21.37782218919745958 ) ) ;
#396 = CARTESIAN_POINT ( 'NONE',  ( 6.370000000006999841, -32.89326045843959889, 20.67227652433065188 ) ) ;
#397 = CARTESIAN_POINT ( 'NONE',  ( 0.000000000000000000, 0.000000000000000000, -32.47660000000000480 ) ) ;
#398 = CIRCLE ( 'NONE', #5196, 2.000000000000001776 ) ;
#399 = DIRECTION ( 'NONE',  ( 0.000000000000000000, 0.000000000000000000, 1.000000000000000000 ) ) ;
#400 = CIRCLE ( 'NONE', #3686, 3.000000000000000444 ) ;
#401 = CARTESIAN_POINT ( 'NONE',  ( -58.79990711068137443, 0.3585035219582123345, 26.75000000000000000 ) ) ;
#402 = CC_DESIGN_PERSON_AND_ORGANIZATION_ASSIGNMENT ( #2038, #1213, ( #1369 ) ) ;
#403 = PERSON_AND_ORGANIZATION_ROLE ( 'creator' ) ;
#404 = AXIS2_PLACEMENT_3D ( 'NONE', #2444, #3447, #682 ) ;
#405 = CARTESIAN_POINT ( 'NONE',  ( -6.369934340643150783, 34.19714211038255058, 23.43607084744098401 ) ) ;
#406 = CARTESIAN_POINT ( 'NONE',  ( 52.00000000000000000, -41.50000000000000000, -28.75000000000000000 ) ) ;
#407 = VERTEX_POINT ( 'NONE', #3466 ) ;
#408 = DIRECTION ( 'NONE',  ( 6.505213034913019702E-16, -1.000000000000000000, -2.256949153578795168E-30 ) ) ;
#409 = LINE ( 'NONE', #1858, #3179 ) ;
#410 = LINE ( 'NONE', #5373, #4846 ) ;
#411 = EDGE_LOOP ( 'NONE', ( #1970, #3484, #5799, #144 ) ) ;
#412 = ORIENTED_EDGE ( 'NONE', *, *, #2394, .F. ) ;
#413 = CARTESIAN_POINT ( 'NONE',  ( 82.65000000000000568, 1.012170579495287987E-14, 46.00000000000000000 ) ) ;
#414 = CARTESIAN_POINT ( 'NONE',  ( -32.58499999999725105, 3.370805018340395254, -26.75000000000000000 ) ) ;
#415 = CARTESIAN_POINT ( 'NONE',  ( -34.44964732944434616, -6.369818228125801340, 23.76497593561517618 ) ) ;
#416 = ORIENTED_EDGE ( 'NONE', *, *, #3611, .F. ) ;
#417 = DIRECTION ( 'NONE',  ( -1.000000000000000000, 0.000000000000000000, 0.000000000000000000 ) ) ;
#418 = CARTESIAN_POINT ( 'NONE',  ( 35.58500000000424279, -6.207242184585537004, 20.05572867702337803 ) ) ;
#419 = CARTESIAN_POINT ( 'NONE',  ( -3.386891796952119726, 32.58500000000000085, 20.75000000000000000 ) ) ;
#420 = CARTESIAN_POINT ( 'NONE',  ( -33.24467392472855920, 7.019324570777672356, -26.27686551911957835 ) ) ;
#421 = EDGE_CURVE ( 'NONE', #2399, #1326, #1481, .T. ) ;
#422 = CARTESIAN_POINT ( 'NONE',  ( 36.15588851179169438, 3.666524847727609782, 23.31128879812114718 ) ) ;
#423 = CIRCLE ( 'NONE', #2215, 5.461000000000000298 ) ;
#424 = FACE_OUTER_BOUND ( 'NONE', #1108, .T. ) ;
#425 = CARTESIAN_POINT ( 'NONE',  ( -3.401644651187289980, -35.58500000000150010, 21.12748665268770054 ) ) ;
#426 = CARTESIAN_POINT ( 'NONE',  ( -3.773695274602214766, -36.42009448152815310, 23.80917560843084857 ) ) ;
#427 = AXIS2_PLACEMENT_3D ( 'NONE', #2279, #4454, #417 ) ;
#428 = CARTESIAN_POINT ( 'NONE',  ( 5.631291378831454253, 38.62011465385469222, 25.97449334110045882 ) ) ;
#429 = CARTESIAN_POINT ( 'NONE',  ( -40.05425398177094820, -5.300951346061873792, 26.55145064127370347 ) ) ;
#430 = DIRECTION ( 'NONE',  ( 0.000000000000000000, 0.000000000000000000, 1.000000000000000000 ) ) ;
#431 = PERSON_AND_ORGANIZATION ( #4234, #2280 ) ;
#432 = CARTESIAN_POINT ( 'NONE',  ( -6.369999830334263535, 35.80948082856691173, 25.07503383306603695 ) ) ;
#433 = CARTESIAN_POINT ( 'NONE',  ( 6.425787057205351260, -32.70144742684986028, -25.22842914610929554 ) ) ;
#434 = CARTESIAN_POINT ( 'NONE',  ( 35.99114147750562154, -5.589676720312222180, 22.93803928294740402 ) ) ;
#435 = ORIENTED_EDGE ( 'NONE', *, *, #4908, .F. ) ;
#436 = CARTESIAN_POINT ( 'NONE',  ( 0.000000000000000000, 0.000000000000000000, -24.75000000000000000 ) ) ;
#437 = CARTESIAN_POINT ( 'NONE',  ( -41.35195847424050442, -6.168188170253869451, 26.74649669316304923 ) ) ;
#438 = DIRECTION ( 'NONE',  ( 0.000000000000000000, 0.000000000000000000, -1.000000000000000000 ) ) ;
#439 = EDGE_LOOP ( 'NONE', ( #681, #2706, #3014, #2210 ) ) ;
#440 = LINE ( 'NONE', #4534, #3276 ) ;
#441 = EDGE_CURVE ( 'NONE', #2107, #1278, #2985, .T. ) ;
#442 = CARTESIAN_POINT ( 'NONE',  ( 6.370000000006999841, -32.89326045843935020, 20.67227652432984897 ) ) ;
#443 = DIRECTION ( 'NONE',  ( 0.000000000000000000, 0.000000000000000000, 1.000000000000000000 ) ) ;
#444 = FACE_OUTER_BOUND ( 'NONE', #4002, .T. ) ;
#445 = DIRECTION ( 'NONE',  ( 0.000000000000000000, 0.000000000000000000, -1.000000000000000000 ) ) ;
#446 = ADVANCED_FACE ( 'NONE', ( #824 ), #3820, .T. ) ;
#447 = CARTESIAN_POINT ( 'NONE',  ( 41.50000000000000000, 50.00000000000000000, -41.89999999999999858 ) ) ;
#448 = CARTESIAN_POINT ( 'NONE',  ( -6.370302134993631960, -40.03850766011139939, 26.72900027126703293 ) ) ;
#449 = DIRECTION ( 'NONE',  ( 1.000000000000000000, 0.000000000000000000, 0.000000000000000000 ) ) ;
#450 = DIRECTION ( 'NONE',  ( -1.000000000000000000, 0.000000000000000000, 0.000000000000000000 ) ) ;
#451 = CARTESIAN_POINT ( 'NONE',  ( -5.986062400802382832, -35.58065414160432027, 21.02108994157811495 ) ) ;
#452 = CARTESIAN_POINT ( 'NONE',  ( -6.370000000247669547, -38.81793372241845219, 26.52378888772019749 ) ) ;
#453 = CARTESIAN_POINT ( 'NONE',  ( -41.58499999999725105, 6.369999999995749285, 26.75000000000000000 ) ) ;
#454 = CARTESIAN_POINT ( 'NONE',  ( -38.42033977329182193, -4.574834107215234980, 25.85076907576602068 ) ) ;
#455 = CARTESIAN_POINT ( 'NONE',  ( -6.547797054195417132, 32.80777178869231392, -25.58970018581158712 ) ) ;
#456 = CARTESIAN_POINT ( 'NONE',  ( 6.369999999865150642, -34.91711289111904648, 24.28912300068859764 ) ) ;
#457 = AXIS2_PLACEMENT_3D ( 'NONE', #981, #1839, #5030 ) ;
#458 = PERSON_AND_ORGANIZATION_ROLE ( 'design_supplier' ) ;
#459 = AXIS2_PLACEMENT_3D ( 'NONE', #1403, #3632, #2724 ) ;
#460 = CARTESIAN_POINT ( 'NONE',  ( -6.369772323988716956, 34.58825824558764594, 23.93051126992764921 ) ) ;
#461 = DIRECTION ( 'NONE',  ( 0.000000000000000000, 0.000000000000000000, 1.000000000000000000 ) ) ;
#462 = CARTESIAN_POINT ( 'NONE',  ( 38.81887157606289662, -4.741503266656999394, 26.07750731349375073 ) ) ;
#463 = CIRCLE ( 'NONE', #1700, 3.000000000000001332 ) ;
#464 = VERTEX_POINT ( 'NONE', #3983 ) ;
#465 = FACE_OUTER_BOUND ( 'NONE', #1855, .T. ) ;
#466 = DIRECTION ( 'NONE',  ( -1.000000000000000000, 0.000000000000000000, 0.000000000000000000 ) ) ;
#467 = CARTESIAN_POINT ( 'NONE',  ( 41.50000000000000000, 41.50000000000000000, -39.89999999999999858 ) ) ;
#468 = PRODUCT_DEFINITION_SHAPE ( 'NONE', 'NONE',  #1456 ) ;
#469 = EDGE_LOOP ( 'NONE', ( #3899, #5296, #3668, #1105 ) ) ;
#470 = VECTOR ( 'NONE', #4241, 1000.000000000000000 ) ;
#471 = AXIS2_PLACEMENT_3D ( 'NONE', #5358, #4514, #1844 ) ;
#472 = FACE_BOUND ( 'NONE', #4309, .T. ) ;
#473 = EDGE_CURVE ( 'NONE', #407, #115, #4866, .T. ) ;
#474 = CARTESIAN_POINT ( 'NONE',  ( -6.057765550928370324, 41.22446196583090483, 26.74185923436050061 ) ) ;
#475 = CC_DESIGN_SECURITY_CLASSIFICATION ( #1993, ( #3296 ) ) ;
#476 = CARTESIAN_POINT ( 'NONE',  ( -38.14915503005966002, -6.370000000316702327, 26.31822534731170293 ) ) ;
#477 = CARTESIAN_POINT ( 'NONE',  ( 41.50000000000000000, -50.00000000000000000, -41.89999999999999858 ) ) ;
#478 = EDGE_CURVE ( 'NONE', #2107, #3420, #3600, .T. ) ;
#479 = CONICAL_SURFACE ( 'NONE', #1242, 82.65000000000000568, 0.7853981633974589371 ) ;
#480 = FACE_OUTER_BOUND ( 'NONE', #2421, .T. ) ;
#481 = AXIS2_PLACEMENT_3D ( 'NONE', #5492, #4215, #1488 ) ;
#482 = DIRECTION ( 'NONE',  ( 0.000000000000000000, 0.000000000000000000, 1.000000000000000000 ) ) ;
#483 = CARTESIAN_POINT ( 'NONE',  ( -33.27466763847135667, 7.050083203669858634, -26.30621124041627823 ) ) ;
#484 = EDGE_CURVE ( 'NONE', #3869, #5131, #4069, .T. ) ;
#485 = EDGE_CURVE ( 'NONE', #354, #2969, #3018, .T. ) ;
#486 = CARTESIAN_POINT ( 'NONE',  ( 0.000000000000000000, 0.000000000000000000, 48.25000000000000000 ) ) ;
#487 = DIRECTION ( 'NONE',  ( -1.000000000000000000, 0.000000000000000000, 0.000000000000000000 ) ) ;
#488 = CARTESIAN_POINT ( 'NONE',  ( 0.000000000000000000, 0.000000000000000000, 26.75000000000000000 ) ) ;
#489 = CARTESIAN_POINT ( 'NONE',  ( -6.018802013285651675, -40.55461482426863995, 26.66347199710298099 ) ) ;
#490 = CARTESIAN_POINT ( 'NONE',  ( 6.370000000026390552, 38.02191694328580240, 26.27692598701480264 ) ) ;
#491 = CARTESIAN_POINT ( 'NONE',  ( -37.52872151817402369, -4.214494276770561321, 25.18751249228407119 ) ) ;
#492 = CARTESIAN_POINT ( 'NONE',  ( 8.991085193482261317, 54.77446816760112114, 26.75000000000000000 ) ) ;
#493 = CARTESIAN_POINT ( 'NONE',  ( 6.370000000290690245, -35.40797844743554634, 24.76512582818314812 ) ) ;
#494 = CARTESIAN_POINT ( 'NONE',  ( -38.77862709264022811, -6.370154876776116915, 26.50420942172168637 ) ) ;
#495 = AXIS2_PLACEMENT_3D ( 'NONE', #3966, #3139, #378 ) ;
#496 = CARTESIAN_POINT ( 'NONE',  ( 6.989437728811529915, -33.21566898472741514, -26.24748135186215592 ) ) ;
#497 = CARTESIAN_POINT ( 'NONE',  ( 0.000000000000000000, 0.000000000000000000, -48.30079999999999529 ) ) ;
#498 = VERTEX_POINT ( 'NONE', #3075 ) ;
#499 = VECTOR ( 'NONE', #4612, 1000.000000000000000 ) ;
#500 = DIRECTION ( 'NONE',  ( -1.000000000000000000, 0.000000000000000000, 0.000000000000000000 ) ) ;
#501 = CYLINDRICAL_SURFACE ( 'NONE', #2972, 3.000000000000000000 ) ;
#502 = CARTESIAN_POINT ( 'NONE',  ( 0.000000000000000000, 0.000000000000000000, -32.47660000000000480 ) ) ;
#503 = ORIENTED_EDGE ( 'NONE', *, *, #1636, .F. ) ;
#504 = FACE_BOUND ( 'NONE', #3372, .T. ) ;
#505 = CARTESIAN_POINT ( 'NONE',  ( -41.04528918709655017, 5.903547014044350227, 26.72567671803269818 ) ) ;
#506 = DIRECTION ( 'NONE',  ( 1.000000000000000000, 6.505213034913019702E-16, -2.256949153578795168E-30 ) ) ;
#507 = LINE ( 'NONE', #4036, #2827 ) ;
#508 = CARTESIAN_POINT ( 'NONE',  ( 32.99270198043060986, -6.753134376570729458, -25.96009368606004841 ) ) ;
#509 = DIRECTION ( 'NONE',  ( 0.000000000000000000, 0.000000000000000000, 1.000000000000000000 ) ) ;
#510 = DIRECTION ( 'NONE',  ( -1.000000000000000000, -5.446541525829849398E-16, 0.000000000000000000 ) ) ;
#511 = CARTESIAN_POINT ( 'NONE',  ( 37.54458594253798509, 5.506903573098650639, 25.20875611328614596 ) ) ;
#512 = CARTESIAN_POINT ( 'NONE',  ( -33.75188462185440130, 6.369963388423035333, 22.76319936832750557 ) ) ;
#513 = CARTESIAN_POINT ( 'NONE',  ( -5.993611879607325221, -40.46313664331986359, 26.64692192518990055 ) ) ;
#514 = CARTESIAN_POINT ( 'NONE',  ( 5.832443026317370105, 40.96267973622695280, 26.71821560258290162 ) ) ;
#515 = CARTESIAN_POINT ( 'NONE',  ( -38.26618405972252646, -4.511522160522869918, 25.75194617306529565 ) ) ;
#516 = EDGE_CURVE ( 'NONE', #3757, #1131, #3763, .T. ) ;
#517 = CARTESIAN_POINT ( 'NONE',  ( -6.963490966507156266, 33.19087801002913807, -26.21960423650405758 ) ) ;
#518 = CARTESIAN_POINT ( 'NONE',  ( 4.188028593755189988, -37.46222370800409607, 25.12538896387625087 ) ) ;
#519 = ORIENTED_EDGE ( 'NONE', *, *, #3859, .F. ) ;
#520 = CIRCLE ( 'NONE', #2686, 33.27000000000000313 ) ;
#521 = CARTESIAN_POINT ( 'NONE',  ( 6.932865412687002404, -33.16143252723927048, -26.18651177340962732 ) ) ;
#522 = CARTESIAN_POINT ( 'NONE',  ( 37.46222370800805379, -4.188028593746034645, 25.12538896387754761 ) ) ;
#523 = ORIENTED_EDGE ( 'NONE', *, *, #2288, .T. ) ;
#524 = DIRECTION ( 'NONE',  ( 0.000000000000000000, 0.000000000000000000, 1.000000000000000000 ) ) ;
#525 = CYLINDRICAL_SURFACE ( 'NONE', #1191, 2.000000000000001776 ) ;
#526 = CARTESIAN_POINT ( 'NONE',  ( -38.45520708566208867, 5.608177709302821334, 25.87754706217772238 ) ) ;
#527 = ORIENTED_EDGE ( 'NONE', *, *, #2394, .T. ) ;
#528 = EDGE_CURVE ( 'NONE', #202, #4686, #2950, .T. ) ;
#529 = CARTESIAN_POINT ( 'NONE',  ( -32.58499999999725105, -3.370805018348849824, 26.75000000000000000 ) ) ;
#530 = CARTESIAN_POINT ( 'NONE',  ( 41.46260784174750569, -6.264005567910300165, 26.74977149653825137 ) ) ;
#531 = CARTESIAN_POINT ( 'NONE',  ( -6.369999999993000372, -37.58500000000150010, -24.75000000000000000 ) ) ;
#532 = FACE_OUTER_BOUND ( 'NONE', #2675, .T. ) ;
#533 = DIRECTION ( 'NONE',  ( 0.9063077870366496036, -0.4226182617407001074, 0.000000000000000000 ) ) ;
#534 = CARTESIAN_POINT ( 'NONE',  ( 33.26019248892297497, -7.035615447930727129, -26.29330952899234219 ) ) ;
#535 = AXIS2_PLACEMENT_3D ( 'NONE', #2650, #4445, #3011 ) ;
#536 = CARTESIAN_POINT ( 'NONE',  ( -3.427024631723115000, 35.62149070495060244, 21.51063625525554812 ) ) ;
#537 = CARTESIAN_POINT ( 'NONE',  ( -33.77970155808179697, 7.545365076663800963, -26.63910525742526403 ) ) ;
#538 = VERTEX_POINT ( 'NONE', #9 ) ;
#539 = CARTESIAN_POINT ( 'NONE',  ( 33.97776080638710994, 6.369999921597318426, 23.12106442420238750 ) ) ;
#540 = EDGE_CURVE ( 'NONE', #498, #5267, #697, .T. ) ;
#541 = EDGE_CURVE ( 'NONE', #2318, #4281, #4182, .T. ) ;
#542 = CARTESIAN_POINT ( 'NONE',  ( -6.369999999993000372, -32.65449433079755437, -24.75000000000000000 ) ) ;
#543 = CARTESIAN_POINT ( 'NONE',  ( 41.04419041187879458, 6.370000000002770335, 26.75000000000000000 ) ) ;
#544 = CARTESIAN_POINT ( 'NONE',  ( 6.370000000067530088, 34.30215350257714846, 23.58057077360125220 ) ) ;
#545 = LINE ( 'NONE', #2232, #3748 ) ;
#546 = EDGE_CURVE ( 'NONE', #4394, #2300, #4658, .T. ) ;
#547 = CARTESIAN_POINT ( 'NONE',  ( -7.025144565359573434, 33.25068545402324105, -26.28265241385530260 ) ) ;
#548 = DIRECTION ( 'NONE',  ( 1.000000000000000000, 0.000000000000000000, 0.000000000000000000 ) ) ;
#549 = CARTESIAN_POINT ( 'NONE',  ( 4.574834107267421679, -38.42033977347555407, 25.85076907587599138 ) ) ;
#550 = ORIENTED_EDGE ( 'NONE', *, *, #2817, .F. ) ;
#551 = EDGE_CURVE ( 'NONE', #4355, #2487, #3100, .T. ) ;
#552 = CARTESIAN_POINT ( 'NONE',  ( 6.383803734806496877, -32.66567359237819090, -25.02205028646070062 ) ) ;
#553 = CARTESIAN_POINT ( 'NONE',  ( 36.72014354162715932, -3.893735784593820082, 24.28162700625130199 ) ) ;
#554 = ORIENTED_EDGE ( 'NONE', *, *, #374, .T. ) ;
#555 = EDGE_CURVE ( 'NONE', #5696, #1228, #1618, .T. ) ;
#556 = ADVANCED_FACE ( 'NONE', ( #4951 ), #2692, .T. ) ;
#557 = CYLINDRICAL_SURFACE ( 'NONE', #5370, 9.525000000000000355 ) ;
#558 = CARTESIAN_POINT ( 'NONE',  ( -3.370805018344575021, 32.58500000000000085, 26.75000000000000000 ) ) ;
#559 = CARTESIAN_POINT ( 'NONE',  ( -36.72014354162170235, 3.893735784597434968, 24.28162700625355086 ) ) ;
#560 = EDGE_LOOP ( 'NONE', ( #3745, #2161, #1860, #4175 ) ) ;
#561 = CIRCLE ( 'NONE', #2079, 10.50000000000000178 ) ;
#562 = CARTESIAN_POINT ( 'NONE',  ( 32.65449433090135756, -6.369999999994809592, 19.08058457314150047 ) ) ;
#563 = CARTESIAN_POINT ( 'NONE',  ( 41.58500000000424279, 6.370000000002770335, 26.75000000000000000 ) ) ;
#564 = CARTESIAN_POINT ( 'NONE',  ( -33.92586667792197375, -7.682106874589385903, -26.69134322216960697 ) ) ;
#565 = AXIS2_PLACEMENT_3D ( 'NONE', #37, #5732, #1734 ) ;
#566 = CARTESIAN_POINT ( 'NONE',  ( 6.138674064782856377, -40.91146100686743381, 26.71358963244365370 ) ) ;
#567 = LINE ( 'NONE', #4508, #2265 ) ;
#568 = VECTOR ( 'NONE', #1154, 1000.000000000000000 ) ;
#569 = CARTESIAN_POINT ( 'NONE',  ( 33.17628435520511232, -6.948376473197617642, -26.20343327198633787 ) ) ;
#570 = ORIENTED_EDGE ( 'NONE', *, *, #80, .F. ) ;
#571 = CARTESIAN_POINT ( 'NONE',  ( -3.634090523929770278, 36.07730396454225286, 23.13765668347815208 ) ) ;
#572 = CIRCLE ( 'NONE', #1320, 2.000000000000001776 ) ;
#573 = CARTESIAN_POINT ( 'NONE',  ( 0.000000000000000000, 0.000000000000000000, 29.00000000000000000 ) ) ;
#574 = EDGE_CURVE ( 'NONE', #3858, #675, #622, .T. ) ;
#575 = ORIENTED_EDGE ( 'NONE', *, *, #2842, .F. ) ;
#576 = CARTESIAN_POINT ( 'NONE',  ( 35.03978667760556931, 6.369763218677245042, 24.42504327487353066 ) ) ;
#577 = VECTOR ( 'NONE', #509, 1000.000000000000000 ) ;
#578 = CARTESIAN_POINT ( 'NONE',  ( 6.715239184972660702, 32.95800881803139504, -25.90210811830298709 ) ) ;
#579 = DIRECTION ( 'NONE',  ( 0.000000000000000000, 0.000000000000000000, 1.000000000000000000 ) ) ;
#580 = CARTESIAN_POINT ( 'NONE',  ( -41.35195847424050442, 6.168188170245350044, 26.74649669316304923 ) ) ;
#581 = DIRECTION ( 'NONE',  ( 0.000000000000000000, 0.000000000000000000, 1.000000000000000000 ) ) ;
#582 = CARTESIAN_POINT ( 'NONE',  ( -7.497016945398155663, 33.72859994374658044, -26.61659923389888860 ) ) ;
#583 = CARTESIAN_POINT ( 'NONE',  ( 4.298525160573600346, -37.73990400501644871, 25.37069840418659794 ) ) ;
#584 = CARTESIAN_POINT ( 'NONE',  ( -32.58499999999725105, -3.370805018348849824, -26.75000000000000000 ) ) ;
#585 = ORIENTED_EDGE ( 'NONE', *, *, #145, .T. ) ;
#586 = CARTESIAN_POINT ( 'NONE',  ( -34.87565143391569222, 41.02405378704104777, -57.89999999999999858 ) ) ;
#587 = CARTESIAN_POINT ( 'NONE',  ( -41.50000000000000000, -41.50000000000000000, -39.89999999999999858 ) ) ;
#588 = ORIENTED_EDGE ( 'NONE', *, *, #4690, .T. ) ;
#589 = LINE ( 'NONE', #5087, #1069 ) ;
#590 = CARTESIAN_POINT ( 'NONE',  ( -35.99114147749893533, 5.589676720309642910, 22.93803928294924077 ) ) ;
#591 = VERTEX_POINT ( 'NONE', #3335 ) ;
#592 = CARTESIAN_POINT ( 'NONE',  ( 33.96818730850954182, -6.369999995267774828, 23.10660678837279747 ) ) ;
#593 = CARTESIAN_POINT ( 'NONE',  ( 41.04528918710030183, -5.903547014037310525, 26.72567671803239620 ) ) ;
#594 = VECTOR ( 'NONE', #166, 1000.000000000000000 ) ;
#595 = FACE_OUTER_BOUND ( 'NONE', #469, .T. ) ;
#596 = CARTESIAN_POINT ( 'NONE',  ( -36.75982490534913438, 3.909517845196933461, 24.33635961220120691 ) ) ;
#597 = EDGE_LOOP ( 'NONE', ( #5126, #225, #2520, #4414 ) ) ;
#598 = FACE_OUTER_BOUND ( 'NONE', #4301, .T. ) ;
#599 = AXIS2_PLACEMENT_3D ( 'NONE', #1602, #5177, #2943 ) ;
#600 = ORIENTED_EDGE ( 'NONE', *, *, #5341, .T. ) ;
#601 = CARTESIAN_POINT ( 'NONE',  ( -3.666524847726535086, 36.15588851178844720, 23.31128879812309762 ) ) ;
#602 = CARTESIAN_POINT ( 'NONE',  ( -35.58499999999724395, 6.369999999995749285, -26.75000000000000000 ) ) ;
#603 = EDGE_LOOP ( 'NONE', ( #1996, #728, #1942, #5291 ) ) ;
#604 = CARTESIAN_POINT ( 'NONE',  ( 34.10947078099795959, 6.369970381411802940, 23.31362810905417149 ) ) ;
#605 = ADVANCED_FACE ( 'NONE', ( #5124 ), #3860, .F. ) ;
#606 = CARTESIAN_POINT ( 'NONE',  ( 6.993822197656089479, 33.21987383280964679, -26.25218432574008531 ) ) ;
#607 = CARTESIAN_POINT ( 'NONE',  ( 36.34602731500513073, 3.744191782672266822, 23.69914481975256138 ) ) ;
#608 = DIRECTION ( 'NONE',  ( 1.000000000000000000, 0.000000000000000000, 0.000000000000000000 ) ) ;
#609 = LINE ( 'NONE', #2465, #3482 ) ;
#610 = DIRECTION ( 'NONE',  ( 0.000000000000000000, 0.000000000000000000, 1.000000000000000000 ) ) ;
#611 = CARTESIAN_POINT ( 'NONE',  ( 6.369999999980599625, -37.62939739159274666, 26.12567189972039827 ) ) ;
#612 = CARTESIAN_POINT ( 'NONE',  ( 3.428875536342952390, -35.62389061571258253, 21.53420139889625418 ) ) ;
#613 = EDGE_LOOP ( 'NONE', ( #1057, #1387 ) ) ;
#614 = CARTESIAN_POINT ( 'NONE',  ( 32.89326045844050128, 6.370000000002770335, 20.67227652433110308 ) ) ;
#615 = ORIENTED_EDGE ( 'NONE', *, *, #1396, .F. ) ;
#616 = CARTESIAN_POINT ( 'NONE',  ( -46.10499999999999687, 0.000000000000000000, 49.95000000000000284 ) ) ;
#617 = CARTESIAN_POINT ( 'NONE',  ( -39.12120481990746157, 5.708038033578097803, 26.23758184240747937 ) ) ;
#618 = ORIENTED_EDGE ( 'NONE', *, *, #1104, .F. ) ;
#619 = CARTESIAN_POINT ( 'NONE',  ( 36.72542744263886760, -6.369992967164574971, 25.68085532960089523 ) ) ;
#620 = DIRECTION ( 'NONE',  ( -1.000000000000000000, 0.000000000000000000, 0.000000000000000000 ) ) ;
#621 = CARTESIAN_POINT ( 'NONE',  ( -33.53324724023829617, -7.308851731963469156, -26.51059431803854238 ) ) ;
#622 = LINE ( 'NONE', #5183, #4880 ) ;
#623 = DIRECTION ( 'NONE',  ( 0.000000000000000000, 0.000000000000000000, 1.000000000000000000 ) ) ;
#624 = VERTEX_POINT ( 'NONE', #1101 ) ;
#625 = CARTESIAN_POINT ( 'NONE',  ( 32.88576231714525022, -6.635465041271364939, -25.76854362823233302 ) ) ;
#626 = VERTEX_POINT ( 'NONE', #2208 ) ;
#627 = CARTESIAN_POINT ( 'NONE',  ( -6.370000000283260633, 35.40797844743470080, 24.76512582818019936 ) ) ;
#628 = CARTESIAN_POINT ( 'NONE',  ( -45.53771307857699924, -40.33665143391584706, -57.89999999999999858 ) ) ;
#629 = ORIENTED_EDGE ( 'NONE', *, *, #2540, .F. ) ;
#630 = EDGE_CURVE ( 'NONE', #3483, #758, #4775, .T. ) ;
#631 = ORIENTED_EDGE ( 'NONE', *, *, #5585, .T. ) ;
#632 = CARTESIAN_POINT ( 'NONE',  ( -32.89326045844120472, 6.369999999995749285, 20.67227652432839946 ) ) ;
#633 = EDGE_CURVE ( 'NONE', #675, #2035, #4852, .T. ) ;
#634 = CARTESIAN_POINT ( 'NONE',  ( 6.514749192287907498, 32.77878466811569780, -25.51007538531634822 ) ) ;
#635 = DIRECTION ( 'NONE',  ( 0.000000000000000000, 0.000000000000000000, -1.000000000000000000 ) ) ;
#636 = CARTESIAN_POINT ( 'NONE',  ( 6.370000000000000107, 32.89326045844079971, 20.67227652433000173 ) ) ;
#637 = CARTESIAN_POINT ( 'NONE',  ( 8.274078149565957219, -62.82534605376135772, 26.75000000000000000 ) ) ;
#638 = CARTESIAN_POINT ( 'NONE',  ( -6.370000000000000107, 32.65449433079620434, -24.75000000000000000 ) ) ;
#639 = CARTESIAN_POINT ( 'NONE',  ( 5.993611879620018179, -40.46313664331864857, 26.64692192519003910 ) ) ;
#640 = CARTESIAN_POINT ( 'NONE',  ( -3.598772062563503571, 35.99335298405567585, 22.92768403124417986 ) ) ;
#641 = VERTEX_POINT ( 'NONE', #3940 ) ;
#642 = CARTESIAN_POINT ( 'NONE',  ( 7.126142821724323007, -33.34950129003301811, -26.37436661495873125 ) ) ;
#643 = DIRECTION ( 'NONE',  ( -1.000000000000000000, 0.000000000000000000, 0.000000000000000000 ) ) ;
#644 = VERTEX_POINT ( 'NONE', #3893 ) ;
#645 = CARTESIAN_POINT ( 'NONE',  ( -6.016165986332490334, -41.17598386478730532, 26.73640032031060088 ) ) ;
#646 = CARTESIAN_POINT ( 'NONE',  ( -39.80723392607779942, 6.370000000044488964, 26.69508090187220262 ) ) ;
#647 = VERTEX_POINT ( 'NONE', #1294 ) ;
#648 = CARTESIAN_POINT ( 'NONE',  ( 36.91577027818414081, -6.369999996930602926, 25.78519802941288219 ) ) ;
#649 = CARTESIAN_POINT ( 'NONE',  ( 33.16983003967570198, 6.941637807825604689, -26.19610343157003740 ) ) ;
#650 = CARTESIAN_POINT ( 'NONE',  ( -32.80777178871737476, -6.547797054226283997, -25.58970018587337236 ) ) ;
#651 = CARTESIAN_POINT ( 'NONE',  ( 35.75443616475525488, 6.369999999852860029, 25.04805023947265141 ) ) ;
#652 = CARTESIAN_POINT ( 'NONE',  ( -35.58499999999724395, -3.386891796956549960, 20.75000000000000000 ) ) ;
#653 = ORIENTED_EDGE ( 'NONE', *, *, #1335, .F. ) ;
#654 = AXIS2_PLACEMENT_3D ( 'NONE', #3144, #919, #4967 ) ;
#655 = CIRCLE ( 'NONE', #1407, 35.27000000000000313 ) ;
#656 = EDGE_LOOP ( 'NONE', ( #1722, #2648 ) ) ;
#657 = EDGE_CURVE ( 'NONE', #5261, #644, #834, .T. ) ;
#658 = CARTESIAN_POINT ( 'NONE',  ( -40.77543378064485324, -6.370000000004250040, 26.75000000000000000 ) ) ;
#659 = CYLINDRICAL_SURFACE ( 'NONE', #679, 34.00000000000000000 ) ;
#660 = CIRCLE ( 'NONE', #2163, 37.50000000000000000 ) ;
#661 = VERTEX_POINT ( 'NONE', #334 ) ;
#662 = CC_DESIGN_PERSON_AND_ORGANIZATION_ASSIGNMENT ( #2671, #458, ( #3296 ) ) ;
#663 = ADVANCED_FACE ( 'NONE', ( #2600, #857 ), #379, .T. ) ;
#664 = ORIENTED_EDGE ( 'NONE', *, *, #2550, .T. ) ;
#665 = CARTESIAN_POINT ( 'NONE',  ( -45.53771307857699924, -40.33665143391584706, -41.89999999999999858 ) ) ;
#666 = AXIS2_PLACEMENT_3D ( 'NONE', #1120, #4233, #1569 ) ;
#667 = CARTESIAN_POINT ( 'NONE',  ( 6.524845938253373667, 32.78761596262543065, -25.53515842577974482 ) ) ;
#668 = DIRECTION ( 'NONE',  ( 0.9063077870366496036, -0.4226182617407002184, 0.000000000000000000 ) ) ;
#669 = CARTESIAN_POINT ( 'NONE',  ( -3.370805018337555303, -35.58500000000150010, -24.75000000000000000 ) ) ;
#670 = CARTESIAN_POINT ( 'NONE',  ( -35.58499999999724395, 3.378215731437574920, 20.41700341930909701 ) ) ;
#671 = DIRECTION ( 'NONE',  ( 0.000000000000000000, 0.000000000000000000, -1.000000000000000000 ) ) ;
#672 = CARTESIAN_POINT ( 'NONE',  ( 5.655620126629339772, -40.70301548335759634, 26.68546709506110304 ) ) ;
#673 = AXIS2_PLACEMENT_3D ( 'NONE', #1903, #579, #3815 ) ;
#674 = CARTESIAN_POINT ( 'NONE',  ( -3.544002815769959902, 35.86577522931595041, 22.56649842002993012 ) ) ;
#675 = VERTEX_POINT ( 'NONE', #5768 ) ;
#676 =( BOUNDED_SURFACE ( )  B_SPLINE_SURFACE ( 3, 2, ( 
 ( #4853, #1745, #4174 ),
 ( #1887, #2383, #113 ),
 ( #5088, #1477, #3261 ),
 ( #5054, #3765, #2825 ),
 ( #81, #4203, #3291 ),
 ( #1003, #590, #5422 ),
 ( #2325, #1945, #4586 ),
 ( #2793, #56, #1414 ),
 ( #4558, #1032, #4994 ),
 ( #559, #3703, #3197 ),
 ( #1859, #4615, #2356 ),
 ( #147, #3671, #5451 ),
 ( #2414, #2885, #4148 ),
 ( #1508, #1063, #2857 ),
 ( #3732, #4088, #5512 ),
 ( #176, #526, #975 ),
 ( #4645, #1449, #5480 ),
 ( #1094, #617, #1977 ),
 ( #5547, #1544, #3328 ),
 ( #4118, #3227, #646 ),
 ( #5118, #5023, #3641 ),
 ( #4676, #2766, #1916 ),
 ( #3418, #5580, #1152 ),
 ( #714, #2566, #240 ),
 ( #1243, #4361, #5687 ),
 ( #2039, #328, #2506 ) ),
 .UNSPECIFIED., .F., .F., .F. ) 
 B_SPLINE_SURFACE_WITH_KNOTS ( ( 4, 2, 2, 2, 2, 2, 2, 2, 2, 2, 2, 2, 4 ),
 ( 3, 3 ),
 ( 0.005213381595401439528, 0.006908200393195599968, 0.008603019190989770817, 0.009450428589886849737, 0.01029783798878394080, 0.01199265678657809864, 0.01368747558437225995, 0.01453488498326935968, 0.01538229438216644901, 0.01707711317996059991, 0.01792452257885769965, 0.01834822727830625125, 0.01877193197775475081 ),
 ( 0.000000000000000000, 1.000000000000000000 ),
 .UNSPECIFIED. ) 
 GEOMETRIC_REPRESENTATION_ITEM ( )  RATIONAL_B_SPLINE_SURFACE ( (
 ( 1.000000000000000000, 0.7425474685661440644, 1.000000000000000000),
 ( 1.000000000000000000, 0.7575803416353890096, 1.000000000000000000),
 ( 1.000000000000000000, 0.7726976139991929005, 1.000000000000000000),
 ( 1.000000000000000000, 0.8017180761606430561, 1.000000000000000000),
 ( 1.000000000000000000, 0.8157608312601939415, 1.000000000000000000),
 ( 1.000000000000000000, 0.8362512015395410225, 1.000000000000000000),
 ( 1.000000000000000000, 0.8430100611307299596, 1.000000000000000000),
 ( 1.000000000000000000, 0.8560894244540100395, 1.000000000000000000),
 ( 1.000000000000000000, 0.8624403672849120239, 1.000000000000000000),
 ( 1.000000000000000000, 0.8809820985953460415, 1.000000000000000000),
 ( 1.000000000000000000, 0.8926656535060329967, 1.000000000000000000),
 ( 1.000000000000000000, 0.9148622398999439742, 1.000000000000000000),
 ( 1.000000000000000000, 0.9250316790793881028, 1.000000000000000000),
 ( 1.000000000000000000, 0.9391130261445570504, 1.000000000000000000),
 ( 1.000000000000000000, 0.9436095765121939039, 1.000000000000000000),
 ( 1.000000000000000000, 0.9522263116223259605, 1.000000000000000000),
 ( 1.000000000000000000, 0.9563635350269110713, 1.000000000000000000),
 ( 1.000000000000000000, 0.9680181395222460239, 1.000000000000000000),
 ( 1.000000000000000000, 0.9748405035968550347, 1.000000000000000000),
 ( 1.000000000000000000, 0.9837836556115520104, 1.000000000000000000),
 ( 1.000000000000000000, 0.9865481439547399978, 1.000000000000000000),
 ( 1.000000000000000000, 0.9903617326875240323, 1.000000000000000000),
 ( 1.000000000000000000, 0.9915787963443789543, 1.000000000000000000),
 ( 1.000000000000000000, 0.9938734720206219286, 1.000000000000000000),
 ( 1.000000000000000000, 0.9949554279142359681, 1.000000000000000000),
 ( 1.000000000000000000, 0.9959502448731120117, 1.000000000000000000) ) ) 
 REPRESENTATION_ITEM ( '' )  SURFACE ( )  );
#677 = AXIS2_PLACEMENT_3D ( 'NONE', #2030, #5627, #1592 ) ;
#678 = CARTESIAN_POINT ( 'NONE',  ( -6.369999999993000372, -32.89326045844189395, 20.67227652432920237 ) ) ;
#679 = AXIS2_PLACEMENT_3D ( 'NONE', #4628, #3780, #3683 ) ;
#680 = DIRECTION ( 'NONE',  ( -1.000000000000000000, 0.000000000000000000, 0.000000000000000000 ) ) ;
#681 = ORIENTED_EDGE ( 'NONE', *, *, #4004, .F. ) ;
#682 = DIRECTION ( 'NONE',  ( 1.000000000000000000, 0.000000000000000000, 0.000000000000000000 ) ) ;
#683 = ORIENTED_EDGE ( 'NONE', *, *, #4115, .F. ) ;
#684 = CARTESIAN_POINT ( 'NONE',  ( 38.12204242923164088, -6.369999712411015480, 26.30901128008096279 ) ) ;
#685 = CARTESIAN_POINT ( 'NONE',  ( 33.65098240251210626, 7.422966706695015127, -26.57898895306300346 ) ) ;
#686 = CARTESIAN_POINT ( 'NONE',  ( -33.19087801003109206, -6.963490966510242686, -26.21960423650369876 ) ) ;
#687 = CARTESIAN_POINT ( 'NONE',  ( 40.73535086367103730, 6.073955346542198264, 26.69193781511485497 ) ) ;
#688 = CARTESIAN_POINT ( 'NONE',  ( -39.80723392607569622, -6.370000000052989719, 26.69508090187209959 ) ) ;
#689 = ORIENTED_EDGE ( 'NONE', *, *, #3523, .T. ) ;
#690 = VERTEX_POINT ( 'NONE', #1771 ) ;
#691 = VECTOR ( 'NONE', #102, 1000.000000000000000 ) ;
#692 = CIRCLE ( 'NONE', #2477, 3.000000000000000444 ) ;
#693 = CARTESIAN_POINT ( 'NONE',  ( -4.954623790328019695, 39.31592603352515169, 26.31655242200480060 ) ) ;
#694 = CARTESIAN_POINT ( 'NONE',  ( -32.65449433079702146, 6.369999999995751061, -25.01896180677287873 ) ) ;
#695 = ORIENTED_EDGE ( 'NONE', *, *, #5656, .T. ) ;
#696 = AXIS2_PLACEMENT_3D ( 'NONE', #1331, #443, #4452 ) ;
#697 = CIRCLE ( 'NONE', #3974, 36.00000000000000000 ) ;
#698 =( GEOMETRIC_REPRESENTATION_CONTEXT ( 3 ) GLOBAL_UNCERTAINTY_ASSIGNED_CONTEXT ( ( #3826 ) ) GLOBAL_UNIT_ASSIGNED_CONTEXT ( ( #1185, #2884, #1637 ) ) REPRESENTATION_CONTEXT ( 'NONE', 'WORKASPACE' ) );
#699 = ORIENTED_EDGE ( 'NONE', *, *, #2408, .T. ) ;
#700 = CARTESIAN_POINT ( 'NONE',  ( -39.15495629822336809, 6.370337550969217943, 26.60069846545878036 ) ) ;
#701 = CARTESIAN_POINT ( 'NONE',  ( -41.04528918709564778, -5.903547014052090702, 26.72567671803259870 ) ) ;
#702 = CARTESIAN_POINT ( 'NONE',  ( 39.41073743264674079, 4.998061680289098696, 26.34501266740133474 ) ) ;
#703 = DIRECTION ( 'NONE',  ( 0.000000000000000000, 0.000000000000000000, -1.000000000000000000 ) ) ;
#704 = DIRECTION ( 'NONE',  ( 0.000000000000000000, 0.000000000000000000, 1.000000000000000000 ) ) ;
#705 = ADVANCED_FACE ( 'NONE', ( #305 ), #2153, .T. ) ;
#706 = CARTESIAN_POINT ( 'NONE',  ( -6.370000000000018758, 32.65449433079619723, -24.88947043419390681 ) ) ;
#707 = CARTESIAN_POINT ( 'NONE',  ( 6.369999913309225548, 35.77906949627692512, 25.05173465884201178 ) ) ;
#708 = CARTESIAN_POINT ( 'NONE',  ( -5.300951346056734792, 40.05425398177300877, 26.55145064127352583 ) ) ;
#709 = ORIENTED_EDGE ( 'NONE', *, *, #2745, .T. ) ;
#710 = EDGE_CURVE ( 'NONE', #2854, #1224, #2181, .T. ) ;
#711 = CARTESIAN_POINT ( 'NONE',  ( 7.422966706932433212, -33.65098240275693087, -26.57898895318972166 ) ) ;
#712 = CARTESIAN_POINT ( 'NONE',  ( 0.000000000000000000, 0.000000000000000000, 26.75000000000000000 ) ) ;
#713 = CALENDAR_DATE ( 2026, 29, 8 ) ;
#714 = CARTESIAN_POINT ( 'NONE',  ( -40.87658581193489482, 5.770700466176059251, 26.70867566345950195 ) ) ;
#715 = VERTEX_POINT ( 'NONE', #2129 ) ;
#716 = CARTESIAN_POINT ( 'NONE',  ( -50.16732543915724563, -3.666935421121977345, 48.25000000000000000 ) ) ;
#717 = CARTESIAN_POINT ( 'NONE',  ( -6.370000000000000107, 32.65449433079620434, -24.75000000000000000 ) ) ;
#718 = VECTOR ( 'NONE', #3654, 1000.000000000000000 ) ;
#719 = CARTESIAN_POINT ( 'NONE',  ( 6.369999664729238731, -36.92182410457760255, 25.78842467843118769 ) ) ;
#720 = CARTESIAN_POINT ( 'NONE',  ( 35.40797844743679690, 6.370000000285519270, 24.76512582818144992 ) ) ;
#721 = CARTESIAN_POINT ( 'NONE',  ( -40.46313664331800197, -5.993611879618882199, 26.64692192519078873 ) ) ;
#722 = ORIENTED_EDGE ( 'NONE', *, *, #4525, .F. ) ;
#723 = VERTEX_POINT ( 'NONE', #1744 ) ;
#724 = APPLICATION_CONTEXT ( 'configuration controlled 3d designs of mechanical parts and assemblies' ) ;
#725 = AXIS2_PLACEMENT_3D ( 'NONE', #1075, #3204, #3740 ) ;
#726 = CARTESIAN_POINT ( 'NONE',  ( -6.138674064776571626, 40.91146100686843567, 26.71358963244393081 ) ) ;
#727 = FACE_OUTER_BOUND ( 'NONE', #235, .T. ) ;
#728 = ORIENTED_EDGE ( 'NONE', *, *, #309, .F. ) ;
#729 = ORIENTED_EDGE ( 'NONE', *, *, #1604, .F. ) ;
#730 = CARTESIAN_POINT ( 'NONE',  ( -32.65449433079695041, 6.369999999995749285, 18.75000000000000000 ) ) ;
#731 = DIRECTION ( 'NONE',  ( 1.000000000000000000, 0.000000000000000000, 0.000000000000000000 ) ) ;
#732 = CARTESIAN_POINT ( 'NONE',  ( 39.99087934052641202, 5.269633337815095686, 26.53441642870657091 ) ) ;
#733 = CARTESIAN_POINT ( 'NONE',  ( -3.370805018344575021, 35.58500000000000085, 18.75000000000000000 ) ) ;
#734 = CARTESIAN_POINT ( 'NONE',  ( 4.216678765497453796, 37.53424505773647724, 25.18018020257402156 ) ) ;
#735 = VECTOR ( 'NONE', #1055, 1000.000000000000000 ) ;
#736 = CARTESIAN_POINT ( 'NONE',  ( 25.00000000000000000, 3.061616997868384620E-15, 26.75000000000000000 ) ) ;
#737 = CARTESIAN_POINT ( 'NONE',  ( 6.369896135782684432, 37.10128071509551262, 25.88452154903269076 ) ) ;
#738 = CARTESIAN_POINT ( 'NONE',  ( 36.35390986759937704, -3.747103206475791648, 23.69472138078808143 ) ) ;
#739 = EDGE_CURVE ( 'NONE', #1486, #4007, #2326, .T. ) ;
#740 = ORIENTED_EDGE ( 'NONE', *, *, #1170, .F. ) ;
#741 = CARTESIAN_POINT ( 'NONE',  ( -7.297600485941863724, -33.52181232271131250, -26.50314202642259076 ) ) ;
#742 = ADVANCED_FACE ( 'NONE', ( #4337 ), #5607, .F. ) ;
#743 = DIRECTION ( 'NONE',  ( -1.000000000000000000, -4.336808689942013792E-16, 0.000000000000000000 ) ) ;
#744 = ADVANCED_FACE ( 'NONE', ( #1219 ), #2104, .T. ) ;
#745 = LINE ( 'NONE', #297, #2483 ) ;
#746 = CARTESIAN_POINT ( 'NONE',  ( -34.00000000000000000, 0.000000000000000000, -32.47660000000000480 ) ) ;
#747 = ORIENTED_EDGE ( 'NONE', *, *, #2176, .F. ) ;
#748 = CARTESIAN_POINT ( 'NONE',  ( 36.11153134017524735, -6.369972515162246829, 25.29829317951075751 ) ) ;
#749 = CARTESIAN_POINT ( 'NONE',  ( 33.96535311702578497, 7.718143879540192209, -26.70527507049490268 ) ) ;
#750 = EDGE_CURVE ( 'NONE', #5315, #3919, #829, .T. ) ;
#751 =( BOUNDED_SURFACE ( )  B_SPLINE_SURFACE ( 3, 2, ( 
 ( #5107, #1933, #2371 ),
 ( #543, #5533, #5599 ),
 ( #2339, #4164, #4256 ),
 ( #1084, #3718, #5499 ) ),
 .UNSPECIFIED., .F., .F., .F. ) 
 B_SPLINE_SURFACE_WITH_KNOTS ( ( 4, 4 ),
 ( 3, 3 ),
 ( 0.01245777672655224051, 0.01339178868914856109 ),
 ( 0.000000000000000000, 1.000000000000000000 ),
 .UNSPECIFIED. ) 
 GEOMETRIC_REPRESENTATION_ITEM ( )  RATIONAL_B_SPLINE_SURFACE ( (
 ( 1.000000000000000000, 0.9959502448730259694, 1.000000000000000000),
 ( 1.000000000000000000, 0.9986434496490169677, 1.000000000000000000),
 ( 1.000000000000000000, 1.000002076451225852, 1.000000000000000000),
 ( 1.000000000000000000, 1.000000000000000000, 1.000000000000000000) ) ) 
 REPRESENTATION_ITEM ( '' )  SURFACE ( )  );
#752 = CARTESIAN_POINT ( 'NONE',  ( 6.369972350226945856, -36.20330891590013778, 25.35809932168501035 ) ) ;
#753 = DIRECTION ( 'NONE',  ( 0.000000000000000000, 0.000000000000000000, -1.000000000000000000 ) ) ;
#754 = CARTESIAN_POINT ( 'NONE',  ( -36.94834784636255876, -3.984032293523429580, 24.57658721908440214 ) ) ;
#755 = VERTEX_POINT ( 'NONE', #3559 ) ;
#756 = EDGE_LOOP ( 'NONE', ( #4623, #2657, #3013, #3888 ) ) ;
#758 = VERTEX_POINT ( 'NONE', #4801 ) ;
#757 = EDGE_CURVE ( 'NONE', #2893, #4805, #1691, .T. ) ;
#759 = CARTESIAN_POINT ( 'NONE',  ( -5.550584966304187517, 37.98639330361539379, 25.56066876211146166 ) ) ;
#760 = AXIS2_PLACEMENT_3D ( 'NONE', #3678, #1813, #2773 ) ;
#761 = AXIS2_PLACEMENT_3D ( 'NONE', #2888, #1418, #3265 ) ;
#762 = EDGE_LOOP ( 'NONE', ( #629, #2441, #2597, #1473, #1060, #3402 ) ) ;
#763 = CARTESIAN_POINT ( 'NONE',  ( 80.40000000000000568, 0.000000000000000000, 26.75000000000000000 ) ) ;
#764 = CIRCLE ( 'NONE', #5065, 3.000000000000002665 ) ;
#765 = FACE_OUTER_BOUND ( 'NONE', #4263, .T. ) ;
#766 = EDGE_CURVE ( 'NONE', #5688, #5016, #4107, .T. ) ;
#767 = CARTESIAN_POINT ( 'NONE',  ( 38.91484778035614056, 4.782653322245300487, 26.12343447320414924 ) ) ;
#768 = CARTESIAN_POINT ( 'NONE',  ( -40.33665143391569785, 41.02405378704104777, -26.75000000000000000 ) ) ;
#769 = CARTESIAN_POINT ( 'NONE',  ( 41.58500000000424279, -6.369999999997220108, 26.75000000000000000 ) ) ;
#770 = CARTESIAN_POINT ( 'NONE',  ( 6.369999591424733154, 35.76655626328361848, 25.04208069007308168 ) ) ;
#771 = CARTESIAN_POINT ( 'NONE',  ( 41.04528918710030183, -5.903547014037310525, 26.72567671803239620 ) ) ;
#772 = ORIENTED_EDGE ( 'NONE', *, *, #750, .F. ) ;
#773 = AXIS2_PLACEMENT_3D ( 'NONE', #3082, #4849, #330 ) ;
#774 = ADVANCED_FACE ( 'NONE', ( #786 ), #3039, .T. ) ;
#775 = CARTESIAN_POINT ( 'NONE',  ( -34.61571307857699509, -40.33665143391584706, -41.89999999999999858 ) ) ;
#776 = CARTESIAN_POINT ( 'NONE',  ( 67.43248878220538245, -4.383942465038343173, 26.75000000000000000 ) ) ;
#777 = AXIS2_PLACEMENT_3D ( 'NONE', #1591, #1018, #1051 ) ;
#778 = CARTESIAN_POINT ( 'NONE',  ( 6.370000000000000107, 35.58500000000000085, -26.75000000000000000 ) ) ;
#779 = AXIS2_PLACEMENT_3D ( 'NONE', #5071, #1562, #2875 ) ;
#780 = CARTESIAN_POINT ( 'NONE',  ( 0.000000000000000000, 0.000000000000000000, 26.75000000000000000 ) ) ;
#781 = ORIENTED_EDGE ( 'NONE', *, *, #4440, .F. ) ;
#782 = CIRCLE ( 'NONE', #3497, 36.00000000000000000 ) ;
#783 = CARTESIAN_POINT ( 'NONE',  ( 35.58500000000424279, -3.386891796948949818, 20.75000000000000000 ) ) ;
#784 = CARTESIAN_POINT ( 'NONE',  ( 32.74405667892633431, 6.475039420086881492, -25.39969425072789377 ) ) ;
#785 = CARTESIAN_POINT ( 'NONE',  ( -32.85038134175496793, -6.595769460637538550, -25.69267847169055230 ) ) ;
#786 = FACE_OUTER_BOUND ( 'NONE', #2921, .T. ) ;
#787 = CARTESIAN_POINT ( 'NONE',  ( -35.62149070494765368, -3.427024631728424975, 21.51063625525474876 ) ) ;
#788 = ORIENTED_EDGE ( 'NONE', *, *, #4950, .F. ) ;
#789 = ORIENTED_EDGE ( 'NONE', *, *, #2976, .F. ) ;
#790 = EDGE_LOOP ( 'NONE', ( #575, #5347 ) ) ;
#791 = CARTESIAN_POINT ( 'NONE',  ( -6.018802013293281128, 40.55461482426850495, 26.66347199710281046 ) ) ;
#792 = ORIENTED_EDGE ( 'NONE', *, *, #5694, .F. ) ;
#793 = CYLINDRICAL_SURFACE ( 'NONE', #5737, 34.00000000000000000 ) ;
#794 = CIRCLE ( 'NONE', #4626, 9.525000000000000355 ) ;
#795 = CARTESIAN_POINT ( 'NONE',  ( -35.58499999999724395, -3.378215731345534767, 20.41700341931174734 ) ) ;
#796 = CARTESIAN_POINT ( 'NONE',  ( 35.58500000000424279, -6.369999999997229878, -26.75000000000000000 ) ) ;
#797 = CARTESIAN_POINT ( 'NONE',  ( -6.370000009021938858, -36.97519818906982891, 25.81686561224647392 ) ) ;
#798 = CIRCLE ( 'NONE', #1261, 9.525000000000000355 ) ;
#799 = CARTESIAN_POINT ( 'NONE',  ( -5.036374650857143642, -39.49454378739253713, 26.37475678924990419 ) ) ;
#800 = DIRECTION ( 'NONE',  ( 0.000000000000000000, 0.000000000000000000, 1.000000000000000000 ) ) ;
#801 = CARTESIAN_POINT ( 'NONE',  ( 40.06467397811825037, -5.306135583029933045, 26.55419000325427348 ) ) ;
#802 = ORIENTED_EDGE ( 'NONE', *, *, #823, .F. ) ;
#803 = EDGE_CURVE ( 'NONE', #1255, #5696, #409, .T. ) ;
#804 = CIRCLE ( 'NONE', #3124, 46.10499999999999687 ) ;
#805 = CARTESIAN_POINT ( 'NONE',  ( -7.277032070055724056, -33.50091841736970366, -26.48920299142527313 ) ) ;
#806 = CARTESIAN_POINT ( 'NONE',  ( -3.370805018336475278, 35.58500000000000085, 19.08348030398610007 ) ) ;
#807 = CARTESIAN_POINT ( 'NONE',  ( -6.370000743983911029, 33.44795466679995144, 22.32023477930833621 ) ) ;
#808 = ORIENTED_EDGE ( 'NONE', *, *, #5234, .F. ) ;
#809 = CARTESIAN_POINT ( 'NONE',  ( -8.991085193482215132, -54.77446816760102166, 26.75000000000000000 ) ) ;
#810 = CARTESIAN_POINT ( 'NONE',  ( 6.369763218590853704, -35.03978667733804286, 24.42504327459581503 ) ) ;
#811 = CARTESIAN_POINT ( 'NONE',  ( 6.370000000006990071, 1.193324896542590027E-15, 26.75000000000000000 ) ) ;
#812 = CARTESIAN_POINT ( 'NONE',  ( -35.58065414160012097, -5.986062400810546080, 21.02108994157724808 ) ) ;
#813 = ORIENTED_EDGE ( 'NONE', *, *, #918, .F. ) ;
#814 = ORIENTED_EDGE ( 'NONE', *, *, #3115, .F. ) ;
#815 = EDGE_LOOP ( 'NONE', ( #5310, #3829, #416, #2459 ) ) ;
#816 = CARTESIAN_POINT ( 'NONE',  ( 46.10499999999999687, 5.646234067468869875E-15, 49.95000000000000284 ) ) ;
#817 = VERTEX_POINT ( 'NONE', #888 ) ;
#818 = CARTESIAN_POINT ( 'NONE',  ( -6.369999999993000372, -41.58500000000149299, 26.75000000000000000 ) ) ;
#819 = AXIS2_PLACEMENT_3D ( 'NONE', #4486, #1340, #5759 ) ;
#820 = CARTESIAN_POINT ( 'NONE',  ( 80.40000000000000568, 9.846160265144728946E-15, 48.25000000000000000 ) ) ;
#821 = CARTESIAN_POINT ( 'NONE',  ( -3.370805018337559744, -32.58500000000150010, -26.75000000000000000 ) ) ;
#822 = CARTESIAN_POINT ( 'NONE',  ( -6.369996921390376876, -38.06652036621701285, 26.28987092743796339 ) ) ;
#823 = EDGE_CURVE ( 'NONE', #4394, #4064, #2248, .T. ) ;
#824 = FACE_OUTER_BOUND ( 'NONE', #4172, .T. ) ;
#825 = CARTESIAN_POINT ( 'NONE',  ( 40.08196616553276215, -5.314761686851894318, 26.55869850155709244 ) ) ;
#826 = CARTESIAN_POINT ( 'NONE',  ( -41.75000000000000000, 5.112900386440199535E-15, -48.30079999999999529 ) ) ;
#827 = CARTESIAN_POINT ( 'NONE',  ( -6.369999999993000372, -32.65449433079750463, 18.75000000000000000 ) ) ;
#828 = CARTESIAN_POINT ( 'NONE',  ( 50.00000000000000000, -41.50000000000000000, -39.89999999999999858 ) ) ;
#829 = CIRCLE ( 'NONE', #535, 3.000000000000000000 ) ;
#830 = CARTESIAN_POINT ( 'NONE',  ( 33.02234269658909227, -6.369999999836329252, 21.18423187738834912 ) ) ;
#831 = EDGE_CURVE ( 'NONE', #5024, #3481, #655, .T. ) ;
#832 = ORIENTED_EDGE ( 'NONE', *, *, #4808, .F. ) ;
#833 = CARTESIAN_POINT ( 'NONE',  ( 6.369999921599727166, -33.97776080638195140, 23.12106442419528562 ) ) ;
#834 = LINE ( 'NONE', #4368, #4133 ) ;
#835 = CARTESIAN_POINT ( 'NONE',  ( 0.000000000000000000, 0.000000000000000000, 18.75000000000000000 ) ) ;
#836 = ORIENTED_EDGE ( 'NONE', *, *, #1542, .F. ) ;
#837 = ORIENTED_EDGE ( 'NONE', *, *, #5134, .F. ) ;
#838 = VERTEX_POINT ( 'NONE', #2677 ) ;
#839 = DIRECTION ( 'NONE',  ( -1.000000000000000000, 0.000000000000000000, 0.000000000000000000 ) ) ;
#840 = CARTESIAN_POINT ( 'NONE',  ( -37.78149716922884949, -6.369999980006628704, 26.19369667554697756 ) ) ;
#841 = EDGE_LOOP ( 'NONE', ( #2940, #4616, #5633, #1651, #1639, #1986, #3043, #1881, #4629, #2155, #1129, #2131, #2111, #2391, #5162, #2296 ) ) ;
#842 = DIRECTION ( 'NONE',  ( 0.000000000000000000, -1.000000000000000000, 0.000000000000000000 ) ) ;
#843 = DIRECTION ( 'NONE',  ( 0.000000000000000000, 0.000000000000000000, 1.000000000000000000 ) ) ;
#844 = CARTESIAN_POINT ( 'NONE',  ( 6.370000000000000107, 41.58499999999999375, 26.75000000000000000 ) ) ;
#845 = CYLINDRICAL_SURFACE ( 'NONE', #2461, 46.10499999999999687 ) ;
#846 = CARTESIAN_POINT ( 'NONE',  ( 35.58500000000424279, 6.092036909191349991, 20.67951872141311398 ) ) ;
#847 = CARTESIAN_POINT ( 'NONE',  ( -6.302097268775023409, -35.58500000000148589, 19.08069851385743831 ) ) ;
#848 = TOROIDAL_SURFACE ( 'NONE', #4413, 5.000000000000000000, 2.000000000000000000 ) ;
#849 = CARTESIAN_POINT ( 'NONE',  ( -6.369999999993000372, -32.65449433079755437, -24.75000000000000000 ) ) ;
#850 = CARTESIAN_POINT ( 'NONE',  ( 6.370000000000000107, 32.89326045844055102, 20.67227652432920237 ) ) ;
#851 = AXIS2_PLACEMENT_3D ( 'NONE', #4458, #2253, #2718 ) ;
#852 = CARTESIAN_POINT ( 'NONE',  ( 6.369999999742439911, -33.20207998356040235, 21.67598539905970156 ) ) ;
#853 = CARTESIAN_POINT ( 'NONE',  ( -6.370049987240670397, 38.46545669422269498, 26.41829814971346124 ) ) ;
#854 = CARTESIAN_POINT ( 'NONE',  ( 35.62149070495464542, -3.427024631719205239, 21.51063625525479850 ) ) ;
#855 = ORIENTED_EDGE ( 'NONE', *, *, #1068, .F. ) ;
#856 = CARTESIAN_POINT ( 'NONE',  ( 37.58500000000424990, -3.370805018341700432, -24.75000000000000000 ) ) ;
#857 = FACE_OUTER_BOUND ( 'NONE', #5102, .T. ) ;
#858 = FACE_BOUND ( 'NONE', #841, .T. ) ;
#859 = EDGE_LOOP ( 'NONE', ( #1574, #527 ) ) ;
#860 = AXIS2_PLACEMENT_3D ( 'NONE', #4863, #4428, #7 ) ;
#861 = EDGE_LOOP ( 'NONE', ( #253, #3428, #939, #5119 ) ) ;
#862 = VECTOR ( 'NONE', #5661, 1000.000000000000000 ) ;
#863 = DIRECTION ( 'NONE',  ( -1.000000000000000000, 2.508033941171289955E-16, 0.000000000000000000 ) ) ;
#864 = CARTESIAN_POINT ( 'NONE',  ( -33.98446675052093013, -6.369999642290351538, 23.13115111325283024 ) ) ;
#865 = ORIENTED_EDGE ( 'NONE', *, *, #2021, .T. ) ;
#866 = DIRECTION ( 'NONE',  ( -0.4976996996357238578, -0.8673494157388418335, 0.000000000000000000 ) ) ;
#867 = CARTESIAN_POINT ( 'NONE',  ( 32.67561422019385020, -6.369999999968259274, 19.41103761873880273 ) ) ;
#868 = DIRECTION ( 'NONE',  ( 1.000000000000000000, 0.000000000000000000, 0.000000000000000000 ) ) ;
#869 = DIRECTION ( 'NONE',  ( 1.000000000000000000, 0.000000000000000000, 0.000000000000000000 ) ) ;
#870 = CARTESIAN_POINT ( 'NONE',  ( 36.06042247735858552, 5.568025807429400231, 23.10848827329487065 ) ) ;
#871 = CARTESIAN_POINT ( 'NONE',  ( -3.370805018337559744, -32.58500000000150010, -24.75000000000000000 ) ) ;
#872 = CARTESIAN_POINT ( 'NONE',  ( 0.000000000000000000, 0.000000000000000000, 49.95000000000000284 ) ) ;
#873 = CARTESIAN_POINT ( 'NONE',  ( -5.532527689335235976, -36.21378689279952567, 23.44028736243577171 ) ) ;
#874 = AXIS2_PLACEMENT_3D ( 'NONE', #4081, #5442, #963 ) ;
#875 = DIRECTION ( 'NONE',  ( 0.9996607535004007339, 0.000000000000000000, -0.02604568891412250078 ) ) ;
#876 = CARTESIAN_POINT ( 'NONE',  ( -39.66196504640567611, -5.112913288973894410, 26.43417387861362045 ) ) ;
#877 = CARTESIAN_POINT ( 'NONE',  ( 35.58500000000424279, -3.370805018341700432, 18.75000000000000000 ) ) ;
#878 = DATE_AND_TIME ( #4438, #5722 ) ;
#879 = AXIS2_PLACEMENT_3D ( 'NONE', #4743, #4300, #2098 ) ;
#880 = CARTESIAN_POINT ( 'NONE',  ( -6.369999969632791803, 36.91716156472622146, 25.78593983174488713 ) ) ;
#881 = B_SPLINE_CURVE_WITH_KNOTS ( 'NONE', 3,
 ( #1653, #2609, #5219, #2990 ),
 .UNSPECIFIED., .F., .F.,
 ( 4, 4 ),
 ( 0.000000000000000000, 1.000000000000000000 ),
 .UNSPECIFIED. ) ;
#882 = EDGE_CURVE ( 'NONE', #2274, #5748, #2160, .T. ) ;
#883 = CARTESIAN_POINT ( 'NONE',  ( 8.991085193482261317, 54.77446816760112114, 48.25000000000000000 ) ) ;
#884 = DIRECTION ( 'NONE',  ( 0.9063077870366497146, -0.4226182617406998854, 0.000000000000000000 ) ) ;
#885 = ORIENTED_EDGE ( 'NONE', *, *, #4751, .T. ) ;
#886 = EDGE_CURVE ( 'NONE', #2133, #3614, #5090, .T. ) ;
#887 = PLANE ( 'NONE',  #4731 ) ;
#888 = CARTESIAN_POINT ( 'NONE',  ( 41.04528918709970498, 5.903547014042350050, 26.72567671803235001 ) ) ;
#889 = CARTESIAN_POINT ( 'NONE',  ( -41.50000000000000000, -41.50000000000000000, -26.75000000000000000 ) ) ;
#890 = ADVANCED_FACE ( 'NONE', ( #4499 ), #4964, .T. ) ;
#891 = ORIENTED_EDGE ( 'NONE', *, *, #3652, .F. ) ;
#892 = LINE ( 'NONE', #945, #185 ) ;
#893 = DIRECTION ( 'NONE',  ( 0.000000000000000000, 0.000000000000000000, -1.000000000000000000 ) ) ;
#894 = DIRECTION ( 'NONE',  ( 0.9063077870366497146, -0.4226182617406998854, 0.000000000000000000 ) ) ;
#895 = DIRECTION ( 'NONE',  ( -0.8673494157388549342, 0.4976996996357008207, 0.000000000000000000 ) ) ;
#896 = FACE_BOUND ( 'NONE', #3944, .T. ) ;
#897 = DIRECTION ( 'NONE',  ( 0.000000000000000000, 0.000000000000000000, -1.000000000000000000 ) ) ;
#898 = CARTESIAN_POINT ( 'NONE',  ( -35.58499999999724395, 3.370805018340395254, 19.41670979740765191 ) ) ;
#899 = LINE ( 'NONE', #2168, #5591 ) ;
#900 = CARTESIAN_POINT ( 'NONE',  ( -3.499309520436595378, -35.76352620304104590, 22.25081759592995212 ) ) ;
#901 = CARTESIAN_POINT ( 'NONE',  ( -5.708038033574202252, -39.12120481990760368, 26.23758184240637803 ) ) ;
#902 = CIRCLE ( 'NONE', #2040, 33.27000000000000313 ) ;
#903 = CARTESIAN_POINT ( 'NONE',  ( 3.893735784599114957, 36.72014354162394767, 24.28162700625280124 ) ) ;
#904 = CARTESIAN_POINT ( 'NONE',  ( -3.370805018344575021, 32.58500000000000085, 18.75000000000000000 ) ) ;
#905 = CARTESIAN_POINT ( 'NONE',  ( -7.682106874574464506, 33.92586667791188404, -26.69134322216602939 ) ) ;
#906 = CARTESIAN_POINT ( 'NONE',  ( 3.546150813976184590, -35.86854469885874863, 22.61134870958084875 ) ) ;
#907 = CALENDAR_DATE ( 2026, 29, 8 ) ;
#908 = CARTESIAN_POINT ( 'NONE',  ( -6.369999980038564935, 37.78149719265029916, 26.19369668348181079 ) ) ;
#909 = EDGE_CURVE ( 'NONE', #5131, #2969, #4473, .T. ) ;
#910 = DIRECTION ( 'NONE',  ( 9.366757429680381217E-16, -1.000000000000000000, 0.000000000000000000 ) ) ;
#911 = CARTESIAN_POINT ( 'NONE',  ( 36.42009448153049789, -3.773695274604584871, 23.80917560843009895 ) ) ;
#912 = ADVANCED_FACE ( 'NONE', ( #1002 ), #501, .T. ) ;
#913 = ORIENTED_EDGE ( 'NONE', *, *, #5175, .T. ) ;
#914 = DIRECTION ( 'NONE',  ( 0.000000000000000000, 0.000000000000000000, -1.000000000000000000 ) ) ;
#915 = CARTESIAN_POINT ( 'NONE',  ( 0.000000000000000000, 0.000000000000000000, -26.75000000000000000 ) ) ;
#916 = CARTESIAN_POINT ( 'NONE',  ( -32.73296161925272685, -6.370000000004259810, 20.03651244881902471 ) ) ;
#917 = ORIENTED_EDGE ( 'NONE', *, *, #3306, .T. ) ;
#918 = EDGE_CURVE ( 'NONE', #624, #1671, #423, .T. ) ;
#919 = DIRECTION ( 'NONE',  ( 0.000000000000000000, 0.000000000000000000, 1.000000000000000000 ) ) ;
#920 = CARTESIAN_POINT ( 'NONE',  ( -5.326807777629837481, -40.10601789001056972, 26.56489141849817770 ) ) ;
#921 = CARTESIAN_POINT ( 'NONE',  ( -36.94410026188882057, -6.369994849674453619, 25.80025259007492622 ) ) ;
#922 = DIRECTION ( 'NONE',  ( -1.000000000000000000, 0.000000000000000000, 0.000000000000000000 ) ) ;
#923 = CARTESIAN_POINT ( 'NONE',  ( 0.000000000000000000, 0.000000000000000000, 26.75000000000000000 ) ) ;
#924 = CARTESIAN_POINT ( 'NONE',  ( -33.45993728752579699, 7.236484936992370720, -26.46053645681100619 ) ) ;
#925 = CARTESIAN_POINT ( 'NONE',  ( 35.76352620304375307, 3.499309520445505139, 22.25081759592984909 ) ) ;
#926 = DIRECTION ( 'NONE',  ( 0.000000000000000000, 0.000000000000000000, -1.000000000000000000 ) ) ;
#927 = EDGE_CURVE ( 'NONE', #5705, #1065, #5479, .T. ) ;
#928 = CARTESIAN_POINT ( 'NONE',  ( 6.138674064776562744, 40.91146100686808040, 26.71358963244391305 ) ) ;
#929 = CARTESIAN_POINT ( 'NONE',  ( -5.922811532224818265, -40.18951802316126987, 26.59077587279939081 ) ) ;
#930 = CARTESIAN_POINT ( 'NONE',  ( 6.369999999852139716, 35.75443616475455144, 25.04805023947465159 ) ) ;
#931 = DIRECTION ( 'NONE',  ( 0.000000000000000000, 0.000000000000000000, 1.000000000000000000 ) ) ;
#932 = DIRECTION ( 'NONE',  ( 0.9063077870366496036, -0.4226182617407001074, 0.000000000000000000 ) ) ;
#933 = CARTESIAN_POINT ( 'NONE',  ( 3.499309520450080147, -35.76352620304124486, 22.25081759593099662 ) ) ;
#934 = VECTOR ( 'NONE', #1749, 1000.000000000000000 ) ;
#935 = CARTESIAN_POINT ( 'NONE',  ( -38.65472192921925654, -6.370108031328797438, 26.47219502395979873 ) ) ;
#936 = CARTESIAN_POINT ( 'NONE',  ( -3.370805018344575021, 35.58500000000000085, -24.75000000000000000 ) ) ;
#937 = CARTESIAN_POINT ( 'NONE',  ( 40.61505763569135041, -5.602407360467819508, 26.67175273582744666 ) ) ;
#938 = VECTOR ( 'NONE', #910, 1000.000000000000000 ) ;
#939 = ORIENTED_EDGE ( 'NONE', *, *, #1005, .T. ) ;
#940 = CARTESIAN_POINT ( 'NONE',  ( 0.000000000000000000, 0.000000000000000000, -48.30079999999999529 ) ) ;
#941 = CARTESIAN_POINT ( 'NONE',  ( -41.58107748232835377, -6.366603003322780729, 26.75000000000000000 ) ) ;
#942 = CARTESIAN_POINT ( 'NONE',  ( 3.370805018343395076, -35.58500000000150010, 19.08348030398610007 ) ) ;
#943 = ORIENTED_EDGE ( 'NONE', *, *, #1605, .F. ) ;
#944 = CIRCLE ( 'NONE', #375, 41.75000000000000000 ) ;
#945 = CARTESIAN_POINT ( 'NONE',  ( -37.58499999999724395, -41.50000000000000000, -26.75000000000000000 ) ) ;
#946 = CIRCLE ( 'NONE', #3400, 5.461000000000000298 ) ;
#947 = CARTESIAN_POINT ( 'NONE',  ( -5.227233341743239947, -39.90603005197377229, 26.51243585476665032 ) ) ;
#948 = APPROVAL_PERSON_ORGANIZATION ( #5609, #236, #3001 ) ;
#949 = CARTESIAN_POINT ( 'NONE',  ( -36.95973054332378638, -6.369988721142190613, 25.80848929602911568 ) ) ;
#950 = LINE ( 'NONE', #63, #1504 ) ;
#951 = CARTESIAN_POINT ( 'NONE',  ( 32.78761596261725231, -6.524845938237642251, -25.53515842574783079 ) ) ;
#952 = ADVANCED_FACE ( 'NONE', ( #1805 ), #525, .T. ) ;
#953 = EDGE_CURVE ( 'NONE', #4239, #1278, #5008, .T. ) ;
#954 = TOROIDAL_SURFACE ( 'NONE', #1998, 5.000000000000000000, 2.000000000000000000 ) ;
#955 = CARTESIAN_POINT ( 'NONE',  ( 52.00000000000000000, -41.50000000000000000, -41.89999999999999858 ) ) ;
#956 = CARTESIAN_POINT ( 'NONE',  ( -32.83638493829879934, 6.580314249553983252, -25.66126780100730187 ) ) ;
#957 = CARTESIAN_POINT ( 'NONE',  ( 34.45114492800445305, 6.369999999806379876, 23.76796895712579882 ) ) ;
#958 = CARTESIAN_POINT ( 'NONE',  ( -3.378215731435254998, -35.58500000000150010, 20.41700341930994611 ) ) ;
#959 = DIRECTION ( 'NONE',  ( -1.000000000000000000, 0.000000000000000000, 0.000000000000000000 ) ) ;
#960 = CARTESIAN_POINT ( 'NONE',  ( -6.369999999966649895, -37.62939739159465091, 26.12567189972024906 ) ) ;
#961 = CARTESIAN_POINT ( 'NONE',  ( 6.370000000229799397, 40.68426273359344947, 26.75000000003615241 ) ) ;
#962 = LINE ( 'NONE', #5785, #4795 ) ;
#963 = DIRECTION ( 'NONE',  ( -1.000000000000000000, 0.000000000000000000, 0.000000000000000000 ) ) ;
#964 = CARTESIAN_POINT ( 'NONE',  ( 5.730493809375482250, -35.72060367004608850, 22.07621144685320047 ) ) ;
#965 = EDGE_CURVE ( 'NONE', #4064, #2300, #4664, .T. ) ;
#966 = EDGE_LOOP ( 'NONE', ( #3368, #2050, #2821, #729, #1687, #1443 ) ) ;
#967 = AXIS2_PLACEMENT_3D ( 'NONE', #1594, #2527, #3281 ) ;
#968 = CARTESIAN_POINT ( 'NONE',  ( 0.000000000000000000, 0.000000000000000000, -48.30079999999999529 ) ) ;
#969 = CARTESIAN_POINT ( 'NONE',  ( 37.43558719850135219, -6.370000000078249514, 26.04233634654939777 ) ) ;
#970 = ORIENTED_EDGE ( 'NONE', *, *, #4032, .T. ) ;
#971 = AXIS2_PLACEMENT_3D ( 'NONE', #2709, #506, #4006 ) ;
#972 = CIRCLE ( 'NONE', #3975, 33.27000000000000313 ) ;
#973 = DIRECTION ( 'NONE',  ( 0.000000000000000000, 0.000000000000000000, 1.000000000000000000 ) ) ;
#974 = CARTESIAN_POINT ( 'NONE',  ( -35.58499999999724395, 3.370805018340395254, -26.75000000000000000 ) ) ;
#975 = CARTESIAN_POINT ( 'NONE',  ( -38.02191694328595162, 6.370000000022289832, 26.27692598701470317 ) ) ;
#976 = ORIENTED_EDGE ( 'NONE', *, *, #4973, .F. ) ;
#977 = CARTESIAN_POINT ( 'NONE',  ( 33.95521785356257283, -6.369999725255888201, 23.08691346381487719 ) ) ;
#978 = CARTESIAN_POINT ( 'NONE',  ( -41.50000000000000000, 41.50000000000000000, -28.75000000000000000 ) ) ;
#979 = CARTESIAN_POINT ( 'NONE',  ( -4.852982274163852416, -39.07849572028336382, 26.20138407288923332 ) ) ;
#980 = CARTESIAN_POINT ( 'NONE',  ( -37.96533773935286149, 4.389263163712628035, 25.53874199373185050 ) ) ;
#981 = CARTESIAN_POINT ( 'NONE',  ( 32.58500000000424990, -3.370805018341700432, 18.75000000000000000 ) ) ;
#982 = CARTESIAN_POINT ( 'NONE',  ( 33.16951099466166397, -6.941301945190439859, -26.19576061638799658 ) ) ;
#983 = CARTESIAN_POINT ( 'NONE',  ( -5.889510143160124223, 35.60577517269147307, 21.37782218919806709 ) ) ;
#984 = CARTESIAN_POINT ( 'NONE',  ( -33.47302330945610294, 7.249454672715328840, -26.46983623810417185 ) ) ;
#985 = CARTESIAN_POINT ( 'NONE',  ( -32.99576844332455750, 6.369999999995745732, 21.07883526531698948 ) ) ;
#986 = EDGE_CURVE ( 'NONE', #1109, #1951, #2634, .T. ) ;
#987 = DIRECTION ( 'NONE',  ( -1.000000000000000000, 0.000000000000000000, 0.000000000000000000 ) ) ;
#988 = DIRECTION ( 'NONE',  ( 0.000000000000000000, 0.000000000000000000, -1.000000000000000000 ) ) ;
#989 = ADVANCED_FACE ( 'NONE', ( #2959 ), #5758, .F. ) ;
#990 = CARTESIAN_POINT ( 'NONE',  ( 5.589676720313669911, 35.99114147750064063, 22.93803928294835615 ) ) ;
#991 = CARTESIAN_POINT ( 'NONE',  ( -40.02441970607949884, -5.286164085113139066, 26.54351016698458920 ) ) ;
#992 = CARTESIAN_POINT ( 'NONE',  ( -7.254049680404260236, 33.47754760993786505, -26.47315011429945031 ) ) ;
#993 = DIRECTION ( 'NONE',  ( -1.000000000000000000, 0.000000000000000000, 0.000000000000000000 ) ) ;
#994 = LINE ( 'NONE', #169, #2777 ) ;
#995 = VERTEX_POINT ( 'NONE', #730 ) ;
#996 = VECTOR ( 'NONE', #3969, 1000.000000000000000 ) ;
#997 = CARTESIAN_POINT ( 'NONE',  ( 6.370000000006816876, -32.65449433079485431, -24.88447125125121673 ) ) ;
#998 = CARTESIAN_POINT ( 'NONE',  ( 37.54458594253832615, -5.506903573094221294, 25.20875611328542476 ) ) ;
#999 = B_SPLINE_CURVE_WITH_KNOTS ( 'NONE', 3,
 ( #370, #3469, #4869, #5734 ),
 .UNSPECIFIED., .F., .F.,
 ( 4, 4 ),
 ( 0.000000000000000000, 0.002000064695065130200 ),
 .UNSPECIFIED. ) ;
#1000 = EDGE_LOOP ( 'NONE', ( #1201, #262, #247, #4248 ) ) ;
#1001 = CARTESIAN_POINT ( 'NONE',  ( -41.75000000000000000, 5.112900386440199535E-15, -41.89999999999999858 ) ) ;
#1002 = FACE_OUTER_BOUND ( 'NONE', #1039, .T. ) ;
#1003 = CARTESIAN_POINT ( 'NONE',  ( -36.07730396453970201, 3.634090523927240302, 23.13765668347865301 ) ) ;
#1004 = VERTEX_POINT ( 'NONE', #254 ) ;
#1005 = EDGE_CURVE ( 'NONE', #5705, #3757, #284, .T. ) ;
#1006 = CARTESIAN_POINT ( 'NONE',  ( -32.65449433079535879, -6.370000000004250040, 18.75000000000000000 ) ) ;
#1007 = FACE_OUTER_BOUND ( 'NONE', #5465, .T. ) ;
#1008 = CARTESIAN_POINT ( 'NONE',  ( -4.162481468097110060, -37.39777154134720405, 25.05162359113473158 ) ) ;
#1009 = CARTESIAN_POINT ( 'NONE',  ( -36.44950371269148093, 3.785535330296268430, 23.85849648119132382 ) ) ;
#1010 = CARTESIAN_POINT ( 'NONE',  ( -32.65449433079700015, 6.369999999995749285, 26.75000000000000000 ) ) ;
#1011 = CARTESIAN_POINT ( 'NONE',  ( 0.000000000000000000, 0.000000000000000000, 18.75000000000000000 ) ) ;
#1012 = CARTESIAN_POINT ( 'NONE',  ( -41.58499999999725105, -6.370000000004250040, 26.75000000000000000 ) ) ;
#1013 = CIRCLE ( 'NONE', #1767, 37.50000000000000000 ) ;
#1014 = PLANE ( 'NONE',  #4715 ) ;
#1015 = VERTEX_POINT ( 'NONE', #763 ) ;
#1016 = CARTESIAN_POINT ( 'NONE',  ( -33.96818730846354129, 6.369999995266338644, 23.10660678830289783 ) ) ;
#1017 = CARTESIAN_POINT ( 'NONE',  ( 3.370805018351494819, -35.58500000000145036, 20.75000000000000000 ) ) ;
#1018 = DIRECTION ( 'NONE',  ( 0.000000000000000000, -1.000000000000000000, 0.000000000000000000 ) ) ;
#1019 = CARTESIAN_POINT ( 'NONE',  ( 5.550584966304645818, 37.98639330361544353, 25.56066876211195549 ) ) ;
#1020 = CARTESIAN_POINT ( 'NONE',  ( 5.438342957476431039, 40.32204947831605324, 26.61578405269342795 ) ) ;
#1021 = CARTESIAN_POINT ( 'NONE',  ( -7.608560996905848306, 33.84691293920368338, -26.66481438510273350 ) ) ;
#1022 = CARTESIAN_POINT ( 'NONE',  ( 6.370000000262050044, -38.81793372241649820, 26.52378888772054921 ) ) ;
#1023 = CARTESIAN_POINT ( 'NONE',  ( 3.402283701989432085, -35.58500000000150010, 21.14383826453533288 ) ) ;
#1024 = ORIENTED_EDGE ( 'NONE', *, *, #1787, .F. ) ;
#1025 = DIRECTION ( 'NONE',  ( 1.000000000000000000, 6.505213034913020688E-16, 0.000000000000000000 ) ) ;
#1026 = CARTESIAN_POINT ( 'NONE',  ( 40.17680246839755398, -5.361047729720730182, 26.58517859900175040 ) ) ;
#1027 = AXIS2_PLACEMENT_3D ( 'NONE', #2800, #32, #3594 ) ;
#1028 = CIRCLE ( 'NONE', #1697, 82.65000000000000568 ) ;
#1029 = ORIENTED_EDGE ( 'NONE', *, *, #1221, .F. ) ;
#1030 = CARTESIAN_POINT ( 'NONE',  ( -52.00000000000000000, 41.50000000000000000, -39.89999999999999858 ) ) ;
#1031 = CARTESIAN_POINT ( 'NONE',  ( 37.50350103597309470, 6.369859693963690894, 26.07254005276563191 ) ) ;
#1032 = CARTESIAN_POINT ( 'NONE',  ( -36.29788994329619811, 5.518419796268970501, 23.60260554851885573 ) ) ;
#1033 = ORIENTED_EDGE ( 'NONE', *, *, #1104, .T. ) ;
#1034 = AXIS2_PLACEMENT_3D ( 'NONE', #258, #3720, #2062 ) ;
#1035 = CARTESIAN_POINT ( 'NONE',  ( 33.96335398164114849, -6.369999937094458886, 23.09928375365612041 ) ) ;
#1036 = CARTESIAN_POINT ( 'NONE',  ( 41.35195847424744642, 6.168188170252379976, 26.74649669316304923 ) ) ;
#1037 = CARTESIAN_POINT ( 'NONE',  ( -3.493261101556920156, -35.74179287267781291, 22.31050157329556072 ) ) ;
#1038 = CARTESIAN_POINT ( 'NONE',  ( 6.370000000007079777, -41.04419041187740191, 26.75000000000000000 ) ) ;
#1039 = EDGE_LOOP ( 'NONE', ( #3414, #4396, #1603, #5645 ) ) ;
#1040 = AXIS2_PLACEMENT_3D ( 'NONE', #2674, #5689, #3037 ) ;
#1041 = CARTESIAN_POINT ( 'NONE',  ( 32.66684598959462704, -6.384567555499901736, -24.99602526862075536 ) ) ;
#1042 = ADVANCED_FACE ( 'NONE', ( #2521 ), #793, .F. ) ;
#1043 = EDGE_LOOP ( 'NONE', ( #1237, #836, #891, #832 ) ) ;
#1044 = DIRECTION ( 'NONE',  ( 0.9063077870366497146, -0.4226182617406998854, 0.000000000000000000 ) ) ;
#1045 = LINE ( 'NONE', #5620, #206 ) ;
#1046 = VERTEX_POINT ( 'NONE', #665 ) ;
#1047 = AXIS2_PLACEMENT_3D ( 'NONE', #3825, #1941, #680 ) ;
#1048 = CARTESIAN_POINT ( 'NONE',  ( 35.79678614807392734, 6.369999997220791244, 25.06533687079318895 ) ) ;
#1049 = CIRCLE ( 'NONE', #4240, 5.461000000000000298 ) ;
#1050 = CARTESIAN_POINT ( 'NONE',  ( -40.87658581193409901, -5.770700466182720589, 26.70867566345939892 ) ) ;
#1051 = DIRECTION ( 'NONE',  ( 1.000000000000000000, 0.000000000000000000, 0.000000000000000000 ) ) ;
#1052 = FACE_OUTER_BOUND ( 'NONE', #187, .T. ) ;
#1053 = FACE_OUTER_BOUND ( 'NONE', #3381, .T. ) ;
#1054 = CARTESIAN_POINT ( 'NONE',  ( -6.417853777307128027, 32.69509622134624038, -25.19052758246336765 ) ) ;
#1055 = DIRECTION ( 'NONE',  ( 0.000000000000000000, 0.000000000000000000, 1.000000000000000000 ) ) ;
#1056 = CARTESIAN_POINT ( 'NONE',  ( -3.868174297565596831, 36.65634267441301830, 24.17701173873795994 ) ) ;
#1057 = ORIENTED_EDGE ( 'NONE', *, *, #4401, .T. ) ;
#1058 = CARTESIAN_POINT ( 'NONE',  ( 0.000000000000000000, 0.000000000000000000, -48.30079999999999529 ) ) ;
#1059 = LINE ( 'NONE', #4768, #5080 ) ;
#1060 = ORIENTED_EDGE ( 'NONE', *, *, #3948, .T. ) ;
#1061 = APPROVAL ( #3961, 'NON SPECIFICATO' ) ;
#1062 = CARTESIAN_POINT ( 'NONE',  ( -6.370000000000000107, 32.65449433079610486, 18.75000000000000000 ) ) ;
#1063 = CARTESIAN_POINT ( 'NONE',  ( -37.98639330361491773, 5.550584966300792011, 25.56066876211200167 ) ) ;
#1064 = CIRCLE ( 'NONE', #4358, 9.525000000000000355 ) ;
#1065 = VERTEX_POINT ( 'NONE', #1676 ) ;
#1066 = CARTESIAN_POINT ( 'NONE',  ( -40.77543378064719803, -6.370000000004250040, 26.75000000000000000 ) ) ;
#1067 = DIRECTION ( 'NONE',  ( 0.000000000000000000, 0.000000000000000000, -1.000000000000000000 ) ) ;
#1068 = EDGE_CURVE ( 'NONE', #1506, #2035, #692, .T. ) ;
#1069 = VECTOR ( 'NONE', #2382, 1000.000000000000000 ) ;
#1070 = EDGE_CURVE ( 'NONE', #3614, #3420, #3967, .T. ) ;
#1071 = CARTESIAN_POINT ( 'NONE',  ( 37.50000000000000000, 0.000000000000000000, -48.30079999999999529 ) ) ;
#1072 = CARTESIAN_POINT ( 'NONE',  ( 40.96267973623054814, 5.832443026314440004, 26.71821560258285189 ) ) ;
#1073 = CARTESIAN_POINT ( 'NONE',  ( 6.213682913123832030, -41.13373057025792434, 26.73769913456658642 ) ) ;
#1074 = ORIENTED_EDGE ( 'NONE', *, *, #3270, .T. ) ;
#1075 = CARTESIAN_POINT ( 'NONE',  ( -5.903547014042280772, 40.77543378064790147, 29.71351507704894956 ) ) ;
#1076 = VECTOR ( 'NONE', #2086, 1000.000000000000000 ) ;
#1077 = EDGE_LOOP ( 'NONE', ( #4611, #2679, #3537, #381 ) ) ;
#1078 = CARTESIAN_POINT ( 'NONE',  ( -6.369999999858399597, 34.91711289112039651, 24.28912300068914831 ) ) ;
#1079 = LINE ( 'NONE', #5064, #3772 ) ;
#1080 = ORIENTED_EDGE ( 'NONE', *, *, #3009, .F. ) ;
#1081 = ORIENTED_EDGE ( 'NONE', *, *, #1801, .T. ) ;
#1082 = CARTESIAN_POINT ( 'NONE',  ( 35.82379906154420723, 6.369999540483848754, 25.08594277409493500 ) ) ;
#1083 = CARTESIAN_POINT ( 'NONE',  ( 6.391459296784288924, 32.67266875911120394, -25.04908259886455113 ) ) ;
#1084 = CARTESIAN_POINT ( 'NONE',  ( 41.58500000000424279, 6.370000000002770335, 26.75000000000000000 ) ) ;
#1085 = CARTESIAN_POINT ( 'NONE',  ( -40.07671307857700072, -40.33665143391584706, -26.75000000000000000 ) ) ;
#1086 = CARTESIAN_POINT ( 'NONE',  ( -32.65449433079615460, 6.369999999995769713, 18.75000000000000000 ) ) ;
#1087 = LINE ( 'NONE', #4195, #594 ) ;
#1088 = CARTESIAN_POINT ( 'NONE',  ( 6.370000000000000107, 32.65449433079620434, -24.75000000000000000 ) ) ;
#1089 = CARTESIAN_POINT ( 'NONE',  ( 5.208072006351324390, -39.86387350051934675, 26.49799732407232966 ) ) ;
#1090 = ORIENTED_EDGE ( 'NONE', *, *, #757, .F. ) ;
#1091 = CARTESIAN_POINT ( 'NONE',  ( 8.053330544179450712, -34.33826971683615170, -26.75000000000000000 ) ) ;
#1092 = DIRECTION ( 'NONE',  ( -1.000000000000000000, 0.000000000000000000, 0.000000000000000000 ) ) ;
#1093 = ORIENTED_EDGE ( 'NONE', *, *, #5034, .T. ) ;
#1094 = CARTESIAN_POINT ( 'NONE',  ( -39.31592603352595461, 4.954623790327530308, 26.31655242200639933 ) ) ;
#1095 = EDGE_CURVE ( 'NONE', #3540, #4314, #1699, .T. ) ;
#1096 = ORIENTED_EDGE ( 'NONE', *, *, #5653, .F. ) ;
#1097 = EDGE_CURVE ( 'NONE', #110, #5233, #2945, .T. ) ;
#1098 = CARTESIAN_POINT ( 'NONE',  ( 38.14049373664518328, -6.370000000223639880, 26.31529224024393088 ) ) ;
#1099 = CARTESIAN_POINT ( 'NONE',  ( 41.57715496682195067, 6.363206001973039427, 26.74999615346959914 ) ) ;
#1100 = CARTESIAN_POINT ( 'NONE',  ( -4.847636732725017161, -39.06612111439791590, 26.19567475586393712 ) ) ;
#1101 = CARTESIAN_POINT ( 'NONE',  ( -45.79765143391569637, 41.02405378704104777, -41.89999999999999858 ) ) ;
#1102 = ORIENTED_EDGE ( 'NONE', *, *, #3472, .T. ) ;
#1103 = EDGE_CURVE ( 'NONE', #2958, #4752, #5623, .T. ) ;
#1104 = EDGE_CURVE ( 'NONE', #1951, #4995, #400, .T. ) ;
#1105 = ORIENTED_EDGE ( 'NONE', *, *, #1351, .F. ) ;
#1106 = CARTESIAN_POINT ( 'NONE',  ( -40.33665143391569785, 41.02405378704104777, -57.89999999999999858 ) ) ;
#1107 = CARTESIAN_POINT ( 'NONE',  ( -32.80290810620730468, 6.542277900086754805, -25.57695605883102630 ) ) ;
#1108 = EDGE_LOOP ( 'NONE', ( #1622, #772, #338, #3744 ) ) ;
#1109 = VERTEX_POINT ( 'NONE', #4425 ) ;
#1110 = CARTESIAN_POINT ( 'NONE',  ( -36.89459183353960015, 6.369999860301536643, 25.77386701918142009 ) ) ;
#1111 = DIRECTION ( 'NONE',  ( 1.000000000000000000, 5.446541525829849398E-16, 0.000000000000000000 ) ) ;
#1112 = CARTESIAN_POINT ( 'NONE',  ( 35.95906216973489933, 3.584246563434035249, 22.83756811855613833 ) ) ;
#1113 = CARTESIAN_POINT ( 'NONE',  ( 3.378215731341339900, 35.58500000000000085, 20.41700341931170115 ) ) ;
#1114 = DIRECTION ( 'NONE',  ( 1.000000000000000000, 0.000000000000000000, 0.000000000000000000 ) ) ;
#1115 = CARTESIAN_POINT ( 'NONE',  ( 41.22446196583070588, -6.057765550927389775, 26.74185923436019863 ) ) ;
#1116 = CARTESIAN_POINT ( 'NONE',  ( 5.769103640489582574, -39.47008758432395581, 26.38081540440295925 ) ) ;
#1117 = CARTESIAN_POINT ( 'NONE',  ( 3.868174297570314391, -36.65634267441213723, 24.17701173873456710 ) ) ;
#1118 = VERTEX_POINT ( 'NONE', #3148 ) ;
#1119 = FACE_OUTER_BOUND ( 'NONE', #5374, .T. ) ;
#1120 = CARTESIAN_POINT ( 'NONE',  ( 50.00000000000000000, 41.50000000000000000, -28.75000000000000000 ) ) ;
#1121 = ORIENTED_EDGE ( 'NONE', *, *, #2829, .T. ) ;
#1122 = DIRECTION ( 'NONE',  ( -7.493405943744300043E-16, 1.000000000000000000, 0.000000000000000000 ) ) ;
#1123 = ORIENTED_EDGE ( 'NONE', *, *, #1589, .F. ) ;
#1124 = DIRECTION ( 'NONE',  ( 5.446541525829849398E-16, -1.000000000000000000, 0.000000000000000000 ) ) ;
#1125 = CARTESIAN_POINT ( 'NONE',  ( 33.07476169683395995, 6.841553273335068575, -26.07891719765410699 ) ) ;
#1126 = CARTESIAN_POINT ( 'NONE',  ( -32.80134968336663093, -6.540503893201577768, -25.57277579986238791 ) ) ;
#1127 = CARTESIAN_POINT ( 'NONE',  ( 36.48654928224269867, 6.370000000151069486, 25.55346655363729980 ) ) ;
#1128 = CARTESIAN_POINT ( 'NONE',  ( -39.31592603352535065, -4.954623790335620726, 26.31655242200614708 ) ) ;
#1129 = ORIENTED_EDGE ( 'NONE', *, *, #5101, .T. ) ;
#1130 = AXIS2_PLACEMENT_3D ( 'NONE', #4206, #1067, #620 ) ;
#1131 = VERTEX_POINT ( 'NONE', #4481 ) ;
#1132 = CARTESIAN_POINT ( 'NONE',  ( -4.541667107481989873, 38.33870111827925342, 25.79931481396194926 ) ) ;
#1133 = CARTESIAN_POINT ( 'NONE',  ( 6.016165986346070582, -41.17598386478680084, 26.73640032031060088 ) ) ;
#1134 = VERTEX_POINT ( 'NONE', #3569 ) ;
#1135 = ORIENTED_EDGE ( 'NONE', *, *, #4706, .T. ) ;
#1136 = DIRECTION ( 'NONE',  ( 0.000000000000000000, 0.000000000000000000, 1.000000000000000000 ) ) ;
#1137 = ADVANCED_FACE ( 'NONE', ( #1303 ), #4578, .T. ) ;
#1138 = CARTESIAN_POINT ( 'NONE',  ( 6.535808399125934365, 32.79722429725011068, -25.56171077592500396 ) ) ;
#1139 = CARTESIAN_POINT ( 'NONE',  ( -58.79990711068137443, 0.3585035219582123345, 5.100000000000000533 ) ) ;
#1140 = FACE_OUTER_BOUND ( 'NONE', #2987, .T. ) ;
#1141 = CARTESIAN_POINT ( 'NONE',  ( -32.67561422019520023, 6.369999999966739601, 19.41103761873850075 ) ) ;
#1142 = LINE ( 'NONE', #4321, #1161 ) ;
#1143 = CARTESIAN_POINT ( 'NONE',  ( 6.369986962792087759, 36.64608768634418823, 25.63496663550762733 ) ) ;
#1144 = AXIS2_PLACEMENT_3D ( 'NONE', #3247, #4666, #3278 ) ;
#1145 = CARTESIAN_POINT ( 'NONE',  ( 39.06612111439215340, -4.847636732724144970, 26.19567475585999006 ) ) ;
#1146 = ORIENTED_EDGE ( 'NONE', *, *, #168, .F. ) ;
#1147 = TOROIDAL_SURFACE ( 'NONE', #1423, 8.500000000000000000, 2.000000000000000000 ) ;
#1148 = CARTESIAN_POINT ( 'NONE',  ( 3.370805018351494819, -37.58500000000145036, -26.75000000000000000 ) ) ;
#1149 = AXIS2_PLACEMENT_3D ( 'NONE', #3841, #1617, #5188 ) ;
#1150 = CARTESIAN_POINT ( 'NONE',  ( 0.000000000000000000, 0.000000000000000000, 26.75000000000000000 ) ) ;
#1151 = DIRECTION ( 'NONE',  ( 0.000000000000000000, 1.000000000000000000, 0.000000000000000000 ) ) ;
#1152 = CARTESIAN_POINT ( 'NONE',  ( -40.39678599096755818, 6.369999999931080126, 26.74181602621385068 ) ) ;
#1153 = EDGE_LOOP ( 'NONE', ( #2452, #519, #74 ) ) ;
#1154 = DIRECTION ( 'NONE',  ( 0.000000000000000000, 0.000000000000000000, -1.000000000000000000 ) ) ;
#1155 = CARTESIAN_POINT ( 'NONE',  ( 33.21566898468676499, 6.989437728766330515, -26.24748135181616604 ) ) ;
#1156 = CARTESIAN_POINT ( 'NONE',  ( 6.369859693949336155, -37.50350101708436767, 26.07254004455182184 ) ) ;
#1157 = CARTESIAN_POINT ( 'NONE',  ( 40.29886942666979621, 6.370000000026659670, 26.73672580134610044 ) ) ;
#1158 = CARTESIAN_POINT ( 'NONE',  ( -35.58499999999724395, -3.401644651199405178, 21.12748665268869885 ) ) ;
#1159 = ORIENTED_EDGE ( 'NONE', *, *, #4865, .T. ) ;
#1160 = ORIENTED_EDGE ( 'NONE', *, *, #2429, .T. ) ;
#1161 = VECTOR ( 'NONE', #610, 1000.000000000000000 ) ;
#1162 = CARTESIAN_POINT ( 'NONE',  ( -32.65449433079695041, 6.369999999995749285, 18.75000000000000000 ) ) ;
#1163 = EDGE_CURVE ( 'NONE', #2577, #2816, #265, .T. ) ;
#1164 = DIRECTION ( 'NONE',  ( 5.446541525829849398E-16, -1.000000000000000000, 0.000000000000000000 ) ) ;
#1165 = ORIENTED_EDGE ( 'NONE', *, *, #1577, .T. ) ;
#1166 = ADVANCED_FACE ( 'NONE', ( #391 ), #2795, .F. ) ;
#1167 = CIRCLE ( 'NONE', #971, 2.000000000000001776 ) ;
#1168 = VERTEX_POINT ( 'NONE', #33 ) ;
#1169 = CARTESIAN_POINT ( 'NONE',  ( -37.52377277834323621, 6.369883270138851472, 26.07952928477437737 ) ) ;
#1170 = EDGE_CURVE ( 'NONE', #252, #1517, #5045, .T. ) ;
#1171 = CARTESIAN_POINT ( 'NONE',  ( 41.58500000000424279, 6.370000000002770335, 26.75000000000000000 ) ) ;
#1172 = CARTESIAN_POINT ( 'NONE',  ( 3.369524627567229924, 35.58500000000000085, 20.08342989349679897 ) ) ;
#1173 = PRODUCT_RELATED_PRODUCT_CATEGORY ( 'detail', '', ( #1369 ) ) ;
#1174 = CARTESIAN_POINT ( 'NONE',  ( -6.369806505951427056, -35.05247021184379719, 24.42511928284520906 ) ) ;
#1175 = EDGE_CURVE ( 'NONE', #5261, #538, #1013, .T. ) ;
#1176 = CARTESIAN_POINT ( 'NONE',  ( 4.389263163680370283, 37.96533773927122724, 25.53874199366807218 ) ) ;
#1177 = DIRECTION ( 'NONE',  ( 0.000000000000000000, 0.000000000000000000, -1.000000000000000000 ) ) ;
#1178 = CARTESIAN_POINT ( 'NONE',  ( 6.370000067436099478, 35.94298496259813902, 25.17744825785061735 ) ) ;
#1179 = CARTESIAN_POINT ( 'NONE',  ( 36.75982490543076864, -3.909517845215742415, 24.33635961230161726 ) ) ;
#1180 = ORIENTED_EDGE ( 'NONE', *, *, #3138, .F. ) ;
#1181 = EDGE_CURVE ( 'NONE', #1004, #2535, #4310, .T. ) ;
#1182 = ADVANCED_FACE ( 'NONE', ( #5753 ), #4400, .F. ) ;
#1183 = CARTESIAN_POINT ( 'NONE',  ( -7.213546516003884967, -33.43685879517176573, -26.44356725825632992 ) ) ;
#1184 = CARTESIAN_POINT ( 'NONE',  ( 50.00000000000000000, -41.50000000000000000, -26.75000000000000000 ) ) ;
#1185 =( LENGTH_UNIT ( ) NAMED_UNIT ( * ) SI_UNIT ( .MILLI., .METRE. ) );
#1186 = ADVANCED_FACE ( 'NONE', ( #5 ), #5686, .T. ) ;
#1187 = DIRECTION ( 'NONE',  ( 1.000000000000000000, 0.000000000000000000, 0.000000000000000000 ) ) ;
#1188 = ORIENTED_EDGE ( 'NONE', *, *, #2519, .T. ) ;
#1189 = FACE_OUTER_BOUND ( 'NONE', #3733, .T. ) ;
#1190 = CARTESIAN_POINT ( 'NONE',  ( 33.25371515052820826, 7.028732457318359828, -26.28672350705414829 ) ) ;
#1191 = AXIS2_PLACEMENT_3D ( 'NONE', #1833, #2298, #4087 ) ;
#1192 = CARTESIAN_POINT ( 'NONE',  ( 6.369971228131829477, -36.48373801760696011, 25.54109605820671192 ) ) ;
#1193 = CARTESIAN_POINT ( 'NONE',  ( 36.86086500839105184, 6.369999999840570304, 25.76815908326724980 ) ) ;
#1194 = CARTESIAN_POINT ( 'NONE',  ( -35.72060367004193182, -5.730493809374579861, 22.07621144685276349 ) ) ;
#1195 = VERTEX_POINT ( 'NONE', #1727 ) ;
#1196 = EDGE_CURVE ( 'NONE', #4270, #5024, #4563, .T. ) ;
#1197 = EDGE_LOOP ( 'NONE', ( #2409, #4529, #2977, #5089 ) ) ;
#1198 = AXIS2_PLACEMENT_3D ( 'NONE', #871, #926, #4045 ) ;
#1199 = CARTESIAN_POINT ( 'NONE',  ( -5.922811532232549858, 40.18951802315903166, 26.59077587279793775 ) ) ;
#1200 = EDGE_CURVE ( 'NONE', #5776, #3254, #4070, .T. ) ;
#1201 = ORIENTED_EDGE ( 'NONE', *, *, #3160, .F. ) ;
#1202 = CARTESIAN_POINT ( 'NONE',  ( -40.43335048210455085, 6.369999999995762607, 26.75000000000000711 ) ) ;
#1203 = CARTESIAN_POINT ( 'NONE',  ( -35.58499999999724395, -3.374767283366875148, 20.08371539900699787 ) ) ;
#1204 = CARTESIAN_POINT ( 'NONE',  ( 39.23603880539937450, 4.920942984710677592, 26.27465337358276898 ) ) ;
#1205 = CARTESIAN_POINT ( 'NONE',  ( -6.369999999922383083, -36.91887349856251888, 25.78685244775462237 ) ) ;
#1206 = CARTESIAN_POINT ( 'NONE',  ( -41.22446196583305067, 6.057765550921589970, 26.74185923436089851 ) ) ;
#1207 = CARTESIAN_POINT ( 'NONE',  ( 6.369951085425940462, 37.80860065969743999, 26.19518044444801674 ) ) ;
#1208 = CARTESIAN_POINT ( 'NONE',  ( 39.07849572029207508, -4.852982274169464816, 26.20138407289200089 ) ) ;
#1209 = ORIENTED_EDGE ( 'NONE', *, *, #555, .F. ) ;
#1210 = CARTESIAN_POINT ( 'NONE',  ( -6.558878452281125426, -32.81750310096857248, -25.61475566104968848 ) ) ;
#1211 = CARTESIAN_POINT ( 'NONE',  ( 50.00000000000000000, 41.50000000000000000, -41.89999999999999858 ) ) ;
#1212 =( BOUNDED_SURFACE ( )  B_SPLINE_SURFACE ( 3, 2, ( 
 ( #505, #1837, #5222 ),
 ( #1206, #1778, #4943 ),
 ( #5249, #2992, #4505 ),
 ( #2590, #2276, #4787 ) ),
 .UNSPECIFIED., .F., .F., .T. ) 
 B_SPLINE_SURFACE_WITH_KNOTS ( ( 4, 4 ),
 ( 3, 3 ),
 ( 0.01245777672656160108, 0.01339178868914854027 ),
 ( 0.000000000000000000, 1.000000000000000000 ),
 .UNSPECIFIED. ) 
 GEOMETRIC_REPRESENTATION_ITEM ( )  RATIONAL_B_SPLINE_SURFACE ( (
 ( 1.000000000000000000, 0.9959502448731070157, 1.000000000000000000),
 ( 1.000000000000000000, 0.9986434496490440571, 1.000000000000000000),
 ( 1.000000000000000000, 1.000002076451227850, 1.000000000000000000),
 ( 1.000000000000000000, 1.000000000000000000, 1.000000000000000000) ) ) 
 REPRESENTATION_ITEM ( '' )  SURFACE ( )  );
#1213 = PERSON_AND_ORGANIZATION_ROLE ( 'design_owner' ) ;
#1214 = FACE_OUTER_BOUND ( 'NONE', #2108, .T. ) ;
#1215 = ORIENTED_EDGE ( 'NONE', *, *, #1068, .T. ) ;
#1216 = CARTESIAN_POINT ( 'NONE',  ( 36.06042247735959450, -5.568025807424501927, 23.10848827329550303 ) ) ;
#1217 = CARTESIAN_POINT ( 'NONE',  ( 33.42711027023652548, 7.203844140872386781, -26.43624449958706180 ) ) ;
#1218 = CARTESIAN_POINT ( 'NONE',  ( -32.69787889181363738, -6.421108230635126368, -25.20507300223310310 ) ) ;
#1219 = FACE_OUTER_BOUND ( 'NONE', #1619, .T. ) ;
#1220 = CARTESIAN_POINT ( 'NONE',  ( -36.29788994329610574, -5.518419796278560163, 23.60260554851761583 ) ) ;
#1221 = EDGE_CURVE ( 'NONE', #5590, #2009, #3243, .T. ) ;
#1222 = EDGE_LOOP ( 'NONE', ( #3714, #299 ) ) ;
#1223 = VERTEX_POINT ( 'NONE', #4509 ) ;
#1224 = VERTEX_POINT ( 'NONE', #3095 ) ;
#1225 = DIRECTION ( 'NONE',  ( 0.8673494157388538239, -0.4976996996357030412, 0.000000000000000000 ) ) ;
#1226 = VECTOR ( 'NONE', #3712, 1000.000000000000000 ) ;
#1227 = ADVANCED_FACE ( 'NONE', ( #480 ), #4885, .F. ) ;
#1228 = VERTEX_POINT ( 'NONE', #2219 ) ;
#1229 = CARTESIAN_POINT ( 'NONE',  ( -36.90693365952069627, 6.369999963573446777, 25.78047849094520316 ) ) ;
#1230 = CIRCLE ( 'NONE', #2720, 2.999999999999999112 ) ;
#1231 = CARTESIAN_POINT ( 'NONE',  ( 32.58500000000424990, -3.370805018341700432, -26.75000000000000000 ) ) ;
#1232 = CARTESIAN_POINT ( 'NONE',  ( -41.50000000000000000, 52.00000000000000000, -28.75000000000000000 ) ) ;
#1233 = FACE_OUTER_BOUND ( 'NONE', #5482, .T. ) ;
#1234 = CARTESIAN_POINT ( 'NONE',  ( -5.718981702490038010, -40.80587310405137202, 26.70155037086787786 ) ) ;
#1235 = CARTESIAN_POINT ( 'NONE',  ( 6.369999464996820571, 36.87001198493596377, 25.76062993302862836 ) ) ;
#1236 = CARTESIAN_POINT ( 'NONE',  ( 40.94111886504522602, -5.813884986730156079, 26.71626826910692287 ) ) ;
#1237 = ORIENTED_EDGE ( 'NONE', *, *, #555, .T. ) ;
#1238 = CIRCLE ( 'NONE', #3017, 46.10499999999999687 ) ;
#1239 = CARTESIAN_POINT ( 'NONE',  ( -6.858584051367552448, -33.09016077855014970, -26.10710608468209415 ) ) ;
#1240 = FACE_OUTER_BOUND ( 'NONE', #4779, .T. ) ;
#1241 = CIRCLE ( 'NONE', #2926, 3.000000000000000444 ) ;
#1242 = AXIS2_PLACEMENT_3D ( 'NONE', #4286, #4635, #608 ) ;
#1243 = CARTESIAN_POINT ( 'NONE',  ( -40.96267973622715175, 5.832443026313909762, 26.71821560258320361 ) ) ;
#1244 = ORIENTED_EDGE ( 'NONE', *, *, #4917, .F. ) ;
#1245 = AXIS2_PLACEMENT_3D ( 'NONE', #1370, #2748, #4541 ) ;
#1246 = CARTESIAN_POINT ( 'NONE',  ( 0.000000000000000000, 0.000000000000000000, 49.95000000000000284 ) ) ;
#1247 = CARTESIAN_POINT ( 'NONE',  ( 6.370302795737267765, -40.03833620572584095, 26.72899508868934859 ) ) ;
#1248 = CARTESIAN_POINT ( 'NONE',  ( 0.000000000000000000, 0.000000000000000000, -48.30079999999999529 ) ) ;
#1249 = CARTESIAN_POINT ( 'NONE',  ( -37.27482891462011594, -5.489327076811113315, 24.94815917564071839 ) ) ;
#1250 = ORIENTED_EDGE ( 'NONE', *, *, #2548, .F. ) ;
#1251 = ORIENTED_EDGE ( 'NONE', *, *, #1095, .F. ) ;
#1252 = ORIENTED_EDGE ( 'NONE', *, *, #1181, .F. ) ;
#1253 = EDGE_CURVE ( 'NONE', #1195, #3254, #3448, .T. ) ;
#1254 = CARTESIAN_POINT ( 'NONE',  ( -6.370000000229829595, 40.68426273359305156, 26.75000000003615241 ) ) ;
#1255 = VERTEX_POINT ( 'NONE', #186 ) ;
#1256 = DIRECTION ( 'NONE',  ( 1.000000000000000000, 8.360113137237628665E-17, 0.000000000000000000 ) ) ;
#1257 = AXIS2_PLACEMENT_3D ( 'NONE', #2599, #4938, #1743 ) ;
#1258 = CARTESIAN_POINT ( 'NONE',  ( -32.65449433079700015, 6.369999999995749285, -24.75000000000000000 ) ) ;
#1259 = DIRECTION ( 'NONE',  ( 0.000000000000000000, 0.000000000000000000, -1.000000000000000000 ) ) ;
#1260 = CARTESIAN_POINT ( 'NONE',  ( -6.370000302682676363, -34.18490945406318104, 23.43412838182019797 ) ) ;
#1261 = AXIS2_PLACEMENT_3D ( 'NONE', #2764, #4530, #2856 ) ;
#1262 = CARTESIAN_POINT ( 'NONE',  ( 6.369874706341807524, 33.50116788171328608, 22.30854536033640656 ) ) ;
#1263 = CARTESIAN_POINT ( 'NONE',  ( -4.834553989599142731, 39.03578488197504726, 26.18154001752958848 ) ) ;
#1264 = CARTESIAN_POINT ( 'NONE',  ( -6.957907863845316676, -33.18542774640865645, -26.21364665208188072 ) ) ;
#1265 = DIRECTION ( 'NONE',  ( 0.000000000000000000, 0.000000000000000000, 1.000000000000000000 ) ) ;
#1266 = LINE ( 'NONE', #2202, #5004 ) ;
#1267 = DIRECTION ( 'NONE',  ( 1.000000000000000000, 0.000000000000000000, 0.000000000000000000 ) ) ;
#1268 = ORIENTED_EDGE ( 'NONE', *, *, #5549, .T. ) ;
#1269 = EDGE_CURVE ( 'NONE', #2133, #2009, #902, .T. ) ;
#1270 = CARTESIAN_POINT ( 'NONE',  ( 6.370000744066837584, -33.44795466757447855, 22.32023478050275500 ) ) ;
#1271 = DIRECTION ( 'NONE',  ( -1.000000000000000000, 0.000000000000000000, 0.000000000000000000 ) ) ;
#1272 = FACE_OUTER_BOUND ( 'NONE', #3068, .T. ) ;
#1273 = ORIENTED_EDGE ( 'NONE', *, *, #114, .F. ) ;
#1274 = ORIENTED_EDGE ( 'NONE', *, *, #3730, .F. ) ;
#1275 =( BOUNDED_SURFACE ( )  B_SPLINE_SURFACE ( 3, 2, ( 
 ( #783, #1321, #1716 ),
 ( #4412, #5235, #830 ),
 ( #854, #2569, #3503 ),
 ( #2204, #5340, #3993 ),
 ( #4023, #3108, #4468 ),
 ( #1768, #434, #3556 ),
 ( #2238, #1216, #3005 ),
 ( #4364, #3914, #1442 ),
 ( #911, #51, #5476 ),
 ( #553, #2321, #2789 ),
 ( #1883, #4935, #3585 ),
 ( #522, #5417, #4112 ),
 ( #3136, #998, #4496 ),
 ( #1854, #4582, #969 ),
 ( #2380, #5447, #2701 ),
 ( #3192, #3223, #4990 ),
 ( #462, #3257, #2267 ),
 ( #1381, #4058, #3162 ),
 ( #2762, #22, #4554 ),
 ( #1026, #1830, #4961 ),
 ( #3666, #3613, #5393 ),
 ( #937, #5368, #76 ),
 ( #2350, #2819, #3699 ),
 ( #3636, #5019, #4143 ),
 ( #4084, #1356, #2732 ),
 ( #108, #4528, #1911 ) ),
 .UNSPECIFIED., .F., .F., .F. ) 
 B_SPLINE_SURFACE_WITH_KNOTS ( ( 4, 2, 2, 2, 2, 2, 2, 2, 2, 2, 2, 2, 4 ),
 ( 3, 3 ),
 ( 0.005213381595401500243, 0.006908200393194760362, 0.008603019190988020481, 0.009450428589884650107, 0.01029783798878127973, 0.01199265678657453899, 0.01368747558436779997, 0.01453488498326444001, 0.01538229438216105055, 0.01707711317995435144, 0.01792452257885095157, 0.01834822727829929848, 0.01877193197774760028 ),
 ( 0.000000000000000000, 1.000000000000000000 ),
 .UNSPECIFIED. ) 
 GEOMETRIC_REPRESENTATION_ITEM ( )  RATIONAL_B_SPLINE_SURFACE ( (
 ( 1.000000000000000000, 0.7425474685653750129, 1.000000000000000000),
 ( 1.000000000000000000, 0.7575803416349420338, 1.000000000000000000),
 ( 1.000000000000000000, 0.7726976139980529235, 1.000000000000000000),
 ( 1.000000000000000000, 0.8017180761604310035, 1.000000000000000000),
 ( 1.000000000000000000, 0.8157608312593209732, 1.000000000000000000),
 ( 1.000000000000000000, 0.8362512015390370923, 1.000000000000000000),
 ( 1.000000000000000000, 0.8430100611299879976, 1.000000000000000000),
 ( 1.000000000000000000, 0.8560894244535769415, 1.000000000000000000),
 ( 1.000000000000000000, 0.8624403672844170865, 1.000000000000000000),
 ( 1.000000000000000000, 0.8809820985947000027, 1.000000000000000000),
 ( 1.000000000000000000, 0.8926656535053889563, 1.000000000000000000),
 ( 1.000000000000000000, 0.9148622398996689720, 1.000000000000000000),
 ( 1.000000000000000000, 0.9250316790791520694, 1.000000000000000000),
 ( 1.000000000000000000, 0.9391130261441250626, 1.000000000000000000),
 ( 1.000000000000000000, 0.9436095765118449608, 1.000000000000000000),
 ( 1.000000000000000000, 0.9522263116220349710, 1.000000000000000000),
 ( 1.000000000000000000, 0.9563635350265939916, 1.000000000000000000),
 ( 1.000000000000000000, 0.9680181395220649465, 1.000000000000000000),
 ( 1.000000000000000000, 0.9748405035966229981, 1.000000000000000000),
 ( 1.000000000000000000, 0.9837836556114090136, 1.000000000000000000),
 ( 1.000000000000000000, 0.9865481439545710218, 1.000000000000000000),
 ( 1.000000000000000000, 0.9903617326874240012, 1.000000000000000000),
 ( 1.000000000000000000, 0.9915787963442659336, 1.000000000000000000),
 ( 1.000000000000000000, 0.9938734720205399942, 1.000000000000000000),
 ( 1.000000000000000000, 0.9949554279141509250, 1.000000000000000000),
 ( 1.000000000000000000, 0.9959502448730399582, 1.000000000000000000) ) ) 
 REPRESENTATION_ITEM ( '' )  SURFACE ( )  );
#1276 = ORIENTED_EDGE ( 'NONE', *, *, #3577, .T. ) ;
#1277 = DIRECTION ( 'NONE',  ( -1.000000000000000000, 0.000000000000000000, 0.000000000000000000 ) ) ;
#1278 = VERTEX_POINT ( 'NONE', #4155 ) ;
#1279 = DIRECTION ( 'NONE',  ( 0.000000000000000000, 0.000000000000000000, -1.000000000000000000 ) ) ;
#1280 = CYLINDRICAL_SURFACE ( 'NONE', #3599, 9.524999999999998579 ) ;
#1281 = LINE ( 'NONE', #3846, #3295 ) ;
#1282 = DIRECTION ( 'NONE',  ( -1.000000000000000000, 0.000000000000000000, 0.000000000000000000 ) ) ;
#1283 = CARTESIAN_POINT ( 'NONE',  ( -50.00000000000000000, 41.50000000000000000, -41.89999999999999858 ) ) ;
#1284 = CARTESIAN_POINT ( 'NONE',  ( -3.386891796944889954, -35.58500000000150010, 20.75000000000000000 ) ) ;
#1285 = B_SPLINE_CURVE_WITH_KNOTS ( 'NONE', 3,
 ( #333, #5264, #1247, #1578, #2573, #5237, #4800, #5690, #5152, #4367, #3452, #1609, #2128, #3424, #4716, #2484, #1156, #244, #3835, #5615, #3916, #3392, #2951, #4747, #719, #2511, #2075, #3864, #5641, #5210, #1192, #752, #2541, #4336, #304, #2103, #5666, #3010, #1719, #5767, #25, #810, #3558, #1293, #2240, #4851, #2180, #4025, #4415, #1770, #5343, #833, #1383, #1270, #3532, #5371 ),
 .UNSPECIFIED., .F., .F.,
 ( 4, 2, 2, 2, 1, 1, 1, 1, 2, 2, 2, 2, 2, 1, 1, 1, 1, 2, 2, 2, 2, 1, 1, 1, 2, 2, 2, 2, 2, 1, 1, 1, 2, 2, 4 ),
 ( 0.000000000000000000, 0.1250000000007932821, 0.1875000000011899370, 0.2187500000013875012, 0.2343750000014861723, 0.2421875000015355217, 0.2460937500015601964, 0.2480468750015717705, 0.2490234375015774604, 0.2500000000015831225, 0.3125000000018826052, 0.3437500000020325963, 0.3593750000021092572, 0.3671875000021480595, 0.3710937500021652125, 0.3730468750021718738, 0.3740234375021752600, 0.3745117187521748159, 0.3750000000021743163, 0.4375000000020113355, 0.4687500000019300672, 0.4843750000018889335, 0.4921875000018686719, 0.4960937500018576252, 0.4980468750018512414, 0.5000000000018447466, 0.6250000000013974377, 0.6875000000011741719, 0.7187500000010624834, 0.7343750000010061951, 0.7421875000009781065, 0.7460937500009635626, 0.7480468750009567902, 0.7500000000009499068, 1.000000000000000000 ),
 .UNSPECIFIED. ) ;
#1286 = CARTESIAN_POINT ( 'NONE',  ( -7.236484937398111050, -33.45993728794041289, -26.46053645711018731 ) ) ;
#1287 = CARTESIAN_POINT ( 'NONE',  ( -6.369999999970950455, 32.67561422019554840, 19.41103761873895195 ) ) ;
#1288 = CARTESIAN_POINT ( 'NONE',  ( 52.00000000000000000, -41.50000000000000000, -28.75000000000000000 ) ) ;
#1289 = DIRECTION ( 'NONE',  ( -1.000000000000000000, 3.552713678800500140E-15, 0.000000000000000000 ) ) ;
#1290 = AXIS2_PLACEMENT_3D ( 'NONE', #3086, #5344, #3062 ) ;
#1291 = DIRECTION ( 'NONE',  ( -1.224646799147353947E-16, 1.000000000000000000, 0.000000000000000000 ) ) ;
#1292 = ORIENTED_EDGE ( 'NONE', *, *, #4435, .T. ) ;
#1293 = CARTESIAN_POINT ( 'NONE',  ( 6.369818228042749553, -34.44964732906262839, 23.76497593512493012 ) ) ;
#1294 = CARTESIAN_POINT ( 'NONE',  ( -25.50118145901929978, 3.260766789730454628E-15, -34.72660000000000480 ) ) ;
#1295 = DIRECTION ( 'NONE',  ( 0.000000000000000000, -1.000000000000000000, 0.000000000000000000 ) ) ;
#1296 = ORIENTED_EDGE ( 'NONE', *, *, #1742, .T. ) ;
#1297 = ORIENTED_EDGE ( 'NONE', *, *, #953, .T. ) ;
#1298 = ORIENTED_EDGE ( 'NONE', *, *, #5726, .F. ) ;
#1299 = CYLINDRICAL_SURFACE ( 'NONE', #3855, 9.525000000000005684 ) ;
#1300 = ADVANCED_FACE ( 'NONE', ( #5031, #598 ), #3305, .T. ) ;
#1301 = CARTESIAN_POINT ( 'NONE',  ( -36.91625570418649716, -6.369999993819543072, 25.78545671787302851 ) ) ;
#1302 = ORIENTED_EDGE ( 'NONE', *, *, #4326, .F. ) ;
#1303 = FACE_OUTER_BOUND ( 'NONE', #1917, .T. ) ;
#1304 = ADVANCED_FACE ( 'NONE', ( #4181, #1424 ), #3624, .T. ) ;
#1305 = CARTESIAN_POINT ( 'NONE',  ( -32.67561422019470285, -6.369999999975179961, 19.41103761873810285 ) ) ;
#1306 = DIRECTION ( 'NONE',  ( 0.000000000000000000, -0.9996607535003967371, -0.02604568891427284927 ) ) ;
#1307 = CARTESIAN_POINT ( 'NONE',  ( -45.79765143391569637, 41.02405378704104777, -26.75000000000000000 ) ) ;
#1308 = EDGE_CURVE ( 'NONE', #2423, #4597, #2221, .T. ) ;
#1309 = CARTESIAN_POINT ( 'NONE',  ( -58.79990711068137443, 0.3585035219582123345, 48.25000000000000000 ) ) ;
#1310 = CARTESIAN_POINT ( 'NONE',  ( 6.153964580365617998, -35.58500000000152141, 20.37052769473394420 ) ) ;
#1311 = AXIS2_PLACEMENT_3D ( 'NONE', #1106, #4184, #1898 ) ;
#1312 = CARTESIAN_POINT ( 'NONE',  ( -6.092036909178044191, -35.58500000000152141, 20.67951872141223291 ) ) ;
#1313 = CARTESIAN_POINT ( 'NONE',  ( -4.672740176724490269, -38.65505634857215256, 25.98922386612805013 ) ) ;
#1314 = FACE_OUTER_BOUND ( 'NONE', #2620, .T. ) ;
#1315 = CARTESIAN_POINT ( 'NONE',  ( 33.31660378643096720, 7.092815810190650438, -26.34521660552201183 ) ) ;
#1316 = CARTESIAN_POINT ( 'NONE',  ( -6.369999999993000372, -40.77543378064900281, 26.75000000000000000 ) ) ;
#1317 = AXIS2_PLACEMENT_3D ( 'NONE', #3462, #3901, #5700 ) ;
#1318 = CARTESIAN_POINT ( 'NONE',  ( -6.369973683878188631, 36.99433018789221705, 25.82660672849064554 ) ) ;
#1319 = CARTESIAN_POINT ( 'NONE',  ( 0.000000000000000000, 0.000000000000000000, -32.47660000000000480 ) ) ;
#1320 = AXIS2_PLACEMENT_3D ( 'NONE', #5429, #3174, #2332 ) ;
#1321 = CARTESIAN_POINT ( 'NONE',  ( 35.58500000000428543, -6.092036909184994187, 20.67951872141286174 ) ) ;
#1322 = ORIENTED_EDGE ( 'NONE', *, *, #168, .T. ) ;
#1323 = CARTESIAN_POINT ( 'NONE',  ( -41.50000000000000000, 50.00000000000000000, -41.89999999999999858 ) ) ;
#1324 = DIRECTION ( 'NONE',  ( 0.000000000000000000, 0.000000000000000000, 1.000000000000000000 ) ) ;
#1325 = CARTESIAN_POINT ( 'NONE',  ( 41.50000000000000000, 52.00000000000000000, -28.75000000000000000 ) ) ;
#1326 = VERTEX_POINT ( 'NONE', #2305 ) ;
#1327 = CONICAL_SURFACE ( 'NONE', #4609, 80.40000000000000568, 0.7853981633974405074 ) ;
#1328 = ORIENTED_EDGE ( 'NONE', *, *, #1589, .T. ) ;
#1329 = CARTESIAN_POINT ( 'NONE',  ( 6.370000000006999841, -32.89326045843935020, 20.67227652432984897 ) ) ;
#1330 = CARTESIAN_POINT ( 'NONE',  ( 41.50000000000000000, -52.00000000000000000, -39.89999999999999858 ) ) ;
#1331 = CARTESIAN_POINT ( 'NONE',  ( -40.07671307857700072, -40.33665143391584706, -41.89999999999999858 ) ) ;
#1332 = ORIENTED_EDGE ( 'NONE', *, *, #2644, .T. ) ;
#1333 = CARTESIAN_POINT ( 'NONE',  ( -6.213682913117303031, -41.13373057025794566, 26.73769913456236935 ) ) ;
#1334 = CARTESIAN_POINT ( 'NONE',  ( 6.072609891980850882, 41.24132100174844595, 26.74014897528940082 ) ) ;
#1335 = EDGE_CURVE ( 'NONE', #5727, #4838, #5575, .T. ) ;
#1336 = CARTESIAN_POINT ( 'NONE',  ( -32.80978859874058884, 6.550105786392539819, -25.59493229896375510 ) ) ;
#1337 =( BOUNDED_SURFACE ( )  B_SPLINE_SURFACE ( 3, 2, ( 
 ( #658, #1955, #3239 ),
 ( #2455, #5491, #5063 ),
 ( #3206, #5032, #5130 ),
 ( #157, #2802, #1012 ) ),
 .UNSPECIFIED., .F., .F., .F. ) 
 B_SPLINE_SURFACE_WITH_KNOTS ( ( 4, 4 ),
 ( 3, 3 ),
 ( 0.01245777672656006065, 0.01339178868914854027 ),
 ( 0.000000000000000000, 1.000000000000000000 ),
 .UNSPECIFIED. ) 
 GEOMETRIC_REPRESENTATION_ITEM ( )  RATIONAL_B_SPLINE_SURFACE ( (
 ( 1.000000000000000000, 0.9959502448730940261, 1.000000000000000000),
 ( 1.000000000000000000, 0.9986434496490410595, 1.000000000000000000),
 ( 1.000000000000000000, 1.000002076451225852, 1.000000000000000000),
 ( 1.000000000000000000, 1.000000000000000000, 1.000000000000000000) ) ) 
 REPRESENTATION_ITEM ( '' )  SURFACE ( )  );
#1338 = CARTESIAN_POINT ( 'NONE',  ( -35.58499999999724395, 3.370805018340395254, 18.75000000000000000 ) ) ;
#1339 = EDGE_CURVE ( 'NONE', #5103, #1506, #3182, .T. ) ;
#1340 = DIRECTION ( 'NONE',  ( 0.000000000000000000, 0.000000000000000000, -1.000000000000000000 ) ) ;
#1341 = EDGE_CURVE ( 'NONE', #641, #3964, #994, .T. ) ;
#1342 = CARTESIAN_POINT ( 'NONE',  ( -5.665588989255946117, -35.80766466816189819, 22.42176019486775118 ) ) ;
#1343 = CARTESIAN_POINT ( 'NONE',  ( -6.369999999865660456, -38.22156841374650327, 26.34507798675659629 ) ) ;
#1344 = AXIS2_PLACEMENT_3D ( 'NONE', #397, #2614, #1736 ) ;
#1345 = CARTESIAN_POINT ( 'NONE',  ( 6.018802013292996911, 40.55461482426796493, 26.66347199710304139 ) ) ;
#1346 = CARTESIAN_POINT ( 'NONE',  ( -38.77464472270253282, -4.722982776771673663, 26.05245766245917949 ) ) ;
#1347 = CARTESIAN_POINT ( 'NONE',  ( -6.635904795526142763, 32.88631998533845291, -25.77045946695647061 ) ) ;
#1348 = CARTESIAN_POINT ( 'NONE',  ( -41.50000000000000000, 52.00000000000000000, -28.75000000000000000 ) ) ;
#1349 = PERSON_AND_ORGANIZATION ( #4234, #2280 ) ;
#1350 = AXIS2_PLACEMENT_3D ( 'NONE', #3303, #216, #2863 ) ;
#1351 = EDGE_CURVE ( 'NONE', #359, #4188, #151, .T. ) ;
#1352 = CARTESIAN_POINT ( 'NONE',  ( -6.370000178062266372, 35.38863082276525773, 24.75222993456760889 ) ) ;
#1353 = ADVANCED_FACE ( 'NONE', ( #1566 ), #1845, .F. ) ;
#1354 = APPLICATION_CONTEXT ( 'configuration controlled 3d designs of mechanical parts and assemblies' ) ;
#1355 = CARTESIAN_POINT ( 'NONE',  ( 6.780348930047860989, -33.01742109739721087, -25.99904522650293259 ) ) ;
#1356 = CARTESIAN_POINT ( 'NONE',  ( 40.82503573059786106, -6.103803483883074144, 26.70391456698581578 ) ) ;
#1357 = EDGE_LOOP ( 'NONE', ( #813, #3867, #5528, #5595 ) ) ;
#1358 = CARTESIAN_POINT ( 'NONE',  ( 0.000000000000000000, 0.000000000000000000, -41.89999999999999858 ) ) ;
#1359 = CARTESIAN_POINT ( 'NONE',  ( 38.36997326426927657, 6.370024200775036505, 26.38988076458388932 ) ) ;
#1360 = DIRECTION ( 'NONE',  ( 1.000000000000000000, 0.000000000000000000, 0.000000000000000000 ) ) ;
#1361 = ORIENTED_EDGE ( 'NONE', *, *, #1608, .T. ) ;
#1362 = DIRECTION ( 'NONE',  ( 0.000000000000000000, 0.000000000000000000, 1.000000000000000000 ) ) ;
#1363 = CARTESIAN_POINT ( 'NONE',  ( -4.877231632295253583, -39.13449499848049129, 26.22686747169142762 ) ) ;
#1364 = EDGE_CURVE ( 'NONE', #4024, #1195, #1598, .T. ) ;
#1365 = CARTESIAN_POINT ( 'NONE',  ( -40.94111886505253750, 5.813884986740987415, 26.71626826910829777 ) ) ;
#1366 = DIRECTION ( 'NONE',  ( 0.000000000000000000, 0.000000000000000000, 1.000000000000000000 ) ) ;
#1367 = CARTESIAN_POINT ( 'NONE',  ( -6.292069547962463538, -41.36003397524354597, 26.74999999999950973 ) ) ;
#1368 = DIRECTION ( 'NONE',  ( 0.000000000000000000, 0.000000000000000000, -1.000000000000000000 ) ) ;
#1369 = PRODUCT ( 'componente valvola', 'componente valvola', '', ( #5229 ) ) ;
#1370 = CARTESIAN_POINT ( 'NONE',  ( -32.58499999999725105, 3.386891796948224620, 20.75000000000000000 ) ) ;
#1371 = CARTESIAN_POINT ( 'NONE',  ( 35.58500000000424279, -6.369999999997229878, 20.75000000000000000 ) ) ;
#1372 = CARTESIAN_POINT ( 'NONE',  ( -41.50000000000000000, 41.50000000000000000, -39.89999999999999858 ) ) ;
#1373 = DIRECTION ( 'NONE',  ( -1.672022627447524747E-16, 1.000000000000000000, 0.000000000000000000 ) ) ;
#1374 = CARTESIAN_POINT ( 'NONE',  ( -6.370000000222809433, -40.68426273359415291, 26.75000000003615241 ) ) ;
#1375 = CARTESIAN_POINT ( 'NONE',  ( 6.369999999872629104, 38.22156841374739855, 26.34507798675719670 ) ) ;
#1376 = DIRECTION ( 'NONE',  ( 0.000000000000000000, 0.000000000000000000, -1.000000000000000000 ) ) ;
#1377 = DIRECTION ( 'NONE',  ( 0.000000000000000000, 0.000000000000000000, -1.000000000000000000 ) ) ;
#1378 = CARTESIAN_POINT ( 'NONE',  ( 3.386891796958674927, -35.58500000000150010, 20.75000000000000000 ) ) ;
#1379 = CARTESIAN_POINT ( 'NONE',  ( -6.369999921593824332, 33.97776080640765173, 23.12106442423239372 ) ) ;
#1380 = DIRECTION ( 'NONE',  ( 1.000000000000000000, 0.000000000000000000, 0.000000000000000000 ) ) ;
#1381 = CARTESIAN_POINT ( 'NONE',  ( 39.31592603352725490, -4.954623790324200527, 26.31655242200389822 ) ) ;
#1382 = VERTEX_POINT ( 'NONE', #5682 ) ;
#1383 = CARTESIAN_POINT ( 'NONE',  ( 6.369999994193886295, -33.97517106988578206, 23.11716226110154082 ) ) ;
#1384 = CARTESIAN_POINT ( 'NONE',  ( 37.78149718046303462, 6.369999980024972253, 26.19369667935314183 ) ) ;
#1385 = EDGE_CURVE ( 'NONE', #2398, #3420, #2497, .T. ) ;
#1386 = DIRECTION ( 'NONE',  ( 0.000000000000000000, 0.000000000000000000, 1.000000000000000000 ) ) ;
#1387 = ORIENTED_EDGE ( 'NONE', *, *, #528, .T. ) ;
#1388 = CARTESIAN_POINT ( 'NONE',  ( 8.991085193482261317, 54.77446816760112114, 5.100000000000000533 ) ) ;
#1389 = EDGE_CURVE ( 'NONE', #723, #4418, #899, .T. ) ;
#1390 = CARTESIAN_POINT ( 'NONE',  ( -5.568764890772097687, -40.55804532883333735, 26.66205224415417163 ) ) ;
#1391 = CARTESIAN_POINT ( 'NONE',  ( -40.80587310407723578, 5.718981702518866506, 26.70155037087181782 ) ) ;
#1392 = ORIENTED_EDGE ( 'NONE', *, *, #4886, .F. ) ;
#1393 = CARTESIAN_POINT ( 'NONE',  ( 32.79362012023973705, -6.531700477615918210, -25.55188582275533449 ) ) ;
#1394 = CYLINDRICAL_SURFACE ( 'NONE', #2360, 2.000000000000001776 ) ;
#1395 = CARTESIAN_POINT ( 'NONE',  ( -33.01413214784504646, 6.777207036182167244, -25.99917477107095465 ) ) ;
#1396 = EDGE_CURVE ( 'NONE', #358, #2412, #4385, .T. ) ;
#1397 = CARTESIAN_POINT ( 'NONE',  ( 34.30215350257725504, 6.370000000070460189, 23.58057077360255249 ) ) ;
#1398 = CARTESIAN_POINT ( 'NONE',  ( -6.302097268887282944, -35.58500000000144325, 18.74999999999995737 ) ) ;
#1399 = B_SPLINE_CURVE_WITH_KNOTS ( 'NONE', 3,
 ( #4437, #1826, #4019, #877 ),
 .UNSPECIFIED., .F., .F.,
 ( 4, 4 ),
 ( 0.000000000000000000, 0.002000064695065119792 ),
 .UNSPECIFIED. ) ;
#1400 = FACE_OUTER_BOUND ( 'NONE', #2492, .T. ) ;
#1401 = CARTESIAN_POINT ( 'NONE',  ( -6.370000000189589784, -34.75834689509520103, 24.12179555331509917 ) ) ;
#1402 = CARTESIAN_POINT ( 'NONE',  ( 5.993611879612907423, 40.46313664331914595, 26.64692192519045477 ) ) ;
#1403 = CARTESIAN_POINT ( 'NONE',  ( 0.000000000000000000, 0.000000000000000000, 48.25000000000000000 ) ) ;
#1404 = CARTESIAN_POINT ( 'NONE',  ( -7.165216699994252814, 33.38812430916179608, -26.40706076358635812 ) ) ;
#1405 = CARTESIAN_POINT ( 'NONE',  ( 5.889510143168312339, -35.60577517269496184, 21.37782218919629784 ) ) ;
#1406 = CIRCLE ( 'NONE', #459, 80.40000000000000568 ) ;
#1407 = AXIS2_PLACEMENT_3D ( 'NONE', #915, #2241, #4993 ) ;
#1408 = DIRECTION ( 'NONE',  ( 0.000000000000000000, 1.000000000000000000, 0.000000000000000000 ) ) ;
#1409 = CARTESIAN_POINT ( 'NONE',  ( 37.58500000000420016, 3.370805018347220017, -26.75000000000000000 ) ) ;
#1410 = AXIS2_PLACEMENT_3D ( 'NONE', #1319, #4960, #2673 ) ;
#1411 = EDGE_LOOP ( 'NONE', ( #2834, #4533, #5545, #5241 ) ) ;
#1412 = DIRECTION ( 'NONE',  ( 0.000000000000000000, 0.000000000000000000, 1.000000000000000000 ) ) ;
#1413 = CARTESIAN_POINT ( 'NONE',  ( -41.46260784174059921, -6.264005567917259931, 26.74977149653825137 ) ) ;
#1414 = CARTESIAN_POINT ( 'NONE',  ( -34.75834689509314757, 6.370000000192599821, 24.12179555331415415 ) ) ;
#1415 = ORIENTED_EDGE ( 'NONE', *, *, #5712, .F. ) ;
#1416 = AXIS2_PLACEMENT_3D ( 'NONE', #4380, #5703, #4406 ) ;
#1417 = CARTESIAN_POINT ( 'NONE',  ( 33.85937047288652479, -6.369989591968711728, 22.93800182825651746 ) ) ;
#1418 = DIRECTION ( 'NONE',  ( 5.446541525829849398E-16, -1.000000000000000000, 0.000000000000000000 ) ) ;
#1419 = AXIS2_PLACEMENT_3D ( 'NONE', #2687, #2633, #3597 ) ;
#1420 = CARTESIAN_POINT ( 'NONE',  ( -3.370805018337555303, -37.58500000000150010, -26.75000000000000000 ) ) ;
#1421 = CARTESIAN_POINT ( 'NONE',  ( -38.15164813283300305, -6.370000031109642080, 26.31906620748178582 ) ) ;
#1422 = CARTESIAN_POINT ( 'NONE',  ( 41.28399214237990122, -40.07671307857690124, -26.75000000000000000 ) ) ;
#1423 = AXIS2_PLACEMENT_3D ( 'NONE', #1762, #371, #2172 ) ;
#1424 = FACE_OUTER_BOUND ( 'NONE', #82, .T. ) ;
#1425 = ADVANCED_FACE ( 'NONE', ( #2284 ), #4937, .F. ) ;
#1426 = VECTOR ( 'NONE', #4185, 1000.000000000000000 ) ;
#1427 = CARTESIAN_POINT ( 'NONE',  ( 6.016165986339539806, 41.17598386478594819, 26.73640032031060088 ) ) ;
#1428 = CARTESIAN_POINT ( 'NONE',  ( -33.87249722465347901, 7.632029182494864727, -26.67370309186039279 ) ) ;
#1429 = CARTESIAN_POINT ( 'NONE',  ( 33.98446675051520316, 6.369999642288611597, 23.13115111324373530 ) ) ;
#1430 = DIRECTION ( 'NONE',  ( 0.000000000000000000, 0.000000000000000000, -1.000000000000000000 ) ) ;
#1431 = PLANE ( 'NONE',  #1991 ) ;
#1432 = CARTESIAN_POINT ( 'NONE',  ( 6.369999999838530158, 36.86086500839039815, 25.76815908326734927 ) ) ;
#1433 = DIRECTION ( 'NONE',  ( 0.000000000000000000, 0.000000000000000000, 1.000000000000000000 ) ) ;
#1434 = CARTESIAN_POINT ( 'NONE',  ( -7.965590484972985053, 34.23856314552314473, -26.75000000000000355 ) ) ;
#1435 = CARTESIAN_POINT ( 'NONE',  ( 6.370000000031019738, -40.29886942666909988, 26.73672580134615018 ) ) ;
#1436 = CARTESIAN_POINT ( 'NONE',  ( 5.294423809298975492, -40.04110349330128571, 26.54796740059682492 ) ) ;
#1437 = ADVANCED_FACE ( 'NONE', ( #424 ), #3349, .F. ) ;
#1438 = ORIENTED_EDGE ( 'NONE', *, *, #5711, .T. ) ;
#1439 = AXIS2_PLACEMENT_3D ( 'NONE', #3939, #5717, #4498 ) ;
#1440 = AXIS2_PLACEMENT_3D ( 'NONE', #5245, #2027, #2084 ) ;
#1441 = CARTESIAN_POINT ( 'NONE',  ( 3.493261101563092108, 35.74179287266804295, 22.31050157327533512 ) ) ;
#1442 = CARTESIAN_POINT ( 'NONE',  ( 34.75834689509525077, -6.370000000193070555, 24.12179555331380243 ) ) ;
#1443 = ORIENTED_EDGE ( 'NONE', *, *, #3000, .T. ) ;
#1444 = CIRCLE ( 'NONE', #1350, 9.525000000000000355 ) ;
#1445 = B_SPLINE_CURVE_WITH_KNOTS ( 'NONE', 3,
 ( #3050, #1172, #5247, #4785 ),
 .UNSPECIFIED., .F., .F.,
 ( 4, 4 ),
 ( 0.000000000000000000, 0.002000064695065124996 ),
 .UNSPECIFIED. ) ;
#1446 = VECTOR ( 'NONE', #1857, 1000.000000000000000 ) ;
#1447 = FACE_OUTER_BOUND ( 'NONE', #5578, .T. ) ;
#1448 = CARTESIAN_POINT ( 'NONE',  ( -41.17598386478360339, -6.016165986344209848, 26.73640032031065061 ) ) ;
#1449 = CARTESIAN_POINT ( 'NONE',  ( -38.62011465385172215, 5.631291378828391814, 25.97449334110087449 ) ) ;
#1450 = ORIENTED_EDGE ( 'NONE', *, *, #739, .T. ) ;
#1451 = CARTESIAN_POINT ( 'NONE',  ( -35.58499999999379781, -6.302097269190150897, 19.08069851385869242 ) ) ;
#1452 = CARTESIAN_POINT ( 'NONE',  ( 41.58500000000424279, -6.369999999997220108, 26.75000000000000000 ) ) ;
#1453 = CARTESIAN_POINT ( 'NONE',  ( -32.58499999999725105, -3.370805018348849824, -24.75000000000000000 ) ) ;
#1454 = CARTESIAN_POINT ( 'NONE',  ( -39.06612111439228840, 4.847636732728857645, 26.19567475586330474 ) ) ;
#1455 = CARTESIAN_POINT ( 'NONE',  ( 80.40000000000000568, 9.983933030048799677E-15, 48.25000000000000000 ) ) ;
#1456 = PRODUCT_DEFINITION ( 'NON CONOSCIUTO', '', #3296, #4297 ) ;
#1457 = CARTESIAN_POINT ( 'NONE',  ( 32.95800881802336590, -6.715239184960594798, -25.90210811828806570 ) ) ;
#1458 = CARTESIAN_POINT ( 'NONE',  ( -5.589676720315319258, 35.99114147750064063, 22.93803928294790850 ) ) ;
#1459 = DIRECTION ( 'NONE',  ( 0.000000000000000000, 0.000000000000000000, 1.000000000000000000 ) ) ;
#1460 = EDGE_LOOP ( 'NONE', ( #5448, #5240, #5020, #3015 ) ) ;
#1461 = CARTESIAN_POINT ( 'NONE',  ( -34.43830233236813854, 6.369775463146233108, 23.76635413942646835 ) ) ;
#1462 = CARTESIAN_POINT ( 'NONE',  ( 6.410769032464633810, 32.68905464629768431, -25.15681675341087953 ) ) ;
#1463 = CARTESIAN_POINT ( 'NONE',  ( 5.451187110838180416, 40.35186322174369167, 26.62461899220595285 ) ) ;
#1464 = CARTESIAN_POINT ( 'NONE',  ( -39.99087934055571480, -5.269633337833596443, 26.53441642871651496 ) ) ;
#1465 = AXIS2_PLACEMENT_3D ( 'NONE', #2162, #1256, #5777 ) ;
#1466 = CARTESIAN_POINT ( 'NONE',  ( -7.509471035864208055, 33.74172258842035177, -26.62249605339212977 ) ) ;
#1467 = CARTESIAN_POINT ( 'NONE',  ( 6.370000000236819560, -40.68426273359239786, 26.75000000003615241 ) ) ;
#1468 = CARTESIAN_POINT ( 'NONE',  ( 4.998061680377119842, -39.41073743280103514, 26.34501266746235970 ) ) ;
#1469 = ORIENTED_EDGE ( 'NONE', *, *, #4482, .T. ) ;
#1470 = AXIS2_PLACEMENT_3D ( 'NONE', #3547, #4459, #4014 ) ;
#1471 = CARTESIAN_POINT ( 'NONE',  ( 7.908740149563633359, -34.17533853449698711, -26.74473842063474649 ) ) ;
#1472 = CARTESIAN_POINT ( 'NONE',  ( 0.000000000000000000, 0.000000000000000000, 26.75000000000000000 ) ) ;
#1473 = ORIENTED_EDGE ( 'NONE', *, *, #1777, .F. ) ;
#1474 = ADVANCED_FACE ( 'NONE', ( #4407, #4075, #4867, #5384, #2665, #3077 ), #10, .T. ) ;
#1475 = DIRECTION ( 'NONE',  ( 0.000000000000000000, 0.000000000000000000, 1.000000000000000000 ) ) ;
#1476 = CARTESIAN_POINT ( 'NONE',  ( 36.99433017826837755, 6.369973683878469295, 25.82660672348129083 ) ) ;
#1477 = CARTESIAN_POINT ( 'NONE',  ( -35.60577517269275916, 5.889510143151914789, 21.37782218919599941 ) ) ;
#1478 = ORIENTED_EDGE ( 'NONE', *, *, #1962, .T. ) ;
#1479 = CARTESIAN_POINT ( 'NONE',  ( 33.50116788175392912, -6.369874706342381288, 22.30854536041605130 ) ) ;
#1480 = DIRECTION ( 'NONE',  ( 0.000000000000000000, 0.000000000000000000, -1.000000000000000000 ) ) ;
#1481 = CIRCLE ( 'NONE', #5495, 5.461000000000000298 ) ;
#1482 = CARTESIAN_POINT ( 'NONE',  ( -33.72074766854967720, -7.489553619255789663, -26.61299345528784954 ) ) ;
#1483 = CARTESIAN_POINT ( 'NONE',  ( 6.214141323182709620, -41.40502975199079572, 26.75000000000000000 ) ) ;
#1484 = CARTESIAN_POINT ( 'NONE',  ( -52.00000000000000000, -41.50000000000000000, -41.89999999999999858 ) ) ;
#1485 = CARTESIAN_POINT ( 'NONE',  ( 33.21987383279912365, -6.993822197657092232, -26.25218432574133587 ) ) ;
#1486 = VERTEX_POINT ( 'NONE', #368 ) ;
#1487 = DIRECTION ( 'NONE',  ( 0.000000000000000000, 0.000000000000000000, 1.000000000000000000 ) ) ;
#1488 = DIRECTION ( 'NONE',  ( -1.000000000000000000, 0.000000000000000000, 0.000000000000000000 ) ) ;
#1489 = ORIENTED_EDGE ( 'NONE', *, *, #473, .T. ) ;
#1490 = CARTESIAN_POINT ( 'NONE',  ( 35.85756048565967546, 6.369998280135268587, 25.11148854397768559 ) ) ;
#1491 = CARTESIAN_POINT ( 'NONE',  ( 6.635465041327798019, 32.88576231719519427, -25.76854362833093504 ) ) ;
#1492 = FACE_OUTER_BOUND ( 'NONE', #3949, .T. ) ;
#1493 = CARTESIAN_POINT ( 'NONE',  ( 41.50000000000000000, -52.00000000000000000, -28.75000000000000000 ) ) ;
#1494 = DIRECTION ( 'NONE',  ( 1.000000000000000000, 0.000000000000000000, 0.000000000000000000 ) ) ;
#1495 = ADVANCED_FACE ( 'NONE', ( #3958 ), #5221, .T. ) ;
#1496 = CARTESIAN_POINT ( 'NONE',  ( -35.58499999999724395, 3.370805018340395254, 18.75000000000000000 ) ) ;
#1497 = CARTESIAN_POINT ( 'NONE',  ( 4.954623790334760081, -39.31592603352704884, 26.31655242200509903 ) ) ;
#1498 = CARTESIAN_POINT ( 'NONE',  ( -3.485563181851438319, 35.73650706825282697, 22.10372805935147511 ) ) ;
#1499 = ORIENTED_EDGE ( 'NONE', *, *, #441, .T. ) ;
#1500 = ADVANCED_FACE ( 'NONE', ( #5733 ), #332, .T. ) ;
#1501 = CARTESIAN_POINT ( 'NONE',  ( 7.167320080533523097, -33.39052428074690226, -26.40788143360926199 ) ) ;
#1502 = ADVANCED_FACE ( 'NONE', ( #5331 ), #134, .T. ) ;
#1503 = CARTESIAN_POINT ( 'NONE',  ( -6.359809012755620827, 41.57323245022644898, 26.74998846038660005 ) ) ;
#1504 = VECTOR ( 'NONE', #5001, 1000.000000000000114 ) ;
#1505 = AXIS2_PLACEMENT_3D ( 'NONE', #5772, #5349, #4857 ) ;
#1506 = VERTEX_POINT ( 'NONE', #2737 ) ;
#1507 = CARTESIAN_POINT ( 'NONE',  ( -41.58499999999725105, 6.369999999995749285, 26.75000000000000000 ) ) ;
#1508 = CARTESIAN_POINT ( 'NONE',  ( -38.18536040912499629, 4.479019300622614885, 25.69735837497639963 ) ) ;
#1509 = ORIENTED_EDGE ( 'NONE', *, *, #5679, .F. ) ;
#1510 = CARTESIAN_POINT ( 'NONE',  ( 33.13414373676629054, -6.369851035977069031, 21.49048943030146575 ) ) ;
#1511 = DIRECTION ( 'NONE',  ( 0.000000000000000000, 0.000000000000000000, -1.000000000000000000 ) ) ;
#1512 = CARTESIAN_POINT ( 'NONE',  ( -33.45862487868371460, -7.235307910711036072, -26.45958164070928831 ) ) ;
#1513 = CARTESIAN_POINT ( 'NONE',  ( 40.61505763568979432, 5.602407360472479780, 26.67175273582719797 ) ) ;
#1514 = VERTEX_POINT ( 'NONE', #1325 ) ;
#1515 = AXIS2_PLACEMENT_3D ( 'NONE', #5729, #5246, #5298 ) ;
#1516 = DIRECTION ( 'NONE',  ( 0.000000000000000000, -1.000000000000000000, 0.000000000000000000 ) ) ;
#1517 = VERTEX_POINT ( 'NONE', #4912 ) ;
#1518 = CARTESIAN_POINT ( 'NONE',  ( -5.532527689341348420, 36.21378689279904250, 23.44028736243483735 ) ) ;
#1519 = AXIS2_PLACEMENT_3D ( 'NONE', #4592, #4154, #4096 ) ;
#1520 = AXIS2_PLACEMENT_3D ( 'NONE', #3902, #5276, #1730 ) ;
#1521 = LINE ( 'NONE', #4661, #2273 ) ;
#1522 = ORIENTED_EDGE ( 'NONE', *, *, #3859, .T. ) ;
#1523 = AXIS2_PLACEMENT_3D ( 'NONE', #4703, #5577, #2473 ) ;
#1524 = B_SPLINE_CURVE_WITH_KNOTS ( 'NONE', 3,
 ( #827, #2198, #3910, #5228 ),
 .UNSPECIFIED., .F., .F.,
 ( 4, 4 ),
 ( 0.000000000000000000, 1.000000000000000000 ),
 .UNSPECIFIED. ) ;
#1525 = ORIENTED_EDGE ( 'NONE', *, *, #3008, .F. ) ;
#1526 = CARTESIAN_POINT ( 'NONE',  ( -35.76655626336164318, 6.369999591423535001, 25.04208069013320426 ) ) ;
#1527 = AXIS2_PLACEMENT_3D ( 'NONE', #4891, #897, #4073 ) ;
#1528 = CARTESIAN_POINT ( 'NONE',  ( 6.369999999999985008, 32.65449433079617592, -24.81972225490149242 ) ) ;
#1529 = LINE ( 'NONE', #5468, #2266 ) ;
#1530 = CARTESIAN_POINT ( 'NONE',  ( -3.386891796945089794, -35.58500000000150010, 20.75000000000000000 ) ) ;
#1531 = CARTESIAN_POINT ( 'NONE',  ( 5.036374650922056162, 39.49454378754214900, 26.37475678930607970 ) ) ;
#1532 = ADVANCED_FACE ( 'NONE', ( #858, #5798, #3063, #5398, #3087, #2651 ), #1772, .F. ) ;
#1533 = CARTESIAN_POINT ( 'NONE',  ( 41.04528918709870311, -5.903547014041700791, 26.72567671803224698 ) ) ;
#1534 = CARTESIAN_POINT ( 'NONE',  ( 32.65449433079675146, -6.369999999997229878, 26.75000000000000000 ) ) ;
#1535 = CARTESIAN_POINT ( 'NONE',  ( 5.151059419423712704, -39.74391380671764296, 26.46116452993162582 ) ) ;
#1536 = ORIENTED_EDGE ( 'NONE', *, *, #2998, .F. ) ;
#1537 = ADVANCED_FACE ( 'NONE', ( #5719 ), #2678, .T. ) ;
#1538 = LINE ( 'NONE', #586, #5709 ) ;
#1539 = AXIS2_PLACEMENT_3D ( 'NONE', #4742, #5579, #1571 ) ;
#1540 = CARTESIAN_POINT ( 'NONE',  ( -6.370000000000056950, 32.73296161925355108, 20.03651244881919880 ) ) ;
#1541 = ORIENTED_EDGE ( 'NONE', *, *, #5726, .T. ) ;
#1542 = EDGE_CURVE ( 'NONE', #1118, #1228, #3541, .T. ) ;
#1543 = CARTESIAN_POINT ( 'NONE',  ( -6.363206001963269465, -41.57715496681915113, 26.74999615346959914 ) ) ;
#1544 = CARTESIAN_POINT ( 'NONE',  ( -39.47008758432560427, 5.769103640476489048, 26.38081540440310846 ) ) ;
#1545 = ORIENTED_EDGE ( 'NONE', *, *, #2045, .T. ) ;
#1546 = CARTESIAN_POINT ( 'NONE',  ( 36.91887349851543831, -6.369999999926768908, 25.78685244772993812 ) ) ;
#1547 = CARTESIAN_POINT ( 'NONE',  ( 40.77543378064829938, -5.903547014037310525, 29.71351507704859785 ) ) ;
#1548 = AXIS2_PLACEMENT_3D ( 'NONE', #778, #2533, #5147 ) ;
#1549 = CARTESIAN_POINT ( 'NONE',  ( 3.370805018351494819, -35.58500000000145036, -24.75000000000000000 ) ) ;
#1550 = CARTESIAN_POINT ( 'NONE',  ( 38.33870111828089478, 4.541667107482479260, 25.79931481396030080 ) ) ;
#1551 = CARTESIAN_POINT ( 'NONE',  ( -36.10056294791181131, 3.643737698370471456, 23.19071503662972589 ) ) ;
#1552 = ORIENTED_EDGE ( 'NONE', *, *, #1801, .F. ) ;
#1553 = CARTESIAN_POINT ( 'NONE',  ( 34.13885500188175115, -7.877849042152003101, -26.74999999999999289 ) ) ;
#1554 = EDGE_LOOP ( 'NONE', ( #5742, #5541, #5747, #3590 ) ) ;
#1555 = CARTESIAN_POINT ( 'NONE',  ( -3.401644651193600044, 35.58500000000000085, 21.12748665268799897 ) ) ;
#1556 = FACE_OUTER_BOUND ( 'NONE', #77, .T. ) ;
#1557 = ORIENTED_EDGE ( 'NONE', *, *, #478, .F. ) ;
#1558 = ORIENTED_EDGE ( 'NONE', *, *, #4291, .F. ) ;
#1559 = CARTESIAN_POINT ( 'NONE',  ( 33.99455495727986687, 6.369999025340495002, 23.14628790100889333 ) ) ;
#1560 = CARTESIAN_POINT ( 'NONE',  ( -40.91146100686746934, -6.138674064781392659, 26.71358963244411910 ) ) ;
#1561 = CARTESIAN_POINT ( 'NONE',  ( 36.76763104986250852, 3.912398520556523263, 24.33181799055483197 ) ) ;
#1562 = DIRECTION ( 'NONE',  ( 0.000000000000000000, 0.000000000000000000, 1.000000000000000000 ) ) ;
#1563 = CARTESIAN_POINT ( 'NONE',  ( 5.309587560090521130, 40.07159876931339682, 26.55599944209924956 ) ) ;
#1564 = CARTESIAN_POINT ( 'NONE',  ( 40.91146100686920306, -6.138674064772740913, 26.71358963244357909 ) ) ;
#1565 = CARTESIAN_POINT ( 'NONE',  ( 5.631291378838736428, -38.62011465385285902, 25.97449334109927577 ) ) ;
#1566 = FACE_OUTER_BOUND ( 'NONE', #5559, .T. ) ;
#1567 = ORIENTED_EDGE ( 'NONE', *, *, #3270, .F. ) ;
#1568 = CARTESIAN_POINT ( 'NONE',  ( -35.58499999999724395, -3.370805018348849824, 18.75000000000000000 ) ) ;
#1569 = DIRECTION ( 'NONE',  ( 0.000000000000000000, 0.000000000000000000, 1.000000000000000000 ) ) ;
#1570 = ORIENTED_EDGE ( 'NONE', *, *, #3234, .T. ) ;
#1571 = DIRECTION ( 'NONE',  ( 1.000000000000000000, 0.000000000000000000, 0.000000000000000000 ) ) ;
#1572 = DIRECTION ( 'NONE',  ( 0.000000000000000000, 0.000000000000000000, 1.000000000000000000 ) ) ;
#1573 = CIRCLE ( 'NONE', #3997, 34.00000000000000000 ) ;
#1574 = ORIENTED_EDGE ( 'NONE', *, *, #1918, .T. ) ;
#1575 = CARTESIAN_POINT ( 'NONE',  ( -41.58499999999725105, -2.264944293516195014E-14, 20.75000000000000000 ) ) ;
#1576 = CARTESIAN_POINT ( 'NONE',  ( 32.79735213120338955, 6.535954146366812267, -25.56205396436831023 ) ) ;
#1577 = EDGE_CURVE ( 'NONE', #1675, #2415, #1573, .T. ) ;
#1578 = CARTESIAN_POINT ( 'NONE',  ( 6.370329458246984267, -39.37539770346307932, 26.63269924533980415 ) ) ;
#1579 = CARTESIAN_POINT ( 'NONE',  ( 38.22156841374580694, 6.369999999875339824, 26.34507798675685208 ) ) ;
#1580 = CARTESIAN_POINT ( 'NONE',  ( -34.75834689509449760, -6.370000000199859791, 24.12179555331385217 ) ) ;
#1581 = ORIENTED_EDGE ( 'NONE', *, *, #3872, .T. ) ;
#1582 = ORIENTED_EDGE ( 'NONE', *, *, #109, .F. ) ;
#1583 = EDGE_CURVE ( 'NONE', #758, #2188, #410, .T. ) ;
#1584 = CARTESIAN_POINT ( 'NONE',  ( -5.631291378832226968, 38.62011465385367615, 25.97449334109992591 ) ) ;
#1585 = DIRECTION ( 'NONE',  ( 1.000000000000000000, -2.508033941171289955E-16, 0.000000000000000000 ) ) ;
#1586 = ORIENTED_EDGE ( 'NONE', *, *, #4043, .T. ) ;
#1587 = ORIENTED_EDGE ( 'NONE', *, *, #1962, .F. ) ;
#1588 = CARTESIAN_POINT ( 'NONE',  ( -38.14049373664804676, 6.370000000222162839, 26.31529224024481906 ) ) ;
#1589 = EDGE_CURVE ( 'NONE', #1223, #644, #2310, .T. ) ;
#1590 = CARTESIAN_POINT ( 'NONE',  ( 6.427646606846385779, 32.70344557032446176, -25.23712235806547710 ) ) ;
#1591 = CARTESIAN_POINT ( 'NONE',  ( -50.00000000000000000, -41.50000000000000000, -39.89999999999999858 ) ) ;
#1592 = DIRECTION ( 'NONE',  ( 1.000000000000000000, 0.000000000000000000, 0.000000000000000000 ) ) ;
#1593 = DIRECTION ( 'NONE',  ( 0.000000000000000000, 0.000000000000000000, 1.000000000000000000 ) ) ;
#1594 = CARTESIAN_POINT ( 'NONE',  ( 50.00000000000000000, -41.50000000000000000, -39.89999999999999858 ) ) ;
#1595 = CARTESIAN_POINT ( 'NONE',  ( 6.369851035977988296, 33.13414373673219160, 21.49048943020996205 ) ) ;
#1596 = CARTESIAN_POINT ( 'NONE',  ( 40.46796000361170087, -5.517382305983534962, 26.64593825770542779 ) ) ;
#1597 = VERTEX_POINT ( 'NONE', #4063 ) ;
#1598 = B_SPLINE_CURVE_WITH_KNOTS ( 'NONE', 3,
 ( #4670, #5046, #5505, #1498, #5142, #674, #3756, #3352, #640, #3284, #2468, #1056, #291, #3881, #5279, #2034, #3413, #2065, #4354, #233, #347, #4844, #2143, #3498, #1263, #5632, #3929, #2092, #3467, #5251, #1705, #4790, #3907, #3053, #2592, #4292, #4735, #708, #1631, #5704, #323 ),
 .UNSPECIFIED., .F., .F.,
 ( 4, 2, 2, 2, 2, 2, 2, 2, 2, 2, 1, 1, 1, 2, 2, 2, 2, 1, 1, 1, 1, 2, 2, 4 ),
 ( 0.000000000000000000, 0.1249999999999762690, 0.1874999999999644174, 0.2187499999999584777, 0.2499999999999525380, 0.3749999999999251155, 0.4374999999999119593, 0.4999999999998988032, 0.6249999999998725464, 0.6874999999998605560, 0.7187499999998545608, 0.7343749999998515632, 0.7421874999998501199, 0.7460937499998483435, 0.7499999999998466782, 0.8124999999998308020, 0.8437499999998220312, 0.8593749999998185896, 0.8671874999998167022, 0.8710937499998170352, 0.8730468749998183675, 0.8740234374998200328, 0.8749999999998218092, 1.000000000000000000 ),
 .UNSPECIFIED. ) ;
#1599 = CARTESIAN_POINT ( 'NONE',  ( 35.58500000000424990, 6.302097268901500016, 18.75000000000003908 ) ) ;
#1600 = CARTESIAN_POINT ( 'NONE',  ( -5.959793779167720906, 41.11063729279960199, 26.73157882434020038 ) ) ;
#1601 = PERSON_AND_ORGANIZATION_ROLE ( 'creator' ) ;
#1602 = CARTESIAN_POINT ( 'NONE',  ( -41.50000000000000000, -41.50000000000000000, -41.89999999999999858 ) ) ;
#1603 = ORIENTED_EDGE ( 'NONE', *, *, #4836, .F. ) ;
#1604 = EDGE_CURVE ( 'NONE', #2377, #1228, #520, .T. ) ;
#1605 = EDGE_CURVE ( 'NONE', #53, #1747, #318, .T. ) ;
#1606 = CARTESIAN_POINT ( 'NONE',  ( 38.06652036757187574, -6.369996921396664291, 26.28987092791017233 ) ) ;
#1607 = CARTESIAN_POINT ( 'NONE',  ( 33.43157404588554726, 7.208288073921163885, -26.43960925642189963 ) ) ;
#1608 = EDGE_CURVE ( 'NONE', #3978, #4805, #4762, .T. ) ;
#1609 = CARTESIAN_POINT ( 'NONE',  ( 6.370000424148422269, -38.17200131883866732, 26.32591366259999788 ) ) ;
#1610 = CARTESIAN_POINT ( 'NONE',  ( 37.43558719850059902, 6.370000000083879677, 26.04233634654954699 ) ) ;
#1611 = CARTESIAN_POINT ( 'NONE',  ( -40.29886942666924909, -6.370000000028130493, 26.73672580134610044 ) ) ;
#1612 = ORIENTED_EDGE ( 'NONE', *, *, #5585, .F. ) ;
#1613 = AXIS2_PLACEMENT_3D ( 'NONE', #361, #3429, #1225 ) ;
#1614 = EDGE_CURVE ( 'NONE', #838, #723, #3531, .T. ) ;
#1615 = ORIENTED_EDGE ( 'NONE', *, *, #1253, .F. ) ;
#1616 = CARTESIAN_POINT ( 'NONE',  ( 25.00000000000000000, 3.061616997868384620E-15, 49.95000000000000284 ) ) ;
#1617 = DIRECTION ( 'NONE',  ( 0.000000000000000000, 0.000000000000000000, 1.000000000000000000 ) ) ;
#1618 = CIRCLE ( 'NONE', #565, 2.999999999999999112 ) ;
#1619 = EDGE_LOOP ( 'NONE', ( #699, #173, #3094, #5293 ) ) ;
#1620 = EDGE_CURVE ( 'NONE', #464, #755, #1834, .T. ) ;
#1621 = ADVANCED_FACE ( 'NONE', ( #1272 ), #676, .T. ) ;
#1622 = ORIENTED_EDGE ( 'NONE', *, *, #4706, .F. ) ;
#1623 = CARTESIAN_POINT ( 'NONE',  ( 32.65449433079565722, 6.370000000002770335, 26.75000000000000000 ) ) ;
#1624 = LINE ( 'NONE', #2608, #5461 ) ;
#1625 = CARTESIAN_POINT ( 'NONE',  ( 38.42033977329981553, 4.574834107208289424, 25.85076907576660332 ) ) ;
#1626 = CARTESIAN_POINT ( 'NONE',  ( -8.991085193482215132, -54.77446816760102166, 48.25000000000000000 ) ) ;
#1627 = CARTESIAN_POINT ( 'NONE',  ( 4.847636732731614551, 39.06612111439567769, 26.19567475586359961 ) ) ;
#1628 = CARTESIAN_POINT ( 'NONE',  ( -6.384443280390912356, 32.66660232053144597, -25.03154970454215444 ) ) ;
#1629 = CARTESIAN_POINT ( 'NONE',  ( 6.369976243670770977, 36.49108750474563578, 25.54306006666715945 ) ) ;
#1630 = AXIS2_PLACEMENT_3D ( 'NONE', #5381, #1368, #4889 ) ;
#1631 = CARTESIAN_POINT ( 'NONE',  ( -5.523917669694233368, 40.50258451721705200, 26.66945803824632577 ) ) ;
#1632 = ORIENTED_EDGE ( 'NONE', *, *, #2611, .T. ) ;
#1633 = CIRCLE ( 'NONE', #3193, 8.500000000000000000 ) ;
#1634 = CARTESIAN_POINT ( 'NONE',  ( -7.632029182079345553, -33.87249722418459896, -26.67370309170263454 ) ) ;
#1635 = DIRECTION ( 'NONE',  ( -1.000000000000000000, 0.000000000000000000, 0.000000000000000000 ) ) ;
#1636 = EDGE_CURVE ( 'NONE', #2035, #3483, #4288, .T. ) ;
#1637 =( NAMED_UNIT ( * ) SI_UNIT ( $, .STERADIAN. ) SOLID_ANGLE_UNIT ( ) );
#1638 = CARTESIAN_POINT ( 'NONE',  ( -6.370329458196530403, 39.37539769826224045, 26.63269924443786962 ) ) ;
#1639 = ORIENTED_EDGE ( 'NONE', *, *, #831, .T. ) ;
#1640 = CARTESIAN_POINT ( 'NONE',  ( -6.369999999993000372, -32.65449433079750463, 18.75000000000000000 ) ) ;
#1641 = CARTESIAN_POINT ( 'NONE',  ( 32.65449433079566433, 6.370000000002698393, -24.88447125125113146 ) ) ;
#1642 = CARTESIAN_POINT ( 'NONE',  ( -33.08320561091366585, -6.852333007915447638, -26.10025160344657991 ) ) ;
#1643 = CARTESIAN_POINT ( 'NONE',  ( 36.94834784636834968, 3.984032293518680046, 24.57658721908294908 ) ) ;
#1644 = CARTESIAN_POINT ( 'NONE',  ( -33.20207998355930101, -6.369999999740190155, 21.67598539906064659 ) ) ;
#1645 = ORIENTED_EDGE ( 'NONE', *, *, #114, .T. ) ;
#1646 = EDGE_LOOP ( 'NONE', ( #3199, #747 ) ) ;
#1647 = CIRCLE ( 'NONE', #2846, 41.75000000000000000 ) ;
#1648 = CARTESIAN_POINT ( 'NONE',  ( -6.370000000000000107, 40.77543378064624591, 26.75000000000000000 ) ) ;
#1649 = B_SPLINE_CURVE_WITH_KNOTS ( 'NONE', 3,
 ( #2626, #5801, #3591, #3090 ),
 .UNSPECIFIED., .F., .F.,
 ( 4, 4 ),
 ( 0.000000000000000000, 0.002000064695065130200 ),
 .UNSPECIFIED. ) ;
#1650 = CIRCLE ( 'NONE', #696, 5.461000000000000298 ) ;
#1651 = ORIENTED_EDGE ( 'NONE', *, *, #1196, .T. ) ;
#1652 = CARTESIAN_POINT ( 'NONE',  ( -37.99076488998873913, 6.369988575811585285, 26.26312568986656615 ) ) ;
#1653 = CARTESIAN_POINT ( 'NONE',  ( 32.89326045844030233, 6.370000000002770335, 20.67227652433030016 ) ) ;
#1654 = CARTESIAN_POINT ( 'NONE',  ( -6.369992967160008845, -36.72542744302140960, 25.68085532981609731 ) ) ;
#1655 = CARTESIAN_POINT ( 'NONE',  ( 41.40502975199234470, -6.214141323173829612, 26.75000000000000000 ) ) ;
#1656 = CARTESIAN_POINT ( 'NONE',  ( 6.369999996933856323, 36.91577027835494818, 25.78519802950426509 ) ) ;
#1657 = CARTESIAN_POINT ( 'NONE',  ( 36.17902304979605788, -3.676029721050793508, 23.35980865153596397 ) ) ;
#1658 = ORIENTED_EDGE ( 'NONE', *, *, #1005, .F. ) ;
#1659 = CARTESIAN_POINT ( 'NONE',  ( -7.603701499571863032, -33.84201667513540457, -26.66313685742855100 ) ) ;
#1660 = CARTESIAN_POINT ( 'NONE',  ( -6.369999999997480344, 32.65449433090545739, 19.08058457314090006 ) ) ;
#1661 = CARTESIAN_POINT ( 'NONE',  ( -34.00000000000000000, 0.000000000000000000, -40.57920000000000016 ) ) ;
#1662 = DIRECTION ( 'NONE',  ( 0.02604568891390625709, 1.506068933564720294E-17, 0.9996607535004062850 ) ) ;
#1663 = ORIENTED_EDGE ( 'NONE', *, *, #5036, .F. ) ;
#1664 = CARTESIAN_POINT ( 'NONE',  ( 35.61859422837606104, -6.369983780106148963, 24.92546323871769687 ) ) ;
#1665 = EDGE_CURVE ( 'NONE', #1134, #5506, #5027, .T. ) ;
#1666 = CARTESIAN_POINT ( 'NONE',  ( 33.14214040040000953, 6.912670892150749147, -26.16400927960167522 ) ) ;
#1667 = CARTESIAN_POINT ( 'NONE',  ( -32.80203724174134550, -6.541285261481103674, -25.57459864137912575 ) ) ;
#1668 = CARTESIAN_POINT ( 'NONE',  ( -41.50000000000000000, -52.00000000000000000, -28.75000000000000000 ) ) ;
#1669 = CARTESIAN_POINT ( 'NONE',  ( -35.99114147749791215, -5.589676720318065506, 22.93803928294808614 ) ) ;
#1670 = ORIENTED_EDGE ( 'NONE', *, *, #2712, .T. ) ;
#1671 = VERTEX_POINT ( 'NONE', #3912 ) ;
#1672 = ORIENTED_EDGE ( 'NONE', *, *, #4317, .T. ) ;
#1673 = AXIS2_PLACEMENT_3D ( 'NONE', #1897, #5404, #4567 ) ;
#1674 = CARTESIAN_POINT ( 'NONE',  ( -5.506903573097314819, 37.54458594253735981, 25.20875611328644084 ) ) ;
#1675 = VERTEX_POINT ( 'NONE', #746 ) ;
#1676 = CARTESIAN_POINT ( 'NONE',  ( -52.00000000000000000, -41.50000000000000000, -39.89999999999999858 ) ) ;
#1677 = FACE_OUTER_BOUND ( 'NONE', #1957, .T. ) ;
#1678 = CARTESIAN_POINT ( 'NONE',  ( 39.92311326343805433, 5.236526647593961137, 26.51550027132289955 ) ) ;
#1679 = CARTESIAN_POINT ( 'NONE',  ( -6.369999725251222600, -33.95521785355978750, 23.08691346380931364 ) ) ;
#1680 = CARTESIAN_POINT ( 'NONE',  ( 41.36003397524596892, -6.292069547965311926, 26.74999999999945288 ) ) ;
#1681 = CARTESIAN_POINT ( 'NONE',  ( 6.369999999929510714, 36.91887349846069100, 25.78685244770101548 ) ) ;
#1682 = CARTESIAN_POINT ( 'NONE',  ( 40.55804532884735636, -5.568764890785959487, 26.66205224415614339 ) ) ;
#1683 = EDGE_LOOP ( 'NONE', ( #3304, #5273, #3325, #160 ) ) ;
#1684 = LINE ( 'NONE', #2639, #3419 ) ;
#1685 = DIRECTION ( 'NONE',  ( 0.000000000000000000, 0.000000000000000000, 1.000000000000000000 ) ) ;
#1686 = ADVANCED_FACE ( 'NONE', ( #2534 ), #3471, .F. ) ;
#1687 = ORIENTED_EDGE ( 'NONE', *, *, #2783, .T. ) ;
#1688 = ADVANCED_FACE ( 'NONE', ( #5260 ), #4269, .T. ) ;
#1689 = CARTESIAN_POINT ( 'NONE',  ( 0.000000000000000000, 0.000000000000000000, -40.57920000000000016 ) ) ;
#1690 = CARTESIAN_POINT ( 'NONE',  ( -33.00638192910725621, -6.768389182828844497, -25.98736007137844339 ) ) ;
#1691 = LINE ( 'NONE', #5265, #4575 ) ;
#1692 = CARTESIAN_POINT ( 'NONE',  ( -37.98639330361440614, -5.550584966309080492, 25.56066876211309591 ) ) ;
#1693 = VERTEX_POINT ( 'NONE', #5662 ) ;
#1694 = EDGE_LOOP ( 'NONE', ( #5474, #3114 ) ) ;
#1695 = ORIENTED_EDGE ( 'NONE', *, *, #4560, .T. ) ;
#1696 = CARTESIAN_POINT ( 'NONE',  ( -6.369999999935870072, 40.39678599096649947, 26.74181602621395371 ) ) ;
#1697 = AXIS2_PLACEMENT_3D ( 'NONE', #3771, #3299, #3230 ) ;
#1698 = ORIENTED_EDGE ( 'NONE', *, *, #3024, .F. ) ;
#1699 = LINE ( 'NONE', #2460, #5456 ) ;
#1700 = AXIS2_PLACEMENT_3D ( 'NONE', #2264, #4057, #3107 ) ;
#1701 = CARTESIAN_POINT ( 'NONE',  ( 7.035615447927654920, 33.26019248893935298, -26.29330952899061913 ) ) ;
#1702 = CARTESIAN_POINT ( 'NONE',  ( 38.65583274208033515, 4.673057335532057266, 25.98719476951182017 ) ) ;
#1703 = CARTESIAN_POINT ( 'NONE',  ( -6.369972515154588955, -36.11153134088250027, 25.29829317999919525 ) ) ;
#1704 = CARTESIAN_POINT ( 'NONE',  ( 6.369847394846123834, 33.40189992806553221, 22.10448804914885912 ) ) ;
#1705 = CARTESIAN_POINT ( 'NONE',  ( -5.208072006298968937, 39.86387350043057864, 26.49799732404628116 ) ) ;
#1706 = AXIS2_PLACEMENT_3D ( 'NONE', #4906, #4441, #884 ) ;
#1707 = LINE ( 'NONE', #5304, #3566 ) ;
#1708 = ADVANCED_FACE ( 'NONE', ( #3387 ), #4823, .T. ) ;
#1709 = DIRECTION ( 'NONE',  ( 0.000000000000000000, 0.000000000000000000, 1.000000000000000000 ) ) ;
#1710 = CIRCLE ( 'NONE', #860, 1.999999999999998224 ) ;
#1711 = APPROVAL ( #3501, 'NON SPECIFICATO' ) ;
#1712 = EDGE_CURVE ( 'NONE', #252, #1382, #4238, .T. ) ;
#1713 = AXIS2_PLACEMENT_3D ( 'NONE', #4200, #3324, #4328 ) ;
#1714 = CARTESIAN_POINT ( 'NONE',  ( -6.369972350213786605, 36.20330892574168047, 25.35809932829948821 ) ) ;
#1715 = AXIS2_PLACEMENT_3D ( 'NONE', #3598, #4949, #2335 ) ;
#1716 = CARTESIAN_POINT ( 'NONE',  ( 32.89326045844129709, -6.369999999997229878, 20.67227652433005147 ) ) ;
#1717 = EDGE_CURVE ( 'NONE', #5103, #4089, #3422, .T. ) ;
#1718 = ORIENTED_EDGE ( 'NONE', *, *, #4217, .T. ) ;
#1719 = CARTESIAN_POINT ( 'NONE',  ( 6.369999962432885354, -35.79996877852455839, 25.06777011128929544 ) ) ;
#1720 = DIRECTION ( 'NONE',  ( 0.000000000000000000, 1.000000000000000000, 0.000000000000000000 ) ) ;
#1721 = CARTESIAN_POINT ( 'NONE',  ( 3.370805018351494819, -35.58500000000150010, 18.75000000000000000 ) ) ;
#1722 = ORIENTED_EDGE ( 'NONE', *, *, #421, .F. ) ;
#1723 = ORIENTED_EDGE ( 'NONE', *, *, #3138, .T. ) ;
#1724 = EDGE_LOOP ( 'NONE', ( #1302, #390, #970, #1244 ) ) ;
#1725 = CARTESIAN_POINT ( 'NONE',  ( -32.58499999999725105, 3.370805018340395254, -24.75000000000000000 ) ) ;
#1726 = EDGE_LOOP ( 'NONE', ( #3700, #2445, #1746 ) ) ;
#1727 = CARTESIAN_POINT ( 'NONE',  ( -5.903547014042280772, 41.04528918709859653, 26.72567671803264844 ) ) ;
#1728 = TOROIDAL_SURFACE ( 'NONE', #5366, 35.27000000000000313, 2.000000000000000000 ) ;
#1729 = LINE ( 'NONE', #4862, #1076 ) ;
#1730 = DIRECTION ( 'NONE',  ( -1.000000000000000000, 0.000000000000000000, 0.000000000000000000 ) ) ;
#1731 = CARTESIAN_POINT ( 'NONE',  ( -6.369999997884353782, -35.78689124083649631, 25.05774736535378722 ) ) ;
#1732 = AXIS2_PLACEMENT_3D ( 'NONE', #4331, #5230, #1187 ) ;
#1733 = AXIS2_PLACEMENT_3D ( 'NONE', #3731, #3290, #3701 ) ;
#1734 = DIRECTION ( 'NONE',  ( 1.000000000000000000, 0.000000000000000000, 0.000000000000000000 ) ) ;
#1735 = CARTESIAN_POINT ( 'NONE',  ( -6.153964580435633991, -35.58500000000145036, 20.37052769475090841 ) ) ;
#1736 = DIRECTION ( 'NONE',  ( -1.000000000000000000, 0.000000000000000000, 0.000000000000000000 ) ) ;
#1737 = CARTESIAN_POINT ( 'NONE',  ( -3.370805018344575021, 35.58500000000000085, 18.75000000000000000 ) ) ;
#1738 = PERSON_AND_ORGANIZATION ( #4234, #2280 ) ;
#1739 = CARTESIAN_POINT ( 'NONE',  ( -6.369977924618122955, 36.11451811524383970, 25.29742555199904075 ) ) ;
#1740 = CARTESIAN_POINT ( 'NONE',  ( 34.00000000000000000, 4.163799117100999770E-15, -32.47660000000000480 ) ) ;
#1741 = ORIENTED_EDGE ( 'NONE', *, *, #2203, .T. ) ;
#1742 = EDGE_CURVE ( 'NONE', #3913, #2083, #3689, .T. ) ;
#1743 = DIRECTION ( 'NONE',  ( -6.505213034913020688E-16, 1.000000000000000000, 0.000000000000000000 ) ) ;
#1744 = CARTESIAN_POINT ( 'NONE',  ( 41.50000000000000000, 52.00000000000000000, -39.89999999999999858 ) ) ;
#1745 = CARTESIAN_POINT ( 'NONE',  ( -35.58499999999725816, 6.092036909177985571, 20.67951872141151171 ) ) ;
#1746 = ORIENTED_EDGE ( 'NONE', *, *, #1253, .T. ) ;
#1747 = VERTEX_POINT ( 'NONE', #2476 ) ;
#1748 = ORIENTED_EDGE ( 'NONE', *, *, #1665, .T. ) ;
#1749 = DIRECTION ( 'NONE',  ( 0.000000000000000000, 0.000000000000000000, 1.000000000000000000 ) ) ;
#1750 = ADVANCED_FACE ( 'NONE', ( #1214 ), #5610, .T. ) ;
#1751 = CARTESIAN_POINT ( 'NONE',  ( -35.85756048672327267, -6.369998280135913404, 25.11148854477868753 ) ) ;
#1752 = ORIENTED_EDGE ( 'NONE', *, *, #2619, .F. ) ;
#1753 = CARTESIAN_POINT ( 'NONE',  ( 3.370805018351490379, -32.58500000000145036, 18.75000000000000000 ) ) ;
#1754 = AXIS2_PLACEMENT_3D ( 'NONE', #780, #2124, #4707 ) ;
#1755 = CYLINDRICAL_SURFACE ( 'NONE', #4512, 3.000000000000002665 ) ;
#1756 = LINE ( 'NONE', #447, #4887 ) ;
#1757 = CARTESIAN_POINT ( 'NONE',  ( -6.369765971858440068, -34.88999415137342908, 24.26094403899449503 ) ) ;
#1758 = CARTESIAN_POINT ( 'NONE',  ( 33.20207998356160317, 6.369999999738269914, 21.67598539906115107 ) ) ;
#1759 = CARTESIAN_POINT ( 'NONE',  ( -6.369999999964039539, -32.67561422019465311, 19.41103761873895195 ) ) ;
#1760 = FACE_OUTER_BOUND ( 'NONE', #3047, .T. ) ;
#1761 = CARTESIAN_POINT ( 'NONE',  ( -6.369999999993000372, -40.77543378064735435, 26.75000000000000000 ) ) ;
#1762 = CARTESIAN_POINT ( 'NONE',  ( 41.50000000000000000, 41.50000000000000000, -39.89999999999999858 ) ) ;
#1763 = CARTESIAN_POINT ( 'NONE',  ( 32.66567359237899382, 6.383803734802371288, -25.02205028646056917 ) ) ;
#1764 = CARTESIAN_POINT ( 'NONE',  ( 6.369999999811040148, -34.45114492800244932, 23.76796895712564961 ) ) ;
#1765 = DATE_AND_TIME ( #713, #4340 ) ;
#1766 = CARTESIAN_POINT ( 'NONE',  ( -6.369985909911958011, 34.06661763713725577, 23.25256388472985591 ) ) ;
#1767 = AXIS2_PLACEMENT_3D ( 'NONE', #5354, #4038, #4008 ) ;
#1768 = CARTESIAN_POINT ( 'NONE',  ( 36.07730396454635269, -3.634090523925680216, 23.13765668347794957 ) ) ;
#1769 = ORIENTED_EDGE ( 'NONE', *, *, #3480, .T. ) ;
#1770 = CARTESIAN_POINT ( 'NONE',  ( 6.369999025338904275, -33.99455495726424203, 23.14628790098506528 ) ) ;
#1771 = CARTESIAN_POINT ( 'NONE',  ( -45.53771307857699924, -40.33665143391584706, -26.75000000000000000 ) ) ;
#1772 = PLANE ( 'NONE',  #249 ) ;
#1773 = ORIENTED_EDGE ( 'NONE', *, *, #485, .F. ) ;
#1774 = EDGE_CURVE ( 'NONE', #4824, #359, #3891, .T. ) ;
#1775 = ORIENTED_EDGE ( 'NONE', *, *, #1809, .T. ) ;
#1776 = CARTESIAN_POINT ( 'NONE',  ( -34.87565143391569222, 41.02405378704104777, -26.75000000000000000 ) ) ;
#1777 = EDGE_CURVE ( 'NONE', #995, #5720, #2582, .T. ) ;
#1778 = CARTESIAN_POINT ( 'NONE',  ( -41.13373057025191315, 6.213682913114625173, 26.73769913458638214 ) ) ;
#1779 = CARTESIAN_POINT ( 'NONE',  ( 58.79990711068128917, -0.3585035219581707011, 26.75000000000000000 ) ) ;
#1780 = ORIENTED_EDGE ( 'NONE', *, *, #3234, .F. ) ;
#1781 = EDGE_CURVE ( 'NONE', #3254, #5795, #4868, .T. ) ;
#1782 = CARTESIAN_POINT ( 'NONE',  ( -6.214141323169549480, -41.40502975199089519, 26.75000000000000000 ) ) ;
#1783 = FACE_BOUND ( 'NONE', #2996, .T. ) ;
#1784 = VECTOR ( 'NONE', #1366, 1000.000000000000000 ) ;
#1785 = CARTESIAN_POINT ( 'NONE',  ( -6.369999941363725604, -38.13327399458972877, 26.31284107212893275 ) ) ;
#1786 = AXIS2_PLACEMENT_3D ( 'NONE', #1547, #3331, #5121 ) ;
#1787 = EDGE_CURVE ( 'NONE', #4007, #2269, #1266, .T. ) ;
#1788 = CARTESIAN_POINT ( 'NONE',  ( -3.374767283355825320, -35.58500000000150010, 20.08371539900585034 ) ) ;
#1789 = VECTOR ( 'NONE', #3222, 1000.000000000000000 ) ;
#1790 = EDGE_CURVE ( 'NONE', #5727, #3964, #5659, .T. ) ;
#1791 = DIRECTION ( 'NONE',  ( 1.000000000000000000, 0.000000000000000000, 0.000000000000000000 ) ) ;
#1792 = CARTESIAN_POINT ( 'NONE',  ( -6.370000000057629563, -40.58929969001405169, 26.74845202696580060 ) ) ;
#1793 = CARTESIAN_POINT ( 'NONE',  ( 3.736275300549779743, 36.32716489139939853, 23.64665700931070447 ) ) ;
#1794 = CARTESIAN_POINT ( 'NONE',  ( -36.17063272811445529, -3.673123644812031685, 23.36262559485079038 ) ) ;
#1795 = DIRECTION ( 'NONE',  ( 0.9063077870366496036, -0.4226182617407002184, 0.000000000000000000 ) ) ;
#1796 = TOROIDAL_SURFACE ( 'NONE', #773, 36.00000000000000000, 1.500000000000000000 ) ;
#1797 = CARTESIAN_POINT ( 'NONE',  ( -6.369999664721690102, 36.92182410710441332, 25.78842467977623087 ) ) ;
#1798 = CARTESIAN_POINT ( 'NONE',  ( 3.643737698373396672, 36.10056294791503007, 23.19071503663090539 ) ) ;
#1799 = CIRCLE ( 'NONE', #5350, 9.525000000000000355 ) ;
#1800 = CARTESIAN_POINT ( 'NONE',  ( 3.370805018344539938, 35.58500000000000085, -24.75000000000000000 ) ) ;
#1801 = EDGE_CURVE ( 'NONE', #3228, #2121, #3211, .T. ) ;
#1802 = CIRCLE ( 'NONE', #4430, 2.000000000000001776 ) ;
#1803 = ORIENTED_EDGE ( 'NONE', *, *, #5073, .T. ) ;
#1804 = DIRECTION ( 'NONE',  ( -1.000000000000000000, 0.000000000000000000, 0.000000000000000000 ) ) ;
#1805 = FACE_OUTER_BOUND ( 'NONE', #2041, .T. ) ;
#1806 = DIRECTION ( 'NONE',  ( 0.000000000000000000, 0.000000000000000000, 1.000000000000000000 ) ) ;
#1807 = VECTOR ( 'NONE', #2934, 1000.000000000000000 ) ;
#1808 = ORIENTED_EDGE ( 'NONE', *, *, #2059, .F. ) ;
#1809 = EDGE_CURVE ( 'NONE', #4346, #2067, #4633, .T. ) ;
#1810 = LINE ( 'NONE', #1388, #1974 ) ;
#1811 = CARTESIAN_POINT ( 'NONE',  ( -5.398331915316815000, -40.24640150589814880, 26.59920736318501255 ) ) ;
#1812 = CARTESIAN_POINT ( 'NONE',  ( -41.04528918709809915, 5.903547014039969731, 26.72567671803284739 ) ) ;
#1813 = DIRECTION ( 'NONE',  ( 0.000000000000000000, 0.000000000000000000, 1.000000000000000000 ) ) ;
#1814 = CARTESIAN_POINT ( 'NONE',  ( 32.58500000000424990, -3.370805018341700432, -24.75000000000000000 ) ) ;
#1815 = FACE_OUTER_BOUND ( 'NONE', #3684, .T. ) ;
#1816 = CARTESIAN_POINT ( 'NONE',  ( -6.369999999993000372, -40.77543378064900281, 26.75000000000000000 ) ) ;
#1817 = CARTESIAN_POINT ( 'NONE',  ( 35.62149070495480174, 3.427024631725244852, 21.51063625525529943 ) ) ;
#1818 = CIRCLE ( 'NONE', #3965, 41.75000000000000000 ) ;
#1819 = CARTESIAN_POINT ( 'NONE',  ( -3.370805018328734803, -35.58500000000150010, 19.08348030398525097 ) ) ;
#1820 = CARTESIAN_POINT ( 'NONE',  ( -5.730493809360547530, -35.72060367004608850, 22.07621144685211689 ) ) ;
#1821 = CARTESIAN_POINT ( 'NONE',  ( -6.073955346534043009, -40.73535086367268576, 26.69193781511513919 ) ) ;
#1822 = AXIS2_PLACEMENT_3D ( 'NONE', #4146, #3259, #3195 ) ;
#1823 = CARTESIAN_POINT ( 'NONE',  ( 5.532527689341699251, 36.21378689279904250, 23.44028736243530275 ) ) ;
#1824 = CARTESIAN_POINT ( 'NONE',  ( -40.50258451727046349, -5.523917669748354520, 26.66945803826101979 ) ) ;
#1825 = CARTESIAN_POINT ( 'NONE',  ( -7.308851731331354351, 33.53324723961795684, -26.51059431762793750 ) ) ;
#1826 = CARTESIAN_POINT ( 'NONE',  ( 35.58500000000424279, -3.369524627564280284, 20.08342989349679897 ) ) ;
#1827 = AXIS2_PLACEMENT_3D ( 'NONE', #2011, #1662, #3358 ) ;
#1828 = CARTESIAN_POINT ( 'NONE',  ( -6.369999999714146988, 36.91712761118992603, 25.78592198800550861 ) ) ;
#1829 = CARTESIAN_POINT ( 'NONE',  ( 6.583320605894232180, -32.83896993950389742, -25.67367670782484268 ) ) ;
#1830 = CARTESIAN_POINT ( 'NONE',  ( 40.00825131906652388, -5.881894752797154347, 26.54468578407458423 ) ) ;
#1831 = ORIENTED_EDGE ( 'NONE', *, *, #279, .F. ) ;
#1832 = LINE ( 'NONE', #3110, #2944 ) ;
#1833 = CARTESIAN_POINT ( 'NONE',  ( -41.50000000000000000, 50.00000000000000000, -39.89999999999999858 ) ) ;
#1834 = LINE ( 'NONE', #3617, #996 ) ;
#1835 = EDGE_LOOP ( 'NONE', ( #1994, #2892, #1328, #148 ) ) ;
#1836 = EDGE_CURVE ( 'NONE', #2300, #1118, #4100, .T. ) ;
#1837 = CARTESIAN_POINT ( 'NONE',  ( -40.91146100686815146, 6.138674064773269379, 26.71358963244420792 ) ) ;
#1838 = CARTESIAN_POINT ( 'NONE',  ( -33.99455495729058185, -6.369999025342369947, 23.14628790102544187 ) ) ;
#1839 = DIRECTION ( 'NONE',  ( 0.000000000000000000, 0.000000000000000000, 1.000000000000000000 ) ) ;
#1840 = CARTESIAN_POINT ( 'NONE',  ( -6.369999999993000372, -40.77543378064665092, 26.75000000000000000 ) ) ;
#1841 = B_SPLINE_CURVE_WITH_KNOTS ( 'NONE', 3,
 ( #1162, #2955, #4753, #5725 ),
 .UNSPECIFIED., .F., .F.,
 ( 4, 4 ),
 ( 0.000000000000000000, 1.000000000000000000 ),
 .UNSPECIFIED. ) ;
#1842 = DIRECTION ( 'NONE',  ( 1.000000000000000000, 0.000000000000000000, 0.000000000000000000 ) ) ;
#1843 = CARTESIAN_POINT ( 'NONE',  ( -33.18980210170375500, 6.962462701381438634, -26.21848677695326657 ) ) ;
#1844 = DIRECTION ( 'NONE',  ( 1.000000000000000000, 6.505213034913020688E-16, 0.000000000000000000 ) ) ;
#1845 = TOROIDAL_SURFACE ( 'NONE', #2598, 41.27000000000000313, 8.000000000000000000 ) ;
#1846 = CARTESIAN_POINT ( 'NONE',  ( -3.371078389161959787, -35.58500000000150010, 19.41695418761485215 ) ) ;
#1847 = CARTESIAN_POINT ( 'NONE',  ( -6.369999999831209792, -33.02234269659764720, 21.18423187738484970 ) ) ;
#1848 = LINE ( 'NONE', #3576, #1 ) ;
#1849 = CARTESIAN_POINT ( 'NONE',  ( 5.881894752801081871, 40.00825131906587728, 26.54468578407487556 ) ) ;
#1850 = CARTESIAN_POINT ( 'NONE',  ( -41.50000000000000000, 52.00000000000000000, -39.89999999999999858 ) ) ;
#1851 = CARTESIAN_POINT ( 'NONE',  ( -7.444507405413134826, 33.67340365140246661, -26.59091582451837610 ) ) ;
#1852 = CARTESIAN_POINT ( 'NONE',  ( 5.486810673091420121, -36.57108811507387003, 24.07463000796296626 ) ) ;
#1853 = DIRECTION ( 'NONE',  ( 0.000000000000000000, 0.000000000000000000, 1.000000000000000000 ) ) ;
#1854 = CARTESIAN_POINT ( 'NONE',  ( 38.18536040913075169, -4.479019300618790389, 25.69735837497560027 ) ) ;
#1855 = EDGE_LOOP ( 'NONE', ( #4736, #218, #1478, #3258 ) ) ;
#1856 = EDGE_CURVE ( 'NONE', #2412, #4270, #1167, .T. ) ;
#1857 = DIRECTION ( 'NONE',  ( 0.000000000000000000, 0.000000000000000000, 1.000000000000000000 ) ) ;
#1858 = CARTESIAN_POINT ( 'NONE',  ( -35.58499999999724395, -3.370805018348849824, 20.75000000000000000 ) ) ;
#1859 = CARTESIAN_POINT ( 'NONE',  ( -36.94834784636090319, 3.984032293517240308, 24.57658721908264710 ) ) ;
#1860 = ORIENTED_EDGE ( 'NONE', *, *, #546, .F. ) ;
#1861 = CARTESIAN_POINT ( 'NONE',  ( -32.75709115665845417, -6.370000000033310350, 20.05646898451615101 ) ) ;
#1862 = DIRECTION ( 'NONE',  ( 0.000000000000000000, 0.000000000000000000, 1.000000000000000000 ) ) ;
#1863 = CARTESIAN_POINT ( 'NONE',  ( -4.330289587541446217, -37.81858231514799940, 25.42431385903543983 ) ) ;
#1864 = CARTESIAN_POINT ( 'NONE',  ( -40.32204947828333275, 5.438342957446251624, 26.61578405268693714 ) ) ;
#1865 = CARTESIAN_POINT ( 'NONE',  ( 6.370000000000000107, 32.65449433079615460, 18.75000000000000000 ) ) ;
#1866 = CARTESIAN_POINT ( 'NONE',  ( 32.68580977554367450, -6.406954248744852976, -25.13752845722329710 ) ) ;
#1867 = CARTESIAN_POINT ( 'NONE',  ( -41.50000000000000000, -50.00000000000000000, -41.89999999999999858 ) ) ;
#1868 = CARTESIAN_POINT ( 'NONE',  ( -33.44052804142342694, 7.217196202413695971, -26.44629615932479894 ) ) ;
#1869 = EDGE_CURVE ( 'NONE', #1046, #4855, #1650, .T. ) ;
#1870 = B_SPLINE_CURVE_WITH_KNOTS ( 'NONE', 3,
 ( #4561, #3543, #1510, #5515, #1479, #2660, #3264, #1417, #5056, #2387, #977, #1035, #592, #4176, #3297, #5325, #58, #2769, #3889, #5639, #1664, #4271, #242, #5664, #4649, #4772, #4334, #748, #4745, #2479, #2073, #619, #2537, #178, #2416, #4678, #4205, #648, #1546, #2042, #3770, #2859, #1981, #3830, #3330, #5613, #5550, #1606, #3362, #684, #5120, #1098, #2887, #3390, #5150, #4302, #301 ),
 .UNSPECIFIED., .F., .F.,
 ( 4, 2, 2, 1, 1, 1, 1, 2, 2, 2, 2, 2, 1, 1, 1, 2, 2, 2, 2, 1, 1, 1, 1, 1, 2, 2, 2, 2, 2, 1, 1, 1, 2, 2, 2, 4 ),
 ( 0.000000000000000000, 0.1249999999996360411, 0.1874999999994536315, 0.2187499999993619548, 0.2343749999993166022, 0.2421874999992939537, 0.2460937499992822131, 0.2480468749992763566, 0.2499999999992705002, 0.3749999999989133692, 0.4374999999987341792, 0.4687499999986439181, 0.4843749999985994537, 0.4921874999985774712, 0.4960937499985658139, 0.4980468749985599297, 0.4999999999985541566, 0.5624999999983406607, 0.5937499999982349674, 0.6093749999981822318, 0.6171874999981550314, 0.6210937499981413756, 0.6230468749981336041, 0.6240234374981297183, 0.6245117187481280530, 0.6249999999981262766, 0.6874999999984571231, 0.7187499999986233234, 0.7343749999987064792, 0.7421874999987487787, 0.7460937499987693178, 0.7480468749987801980, 0.7490234374987856381, 0.7499999999987910781, 0.8749999999993955946, 1.000000000000000000 ),
 .UNSPECIFIED. ) ;
#1871 = B_SPLINE_CURVE_WITH_KNOTS ( 'NONE', 3,
 ( #5083, #1600, #1972, #4642, #4267, #2532, #1503, #3287, #3854, #172 ),
 .UNSPECIFIED., .F., .F.,
 ( 4, 3, 3, 4 ),
 ( 0.000000000000000000, 0.0002592685389358195271, 0.0006983587851603210344, 0.0007139257881426249678 ),
 .UNSPECIFIED. ) ;
#1872 = CARTESIAN_POINT ( 'NONE',  ( -33.13414373676626212, 6.369851035975595543, 21.49048943030066638 ) ) ;
#1873 = CARTESIAN_POINT ( 'NONE',  ( -6.369999999796419843, -34.45114492800529860, 23.76796895712404734 ) ) ;
#1874 = CARTESIAN_POINT ( 'NONE',  ( -6.369999999928280587, -40.39678599096760081, 26.74181602621380094 ) ) ;
#1875 = CARTESIAN_POINT ( 'NONE',  ( 3.773695274608744654, 36.42009448152644779, 23.80917560843045067 ) ) ;
#1876 = CARTESIAN_POINT ( 'NONE',  ( -39.86387350048988054, -5.208072006327840064, 26.49799732406480146 ) ) ;
#1877 = DIRECTION ( 'NONE',  ( -1.000000000000000000, 0.000000000000000000, 0.000000000000000000 ) ) ;
#1878 = LINE ( 'NONE', #1288, #281 ) ;
#1879 = AXIS2_PLACEMENT_3D ( 'NONE', #2510, #4304, #5763 ) ;
#1880 = CARTESIAN_POINT ( 'NONE',  ( 5.286164085118022271, -40.02441970608717980, 26.54351016698551646 ) ) ;
#1881 = ORIENTED_EDGE ( 'NONE', *, *, #2119, .T. ) ;
#1882 = CARTESIAN_POINT ( 'NONE',  ( 7.028732457385271637, -33.25371515059331529, -26.28672350711880057 ) ) ;
#1883 = CARTESIAN_POINT ( 'NONE',  ( 36.94834784636655201, -3.984032293514410128, 24.57658721908104837 ) ) ;
#1884 = ORIENTED_EDGE ( 'NONE', *, *, #1364, .F. ) ;
#1885 = FACE_OUTER_BOUND ( 'NONE', #2336, .T. ) ;
#1886 = CARTESIAN_POINT ( 'NONE',  ( 38.25718143141705241, 6.370006455620743857, 26.35402232090451591 ) ) ;
#1887 = CARTESIAN_POINT ( 'NONE',  ( -35.58499999999724395, 3.401644651190070423, 21.12748665268780002 ) ) ;
#1888 = ORIENTED_EDGE ( 'NONE', *, *, #2309, .F. ) ;
#1889 = CARTESIAN_POINT ( 'NONE',  ( -35.58499999999724395, -3.370805018348849824, 18.75000000000000000 ) ) ;
#1890 = CARTESIAN_POINT ( 'NONE',  ( 41.46260784174750569, 6.264005567915839734, 26.74977149653825137 ) ) ;
#1891 = VECTOR ( 'NONE', #2087, 1000.000000000000000 ) ;
#1892 = DIRECTION ( 'NONE',  ( -1.000000000000000000, 0.000000000000000000, 0.000000000000000000 ) ) ;
#1893 = APPROVAL_PERSON_ORGANIZATION ( #431, #1711, #5738 ) ;
#1894 = CARTESIAN_POINT ( 'NONE',  ( -39.10092091337983788, 4.862684645504060654, 26.21163923248560224 ) ) ;
#1895 = CARTESIAN_POINT ( 'NONE',  ( -41.50000000000000000, 52.00000000000000000, -41.89999999999999858 ) ) ;
#1896 = TOROIDAL_SURFACE ( 'NONE', #1047, 8.500000000000000000, 2.000000000000000000 ) ;
#1897 = CARTESIAN_POINT ( 'NONE',  ( -0.3585035219581256261, -58.79990711068118969, 26.75000000000000000 ) ) ;
#1898 = DIRECTION ( 'NONE',  ( 1.000000000000000000, 0.000000000000000000, 0.000000000000000000 ) ) ;
#1899 = DIRECTION ( 'NONE',  ( 5.446541525829851370E-16, -1.000000000000000000, 0.000000000000000000 ) ) ;
#1900 = ORIENTED_EDGE ( 'NONE', *, *, #2119, .F. ) ;
#1901 = CARTESIAN_POINT ( 'NONE',  ( 34.25821006070489005, 6.369903839121523248, 23.51811936886234378 ) ) ;
#1902 = CARTESIAN_POINT ( 'NONE',  ( -40.77543378064560642, -6.370000000004250040, 26.75000000000000000 ) ) ;
#1903 = CARTESIAN_POINT ( 'NONE',  ( 0.000000000000000000, 0.000000000000000000, 18.75000000000000000 ) ) ;
#1904 = CARTESIAN_POINT ( 'NONE',  ( 5.769103640481521467, 39.47008758432213682, 26.38081540440445139 ) ) ;
#1905 = CARTESIAN_POINT ( 'NONE',  ( -35.78307133657030903, -3.507259046024888693, 22.29091457739029636 ) ) ;
#1906 = CARTESIAN_POINT ( 'NONE',  ( -7.121194250324709429, 33.34460751757239194, -26.37070009757054834 ) ) ;
#1907 = DIRECTION ( 'NONE',  ( 0.000000000000000000, 0.000000000000000000, 1.000000000000000000 ) ) ;
#1908 = ORIENTED_EDGE ( 'NONE', *, *, #5259, .F. ) ;
#1909 = VECTOR ( 'NONE', #4827, 1000.000000000000000 ) ;
#1910 = LINE ( 'NONE', #5018, #1979 ) ;
#1911 = CARTESIAN_POINT ( 'NONE',  ( 40.77543378064670065, -6.369999999997220108, 26.75000000000000000 ) ) ;
#1912 = VERTEX_POINT ( 'NONE', #2217 ) ;
#1913 = AXIS2_PLACEMENT_3D ( 'NONE', #1231, #4840, #5676 ) ;
#1914 = CARTESIAN_POINT ( 'NONE',  ( 3.370805018344539938, 35.58500000000000085, 18.75000000000000000 ) ) ;
#1915 = CARTESIAN_POINT ( 'NONE',  ( -40.33665143391569785, 41.02405378704104777, -41.89999999999999858 ) ) ;
#1916 = CARTESIAN_POINT ( 'NONE',  ( -40.29886942667054939, 6.370000000019629738, 26.73672580134604715 ) ) ;
#1917 = EDGE_LOOP ( 'NONE', ( #177, #2365, #695, #159 ) ) ;
#1918 = EDGE_CURVE ( 'NONE', #2763, #2930, #4914, .T. ) ;
#1919 = CARTESIAN_POINT ( 'NONE',  ( -41.50000000000000000, -50.00000000000000000, -28.75000000000000000 ) ) ;
#1920 = CARTESIAN_POINT ( 'NONE',  ( -40.07671307857700072, -40.33665143391584706, -57.89999999999999858 ) ) ;
#1921 = FACE_OUTER_BOUND ( 'NONE', #3032, .T. ) ;
#1922 = CARTESIAN_POINT ( 'NONE',  ( 6.370000000006999841, -41.31504705301455260, 26.75000000000000000 ) ) ;
#1923 = DIRECTION ( 'NONE',  ( -1.000000000000000000, 1.672022627447524747E-16, 0.000000000000000000 ) ) ;
#1924 = CARTESIAN_POINT ( 'NONE',  ( 33.07599124294156212, -6.842569400222798137, -26.08035679726385681 ) ) ;
#1925 = EDGE_CURVE ( 'NONE', #4995, #3869, #2768, .T. ) ;
#1926 = CARTESIAN_POINT ( 'NONE',  ( -5.730493809366770108, 35.72060367004651482, 22.07621144685118253 ) ) ;
#1927 = CYLINDRICAL_SURFACE ( 'NONE', #3300, 2.000000000000001776 ) ;
#1928 = ORIENTED_EDGE ( 'NONE', *, *, #1958, .T. ) ;
#1929 = EDGE_CURVE ( 'NONE', #715, #3739, #804, .T. ) ;
#1930 = CARTESIAN_POINT ( 'NONE',  ( -35.05247021687128495, 6.369806506113080857, 24.42511928774015928 ) ) ;
#1931 = EDGE_CURVE ( 'NONE', #2836, #2864, #1444, .T. ) ;
#1932 = FACE_OUTER_BOUND ( 'NONE', #3972, .T. ) ;
#1933 = CARTESIAN_POINT ( 'NONE',  ( 40.91146100686847120, 6.138674064778046890, 26.71358963244351870 ) ) ;
#1934 = CARTESIAN_POINT ( 'NONE',  ( 3.374767283362670067, 35.58500000000000085, 20.08371539900699787 ) ) ;
#1935 = CARTESIAN_POINT ( 'NONE',  ( 4.862684645511781589, 39.10092091339578957, 26.21163923249160632 ) ) ;
#1936 = CARTESIAN_POINT ( 'NONE',  ( -6.595769460492392433, 32.85038134162891765, -25.69267847140687877 ) ) ;
#1937 = DIRECTION ( 'NONE',  ( 0.000000000000000000, 0.000000000000000000, -1.000000000000000000 ) ) ;
#1938 = CARTESIAN_POINT ( 'NONE',  ( 5.112913289009168416, -39.66196504644855736, 26.43417387862669798 ) ) ;
#1939 = ORIENTED_EDGE ( 'NONE', *, *, #4560, .F. ) ;
#1940 = AXIS2_PLACEMENT_3D ( 'NONE', #4417, #4500, #4532 ) ;
#1941 = DIRECTION ( 'NONE',  ( 0.000000000000000000, 0.000000000000000000, -1.000000000000000000 ) ) ;
#1942 = ORIENTED_EDGE ( 'NONE', *, *, #2571, .F. ) ;
#1943 =( BOUNDED_SURFACE ( )  B_SPLINE_SURFACE ( 3, 2, ( 
 ( #2891, #4682, #652 ),
 ( #4829, #812, #1158 ),
 ( #1644, #4802, #787 ),
 ( #2982, #1194, #335 ),
 ( #5239, #4338, #4718 ),
 ( #3479, #1669, #4369 ),
 ( #2575, #3454, #5668 ),
 ( #1580, #3941, #246 ),
 ( #2601, #1220, #3040 ),
 ( #5184, #3012, #3426 ),
 ( #2130, #4776, #754 ),
 ( #2543, #1249, #306 ),
 ( #3918, #2952, #5692 ),
 ( #5643, #1692, #2105 ),
 ( #357, #5154, #5266 ),
 ( #3866, #3394, #4393 ),
 ( #3366, #4308, #3894 ),
 ( #2154, #3837, #1128 ),
 ( #4749, #276, #2920 ),
 ( #688, #2048, #2486 ),
 ( #4275, #5212, #5617 ),
 ( #1611, #721, #2513 ),
 ( #2077, #227, #162 ),
 ( #3784, #5135, #1050 ),
 ( #98, #5467, #2495 ),
 ( #1902, #1560, #701 ) ),
 .UNSPECIFIED., .F., .F., .T. ) 
 B_SPLINE_SURFACE_WITH_KNOTS ( ( 4, 2, 2, 2, 2, 2, 2, 2, 2, 2, 2, 2, 4 ),
 ( 3, 3 ),
 ( 0.005213381595401449936, 0.006908200393195449915, 0.008603019190989460302, 0.009450428589886459424, 0.01029783798878346028, 0.01199265678657746026, 0.01368747558437146024, 0.01453488498326845936, 0.01538229438216550012, 0.01707711317995950009, 0.01792452257885649922, 0.01834822727830499878, 0.01877193197775349834 ),
 ( 0.000000000000000000, 1.000000000000000000 ),
 .UNSPECIFIED. ) 
 GEOMETRIC_REPRESENTATION_ITEM ( )  RATIONAL_B_SPLINE_SURFACE ( (
 ( 1.000000000000000000, 0.7425474685659700924, 1.000000000000000000),
 ( 1.000000000000000000, 0.7575803416355160191, 1.000000000000000000),
 ( 1.000000000000000000, 0.7726976139986919678, 1.000000000000000000),
 ( 1.000000000000000000, 0.8017180761602029637, 1.000000000000000000),
 ( 1.000000000000000000, 0.8157608312597719458, 1.000000000000000000),
 ( 1.000000000000000000, 0.8362512015395440201, 1.000000000000000000),
 ( 1.000000000000000000, 0.8430100611302889790, 1.000000000000000000),
 ( 1.000000000000000000, 0.8560894244541989995, 1.000000000000000000),
 ( 1.000000000000000000, 0.8624403672847960056, 1.000000000000000000),
 ( 1.000000000000000000, 0.8809820985952300232, 1.000000000000000000),
 ( 1.000000000000000000, 0.8926656535062580389, 1.000000000000000000),
 ( 1.000000000000000000, 0.9148622398995309712, 1.000000000000000000),
 ( 1.000000000000000000, 0.9250316790794420596, 1.000000000000000000),
 ( 1.000000000000000000, 0.9391130261444210481, 1.000000000000000000),
 ( 1.000000000000000000, 0.9436095765121319534, 1.000000000000000000),
 ( 1.000000000000000000, 0.9522263116222630108, 1.000000000000000000),
 ( 1.000000000000000000, 0.9563635350268280266, 1.000000000000000000),
 ( 1.000000000000000000, 0.9680181395222570151, 1.000000000000000000),
 ( 1.000000000000000000, 0.9748405035969490706, 1.000000000000000000),
 ( 1.000000000000000000, 0.9837836556114569753, 1.000000000000000000),
 ( 1.000000000000000000, 0.9865481439546700537, 1.000000000000000000),
 ( 1.000000000000000000, 0.9903617326875250315, 1.000000000000000000),
 ( 1.000000000000000000, 0.9915787963443649655, 1.000000000000000000),
 ( 1.000000000000000000, 0.9938734720205919526, 1.000000000000000000),
 ( 1.000000000000000000, 0.9949554279142329705, 1.000000000000000000),
 ( 1.000000000000000000, 0.9959502448730990221, 1.000000000000000000) ) ) 
 REPRESENTATION_ITEM ( '' )  SURFACE ( )  );
#1944 = CYLINDRICAL_SURFACE ( 'NONE', #5564, 3.000000000000000000 ) ;
#1945 = CARTESIAN_POINT ( 'NONE',  ( -36.06042247735311435, 5.568025807420181827, 23.10848827329704847 ) ) ;
#1946 = ORIENTED_EDGE ( 'NONE', *, *, #1790, .F. ) ;
#1947 = CARTESIAN_POINT ( 'NONE',  ( 32.89326045844150315, -6.369999999997229878, 20.67227652433085439 ) ) ;
#1948 = CARTESIAN_POINT ( 'NONE',  ( -33.49623191294037383, -7.272470419735262759, -26.48595485369545699 ) ) ;
#1949 = CARTESIAN_POINT ( 'NONE',  ( 39.21431344851524869, 6.369999999905799903, 26.60993602499080168 ) ) ;
#1950 = CARTESIAN_POINT ( 'NONE',  ( -39.27831405816309029, 4.940104320183109188, 26.28908046728460945 ) ) ;
#1951 = VERTEX_POINT ( 'NONE', #4209 ) ;
#1952 = CARTESIAN_POINT ( 'NONE',  ( 32.74474496470822515, -6.475569513695749180, -25.40176581400723776 ) ) ;
#1953 = ORIENTED_EDGE ( 'NONE', *, *, #5583, .T. ) ;
#1954 = ADVANCED_FACE ( 'NONE', ( #532 ), #5309, .T. ) ;
#1955 = CARTESIAN_POINT ( 'NONE',  ( -40.91146100686707854, -6.138674064781412198, 26.71358963244410489 ) ) ;
#1956 = LINE ( 'NONE', #628, #1426 ) ;
#1957 = EDGE_LOOP ( 'NONE', ( #3729, #1632, #4442, #4131 ) ) ;
#1958 = EDGE_CURVE ( 'NONE', #2946, #2653, #5017, .T. ) ;
#1959 = ORIENTED_EDGE ( 'NONE', *, *, #2429, .F. ) ;
#1960 = CARTESIAN_POINT ( 'NONE',  ( 1.193324896542076084E-15, -6.370000000004239382, 26.75000000000000000 ) ) ;
#1961 = FACE_OUTER_BOUND ( 'NONE', #411, .T. ) ;
#1962 = EDGE_CURVE ( 'NONE', #4597, #2864, #5125, .T. ) ;
#1963 = FACE_OUTER_BOUND ( 'NONE', #762, .T. ) ;
#1964 = ADVANCED_FACE ( 'NONE', ( #5555 ), #1943, .T. ) ;
#1965 = CYLINDRICAL_SURFACE ( 'NONE', #5436, 82.65000000000000568 ) ;
#1966 = CARTESIAN_POINT ( 'NONE',  ( 5.314761686860864920, 40.08196616553492220, 26.55869850155875866 ) ) ;
#1967 = CARTESIAN_POINT ( 'NONE',  ( 58.79990711068128917, -0.3585035219581707011, 48.25000000000000000 ) ) ;
#1968 = CARTESIAN_POINT ( 'NONE',  ( 6.370000000006999841, -40.77543378064515167, 26.75000000000000000 ) ) ;
#1969 = DIRECTION ( 'NONE',  ( 0.000000000000000000, 0.000000000000000000, -1.000000000000000000 ) ) ;
#1970 = ORIENTED_EDGE ( 'NONE', *, *, #1869, .F. ) ;
#1971 = CARTESIAN_POINT ( 'NONE',  ( 35.58500000000303487, 6.153964580361455106, 20.37052769473359959 ) ) ;
#1972 = CARTESIAN_POINT ( 'NONE',  ( -6.016165986339579774, 41.17598386478589845, 26.73640032031060088 ) ) ;
#1973 = AXIS2_PLACEMENT_3D ( 'NONE', #2292, #3582, #5390 ) ;
#1974 = VECTOR ( 'NONE', #4942, 1000.000000000000000 ) ;
#1975 = EDGE_LOOP ( 'NONE', ( #2106, #2072, #792, #1029 ) ) ;
#1976 = CARTESIAN_POINT ( 'NONE',  ( 3.370805018351494819, -35.58500000000145036, 18.75000000000000000 ) ) ;
#1977 = CARTESIAN_POINT ( 'NONE',  ( -38.81793372241534712, 6.370000000250060523, 26.52378888771924892 ) ) ;
#1978 = EDGE_LOOP ( 'NONE', ( #1180, #435, #689, #600 ) ) ;
#1979 = VECTOR ( 'NONE', #461, 1000.000000000000000 ) ;
#1980 = EDGE_CURVE ( 'NONE', #5315, #5590, #2028, .T. ) ;
#1981 = CARTESIAN_POINT ( 'NONE',  ( 37.52377276230798486, -6.369883270134357289, 26.07952927791539466 ) ) ;
#1982 = CARTESIAN_POINT ( 'NONE',  ( -37.58499999999724395, -3.370805018348849824, -26.75000000000000000 ) ) ;
#1983 = CARTESIAN_POINT ( 'NONE',  ( -4.216678765472770429, -37.53424505771540254, 25.18018020255301082 ) ) ;
#1984 = CARTESIAN_POINT ( 'NONE',  ( 39.80723392607760047, 6.370000000051260436, 26.69508090187220262 ) ) ;
#1985 = CARTESIAN_POINT ( 'NONE',  ( -3.370805018337555303, -35.58500000000150010, 19.41670979740765191 ) ) ;
#1986 = ORIENTED_EDGE ( 'NONE', *, *, #4950, .T. ) ;
#1987 = CIRCLE ( 'NONE', #1317, 8.500000000000000000 ) ;
#1988 = CARTESIAN_POINT ( 'NONE',  ( 33.61069569552495295, -7.384845269949028790, -26.56167989218166525 ) ) ;
#1989 = ORIENTED_EDGE ( 'NONE', *, *, #5329, .F. ) ;
#1990 = CYLINDRICAL_SURFACE ( 'NONE', #1311, 5.461000000000000298 ) ;
#1991 = AXIS2_PLACEMENT_3D ( 'NONE', #5010, #988, #133 ) ;
#1992 = CARTESIAN_POINT ( 'NONE',  ( 41.50000000000000000, -52.00000000000000000, -39.89999999999999858 ) ) ;
#1993 = SECURITY_CLASSIFICATION ( '', '', #2261 ) ;
#1994 = ORIENTED_EDGE ( 'NONE', *, *, #1175, .T. ) ;
#1995 = CIRCLE ( 'NONE', #3298, 5.461000000000000298 ) ;
#1996 = ORIENTED_EDGE ( 'NONE', *, *, #4671, .T. ) ;
#1997 = CARTESIAN_POINT ( 'NONE',  ( 35.98805333121121919, 6.369988315429153225, 25.20757047610423385 ) ) ;
#1998 = AXIS2_PLACEMENT_3D ( 'NONE', #2837, #158, #2868 ) ;
#1999 = CARTESIAN_POINT ( 'NONE',  ( 6.720069407045081711, 32.96242418787115724, -25.90958113105222438 ) ) ;
#2000 = CARTESIAN_POINT ( 'NONE',  ( 35.89548499948870131, 3.556950734603758768, 22.65749473880703135 ) ) ;
#2001 = CARTESIAN_POINT ( 'NONE',  ( -35.58499999999841634, 6.281802516816710202, 19.40896185967623211 ) ) ;
#2002 = DIRECTION ( 'NONE',  ( 0.000000000000000000, 0.000000000000000000, -1.000000000000000000 ) ) ;
#2003 = CARTESIAN_POINT ( 'NONE',  ( 5.881894752806533511, -40.00825131906461962, 26.54468578407486845 ) ) ;
#2004 = DIRECTION ( 'NONE',  ( 0.000000000000000000, 0.000000000000000000, 1.000000000000000000 ) ) ;
#2005 = ORIENTED_EDGE ( 'NONE', *, *, #5122, .F. ) ;
#2006 = ADVANCED_FACE ( 'NONE', ( #1961 ), #3717, .F. ) ;
#2007 = CARTESIAN_POINT ( 'NONE',  ( -37.58499999999724395, -3.370805018348849824, -24.75000000000000000 ) ) ;
#2008 = CARTESIAN_POINT ( 'NONE',  ( -3.370805018337555303, -35.58500000000150010, 18.75000000000000000 ) ) ;
#2009 = VERTEX_POINT ( 'NONE', #3814 ) ;
#2010 = CARTESIAN_POINT ( 'NONE',  ( -6.168188170242619783, -41.35195847424474636, 26.74649669316304923 ) ) ;
#2011 = CARTESIAN_POINT ( 'NONE',  ( 3.386891796958805045, -32.58500000000145036, 20.75000000000000000 ) ) ;
#2012 = AXIS2_PLACEMENT_3D ( 'NONE', #1967, #3753, #5537 ) ;
#2013 = ORIENTED_EDGE ( 'NONE', *, *, #5134, .T. ) ;
#2014 = DIRECTION ( 'NONE',  ( 0.000000000000000000, 0.000000000000000000, -1.000000000000000000 ) ) ;
#2015 = CARTESIAN_POINT ( 'NONE',  ( 32.75904537894724200, 6.492244420907310243, -25.45076097972010487 ) ) ;
#2016 = AXIS2_PLACEMENT_3D ( 'NONE', #940, #973, #2735 ) ;
#2017 = CARTESIAN_POINT ( 'NONE',  ( -32.69509622134541615, -6.417853777311195884, -25.19052758246272816 ) ) ;
#2018 = CARTESIAN_POINT ( 'NONE',  ( 38.65505634857419892, 4.672740176730919792, 25.98922386612769841 ) ) ;
#2019 = CARTESIAN_POINT ( 'NONE',  ( -35.74179287266800742, 3.493261101560143800, 22.31050157328211014 ) ) ;
#2020 = ORIENTED_EDGE ( 'NONE', *, *, #909, .T. ) ;
#2021 = EDGE_CURVE ( 'NONE', #1675, #5748, #5105, .T. ) ;
#2022 = EDGE_LOOP ( 'NONE', ( #2928, #3339, #5322, #1209 ) ) ;
#2023 = CARTESIAN_POINT ( 'NONE',  ( -6.369999999838309890, 33.02234269659550137, 21.18423187738509839 ) ) ;
#2024 = FACE_OUTER_BOUND ( 'NONE', #4778, .T. ) ;
#2025 = EDGE_LOOP ( 'NONE', ( #1074, #5155, #4497, #3766 ) ) ;
#2026 = ORIENTED_EDGE ( 'NONE', *, *, #1308, .F. ) ;
#2027 = DIRECTION ( 'NONE',  ( 1.506068933560779996E-17, -0.02604568891383799920, 0.9996607535004080614 ) ) ;
#2028 = LINE ( 'NONE', #1017, #2754 ) ;
#2029 = LINE ( 'NONE', #5166, #1807 ) ;
#2030 = CARTESIAN_POINT ( 'NONE',  ( 0.000000000000000000, 0.000000000000000000, -48.30079999999999529 ) ) ;
#2031 = CARTESIAN_POINT ( 'NONE',  ( -35.58499999999264674, 6.302097268762548055, 19.08069851385786819 ) ) ;
#2032 = CARTESIAN_POINT ( 'NONE',  ( -41.50000000000000000, 41.50000000000000000, -41.89999999999999858 ) ) ;
#2033 = CARTESIAN_POINT ( 'NONE',  ( 5.550584966310042390, -37.98639330361681488, 25.56066876211065519 ) ) ;
#2034 = CARTESIAN_POINT ( 'NONE',  ( -4.214494276756947322, 37.52872151816678326, 25.18751249227374700 ) ) ;
#2035 = VERTEX_POINT ( 'NONE', #2873 ) ;
#2036 = CARTESIAN_POINT ( 'NONE',  ( 35.58500000000424990, 6.281802516831541894, 19.40896185967659449 ) ) ;
#2037 = DIRECTION ( 'NONE',  ( 0.000000000000000000, 0.000000000000000000, -1.000000000000000000 ) ) ;
#2038 = PERSON_AND_ORGANIZATION ( #4234, #2280 ) ;
#2039 = CARTESIAN_POINT ( 'NONE',  ( -41.04528918709655017, 5.903547014044350227, 26.72567671803269818 ) ) ;
#2040 = AXIS2_PLACEMENT_3D ( 'NONE', #1011, #2774, #2364 ) ;
#2041 = EDGE_LOOP ( 'NONE', ( #1292, #5051, #5698, #23 ) ) ;
#2042 = CARTESIAN_POINT ( 'NONE',  ( 36.97519819504240957, -6.370000009026218102, 25.81686561542939629 ) ) ;
#2043 = ADVANCED_FACE ( 'NONE', ( #1932 ), #5498, .F. ) ;
#2044 = CARTESIAN_POINT ( 'NONE',  ( 33.49850313183186756, 7.274817383926482250, -26.48852270707069678 ) ) ;
#2045 = EDGE_CURVE ( 'NONE', #358, #5024, #36, .T. ) ;
#2046 = CARTESIAN_POINT ( 'NONE',  ( -32.77484315828527883, -6.510335778834775766, -25.50168224363256897 ) ) ;
#2047 = CARTESIAN_POINT ( 'NONE',  ( 36.42009448153014972, 3.773695274609479622, 23.80917560842960157 ) ) ;
#2048 = CARTESIAN_POINT ( 'NONE',  ( -40.00825131906265142, -5.881894752805192361, 26.54468578407532675 ) ) ;
#2049 = ORIENTED_EDGE ( 'NONE', *, *, #5328, .F. ) ;
#2050 = ORIENTED_EDGE ( 'NONE', *, *, #1836, .T. ) ;
#2051 = CARTESIAN_POINT ( 'NONE',  ( -6.370000000026269760, 38.02191694328584504, 26.27692598701470317 ) ) ;
#2052 = DIRECTION ( 'NONE',  ( 0.000000000000000000, 0.000000000000000000, -1.000000000000000000 ) ) ;
#2053 = ORIENTED_EDGE ( 'NONE', *, *, #3681, .F. ) ;
#2054 = ORIENTED_EDGE ( 'NONE', *, *, #3554, .F. ) ;
#2055 = DIRECTION ( 'NONE',  ( 0.8673494157388630388, 0.4976996996356868319, 0.000000000000000000 ) ) ;
#2056 = AXIS2_PLACEMENT_3D ( 'NONE', #3917, #3507, #5667 ) ;
#2057 = AXIS2_PLACEMENT_3D ( 'NONE', #3048, #2630, #3069 ) ;
#2058 = LINE ( 'NONE', #255, #2855 ) ;
#2059 = EDGE_CURVE ( 'NONE', #1486, #2487, #1729, .T. ) ;
#2060 = CARTESIAN_POINT ( 'NONE',  ( 34.33826971683699725, 8.053330544175910433, -26.75000000000000000 ) ) ;
#2061 = CARTESIAN_POINT ( 'NONE',  ( -41.58107748232835377, 6.366603003314270204, 26.75000000000000000 ) ) ;
#2062 = DIRECTION ( 'NONE',  ( 0.9063077870366496036, -0.4226182617407001074, 0.000000000000000000 ) ) ;
#2063 = CARTESIAN_POINT ( 'NONE',  ( -50.16732543915724563, -3.666935421121977345, 26.75000000000000000 ) ) ;
#2064 = CARTESIAN_POINT ( 'NONE',  ( 6.369976812591507276, 37.92875836372248699, 26.24035184041673574 ) ) ;
#2065 = CARTESIAN_POINT ( 'NONE',  ( -4.511522160505078816, 38.26618405970749848, 25.75194617305350064 ) ) ;
#2066 = B_SPLINE_CURVE_WITH_KNOTS ( 'NONE', 3,
 ( #5173, #2171, #4820, #3525, #2971, #1634, #1659, #3415, #3444, #4327, #5255, #741, #805, #5660, #1286, #294, #5227, #1183, #2147, #3883, #2531, #4767, #2095, #5634, #2594, #325, #1264, #3078, #1239, #4384, #2997, #2122, #3931, #349, #1210, #4793, #2563, #4408, #5202, #5707, #849 ),
 .UNSPECIFIED., .F., .F.,
 ( 4, 2, 2, 2, 2, 2, 2, 1, 1, 2, 2, 2, 1, 1, 1, 2, 2, 2, 2, 1, 1, 2, 2, 4 ),
 ( 0.000000000000000000, 0.1249999999999176770, 0.1874999999998785138, 0.2187499999998571421, 0.2499999999998357980, 0.3124999999997941647, 0.3437499999997761790, 0.3593749999997674638, 0.3671874999997644107, 0.3710937499997600253, 0.3749999999997556954, 0.4374999999997141731, 0.4687499999996945221, 0.4843749999996855848, 0.4921874999996811439, 0.4960937499996801447, 0.4999999999996791455, 0.6249999999997160050, 0.6874999999997372102, 0.7187499999997463140, 0.7343749999997509770, 0.7421874999997558620, 0.7499999999997608580, 1.000000000000000000 ),
 .UNSPECIFIED. ) ;
#2067 = VERTEX_POINT ( 'NONE', #1258 ) ;
#2068 = CARTESIAN_POINT ( 'NONE',  ( 7.607819237009729285, -33.84504809655071256, -26.67095026879286834 ) ) ;
#2069 = CYLINDRICAL_SURFACE ( 'NONE', #3955, 2.000000000000001776 ) ;
#2070 = APPLICATION_PROTOCOL_DEFINITION ( 'international standard', 'config_control_design', 1994, #1354 ) ;
#2071 = DIRECTION ( 'NONE',  ( 0.000000000000000000, 0.000000000000000000, -1.000000000000000000 ) ) ;
#2072 = ORIENTED_EDGE ( 'NONE', *, *, #750, .T. ) ;
#2073 = CARTESIAN_POINT ( 'NONE',  ( 36.64608767557245272, -6.369986962763753979, 25.63496662923764191 ) ) ;
#2074 = DIRECTION ( 'NONE',  ( 0.000000000000000000, 0.000000000000000000, 1.000000000000000000 ) ) ;
#2075 = CARTESIAN_POINT ( 'NONE',  ( 6.369999969639936310, -36.91716156399591142, 25.78593983135609236 ) ) ;
#2076 = CARTESIAN_POINT ( 'NONE',  ( 40.00825131906686494, 5.881894752802100612, 26.54468578407391277 ) ) ;
#2077 = CARTESIAN_POINT ( 'NONE',  ( -40.39678599096674816, -6.369999999940150204, 26.74181602621395371 ) ) ;
#2078 = ORIENTED_EDGE ( 'NONE', *, *, #4265, .T. ) ;
#2079 = AXIS2_PLACEMENT_3D ( 'NONE', #978, #84, #4618 ) ;
#2080 = ORIENTED_EDGE ( 'NONE', *, *, #5160, .F. ) ;
#2081 = CARTESIAN_POINT ( 'NONE',  ( -6.369999999902839605, 39.21431344851504974, 26.60993602499059918 ) ) ;
#2082 = AXIS2_PLACEMENT_3D ( 'NONE', #212, #2014, #3802 ) ;
#2083 = VERTEX_POINT ( 'NONE', #316 ) ;
#2084 = DIRECTION ( 'NONE',  ( 0.000000000000000000, -0.9996607535004079503, -0.02604568891383801307 ) ) ;
#2085 = VECTOR ( 'NONE', #2744, 1000.000000000000000 ) ;
#2086 = DIRECTION ( 'NONE',  ( 0.000000000000000000, 0.000000000000000000, -1.000000000000000000 ) ) ;
#2087 = DIRECTION ( 'NONE',  ( 0.000000000000000000, 0.000000000000000000, 1.000000000000000000 ) ) ;
#2088 = CARTESIAN_POINT ( 'NONE',  ( -6.369999913298789451, -35.77906949619163868, 25.05173465877497918 ) ) ;
#2089 = CARTESIAN_POINT ( 'NONE',  ( 3.747103206452660373, 36.35390986751554010, 23.69472138064477917 ) ) ;
#2090 = CARTESIAN_POINT ( 'NONE',  ( -6.510335778805043994, 32.77484315827265249, -25.50168224357367208 ) ) ;
#2091 = CARTESIAN_POINT ( 'NONE',  ( 6.369999971026779839, 38.66596692507398814, 26.49319366941585230 ) ) ;
#2092 = CARTESIAN_POINT ( 'NONE',  ( -4.998061680301316478, 39.41073743267143215, 26.34501266741258618 ) ) ;
#2093 = ORIENTED_EDGE ( 'NONE', *, *, #1339, .F. ) ;
#2094 = ADVANCED_FACE ( 'NONE', ( #1677 ), #1280, .F. ) ;
#2095 = CARTESIAN_POINT ( 'NONE',  ( -7.019324570764958082, -33.24467392471557048, -26.27686551910646529 ) ) ;
#2096 = CARTESIAN_POINT ( 'NONE',  ( -3.374767283362849923, 35.58500000000000085, 20.08371539900699787 ) ) ;
#2097 = CARTESIAN_POINT ( 'NONE',  ( -5.959793779160570182, -41.11063729280095203, 26.73157882434020038 ) ) ;
#2098 = DIRECTION ( 'NONE',  ( -1.000000000000000000, 0.000000000000000000, 0.000000000000000000 ) ) ;
#2099 = ORIENTED_EDGE ( 'NONE', *, *, #2681, .F. ) ;
#2100 = LINE ( 'NONE', #3450, #470 ) ;
#2101 = FACE_OUTER_BOUND ( 'NONE', #5132, .T. ) ;
#2102 = AXIS2_PLACEMENT_3D ( 'NONE', #2032, #4260, #4733 ) ;
#2103 = CARTESIAN_POINT ( 'NONE',  ( 6.369998280147684433, -35.85756048336092761, 25.11148854224836313 ) ) ;
#2104 = CYLINDRICAL_SURFACE ( 'NONE', #3834, 33.27000000000000313 ) ;
#2105 = CARTESIAN_POINT ( 'NONE',  ( -38.18536040912569973, -4.479019300629735412, 25.69735837497690056 ) ) ;
#2106 = ORIENTED_EDGE ( 'NONE', *, *, #1980, .F. ) ;
#2107 = VERTEX_POINT ( 'NONE', #3874 ) ;
#2108 = EDGE_LOOP ( 'NONE', ( #1582, #2623, #2606, #2734 ) ) ;
#2109 = CIRCLE ( 'NONE', #1344, 27.75118145901925359 ) ;
#2110 = CARTESIAN_POINT ( 'NONE',  ( -5.567873153224907945, 38.13877324201835251, 25.67092839607126464 ) ) ;
#2111 = ORIENTED_EDGE ( 'NONE', *, *, #1774, .T. ) ;
#2112 = CARTESIAN_POINT ( 'NONE',  ( 0.000000000000000000, 0.000000000000000000, 18.75000000000000000 ) ) ;
#2113 = CARTESIAN_POINT ( 'NONE',  ( 52.00000000000000000, -41.50000000000000000, -39.89999999999999858 ) ) ;
#2114 = DIRECTION ( 'NONE',  ( -1.000000000000000000, 0.000000000000000000, 0.000000000000000000 ) ) ;
#2115 = DIRECTION ( 'NONE',  ( 0.000000000000000000, 0.000000000000000000, -1.000000000000000000 ) ) ;
#2116 = EDGE_CURVE ( 'NONE', #1134, #1326, #2058, .T. ) ;
#2117 = CARTESIAN_POINT ( 'NONE',  ( -5.517382305970657264, -40.46796000359878320, 26.64593825770346314 ) ) ;
#2118 = CARTESIAN_POINT ( 'NONE',  ( 6.370337550979249919, 39.15495629883339035, 26.60069846558183926 ) ) ;
#2119 = EDGE_CURVE ( 'NONE', #4583, #4838, #4449, .T. ) ;
#2120 = CARTESIAN_POINT ( 'NONE',  ( 40.80587310406535551, -5.718981702503929121, 26.70155037086934513 ) ) ;
#2121 = VERTEX_POINT ( 'NONE', #2113 ) ;
#2122 = CARTESIAN_POINT ( 'NONE',  ( -6.642720093206470722, -32.89184852557112038, -25.78232848450642933 ) ) ;
#2123 = CARTESIAN_POINT ( 'NONE',  ( 5.665588989263889097, 35.80766466816242399, 22.42176019486872107 ) ) ;
#2124 = DIRECTION ( 'NONE',  ( 0.000000000000000000, 0.000000000000000000, 1.000000000000000000 ) ) ;
#2125 = ORIENTED_EDGE ( 'NONE', *, *, #4620, .T. ) ;
#2126 = DIRECTION ( 'NONE',  ( -1.000000000000000000, 0.000000000000000000, 0.000000000000000000 ) ) ;
#2127 = DIRECTION ( 'NONE',  ( 0.000000000000000000, 0.000000000000000000, 1.000000000000000000 ) ) ;
#2128 = CARTESIAN_POINT ( 'NONE',  ( 6.370000152530314708, -38.15979172522491325, 26.32181024420272664 ) ) ;
#2129 = CARTESIAN_POINT ( 'NONE',  ( -46.10499999999999687, 0.000000000000000000, 48.25000000000000000 ) ) ;
#2130 = CARTESIAN_POINT ( 'NONE',  ( -35.75443616475555331, -6.369999999853609651, 25.04805023947185205 ) ) ;
#2131 = ORIENTED_EDGE ( 'NONE', *, *, #3512, .T. ) ;
#2132 = EDGE_LOOP ( 'NONE', ( #4374, #2125, #1489, #3637, #4390, #3811, #2013, #324 ) ) ;
#2133 = VERTEX_POINT ( 'NONE', #3023 ) ;
#2134 = CARTESIAN_POINT ( 'NONE',  ( -5.903547014046650609, 41.04528918709700491, 26.72567671803249922 ) ) ;
#2135 = ORIENTED_EDGE ( 'NONE', *, *, #4042, .F. ) ;
#2136 = CARTESIAN_POINT ( 'NONE',  ( -38.10525666573956016, 6.369999202313763043, 26.30326717353436905 ) ) ;
#2137 = EDGE_CURVE ( 'NONE', #5292, #2850, #4365, .T. ) ;
#2138 = CARTESIAN_POINT ( 'NONE',  ( 7.199729280106700990, 33.42271505362503348, -26.43306372402312121 ) ) ;
#2139 = DIRECTION ( 'NONE',  ( 0.000000000000000000, 0.000000000000000000, 1.000000000000000000 ) ) ;
#2140 = CARTESIAN_POINT ( 'NONE',  ( -6.369951085409494063, -37.80860064819352573, 26.19518044001545221 ) ) ;
#2141 = EDGE_CURVE ( 'NONE', #202, #4007, #3845, .T. ) ;
#2142 = CARTESIAN_POINT ( 'NONE',  ( 6.369999712413667581, 38.12204242969028201, 26.30901128023778313 ) ) ;
#2143 = CARTESIAN_POINT ( 'NONE',  ( -4.812844644327705979, 38.98531279860500831, 26.15763356555014596 ) ) ;
#2144 = ORIENTED_EDGE ( 'NONE', *, *, #4291, .T. ) ;
#2145 = EDGE_CURVE ( 'NONE', #4686, #1486, #1624, .T. ) ;
#2146 = EDGE_CURVE ( 'NONE', #3228, #110, #1987, .T. ) ;
#2147 = CARTESIAN_POINT ( 'NONE',  ( -7.213103190492883954, -33.43641297361695308, -26.44323834175440169 ) ) ;
#2148 = CARTESIAN_POINT ( 'NONE',  ( -3.371078389168979506, 35.58500000000000085, 19.41695418761370107 ) ) ;
#2149 = CARTESIAN_POINT ( 'NONE',  ( -6.369996260827173629, 34.01829980782726892, 23.18165352381796751 ) ) ;
#2150 = FACE_OUTER_BOUND ( 'NONE', #308, .T. ) ;
#2151 = ORIENTED_EDGE ( 'NONE', *, *, #140, .F. ) ;
#2152 = DIRECTION ( 'NONE',  ( 0.000000000000000000, 0.000000000000000000, 1.000000000000000000 ) ) ;
#2153 = CYLINDRICAL_SURFACE ( 'NONE', #2056, 3.000000000000000000 ) ;
#2154 = CARTESIAN_POINT ( 'NONE',  ( -38.81793372241624951, -6.370000000258919215, 26.52378888772015131 ) ) ;
#2155 = ORIENTED_EDGE ( 'NONE', *, *, #3245, .T. ) ;
#2156 = ORIENTED_EDGE ( 'NONE', *, *, #4326, .T. ) ;
#2157 = ORIENTED_EDGE ( 'NONE', *, *, #4265, .F. ) ;
#2158 = CARTESIAN_POINT ( 'NONE',  ( -3.893735784599519967, 36.72014354162480743, 24.28162700625419745 ) ) ;
#2159 = CIRCLE ( 'NONE', #5624, 1.999999999999998224 ) ;
#2160 = CIRCLE ( 'NONE', #5424, 34.00000000000000000 ) ;
#2161 = ORIENTED_EDGE ( 'NONE', *, *, #1836, .F. ) ;
#2162 = CARTESIAN_POINT ( 'NONE',  ( -52.00000000000000000, -41.50000000000000000, -41.89999999999999858 ) ) ;
#2163 = AXIS2_PLACEMENT_3D ( 'NONE', #1058, #4740, #3726 ) ;
#2164 = DIRECTION ( 'NONE',  ( 1.000000000000000000, 0.000000000000000000, 0.000000000000000000 ) ) ;
#2165 = DIRECTION ( 'NONE',  ( 0.000000000000000000, 0.000000000000000000, -1.000000000000000000 ) ) ;
#2166 = CARTESIAN_POINT ( 'NONE',  ( -6.369893952100924572, -35.31519027424361923, 24.66746908130630445 ) ) ;
#2167 = DIRECTION ( 'NONE',  ( 0.000000000000000000, 0.000000000000000000, 1.000000000000000000 ) ) ;
#2168 = CARTESIAN_POINT ( 'NONE',  ( -41.50000000000000000, 52.00000000000000000, -39.89999999999999858 ) ) ;
#2169 = VECTOR ( 'NONE', #2632, 1000.000000000000000 ) ;
#2170 = VECTOR ( 'NONE', #3151, 1000.000000000000000 ) ;
#2171 = CARTESIAN_POINT ( 'NONE',  ( -7.989041907019088562, -34.26521301226491545, -26.75000000000000711 ) ) ;
#2172 = DIRECTION ( 'NONE',  ( -1.000000000000000000, 0.000000000000000000, 0.000000000000000000 ) ) ;
#2173 = TOROIDAL_SURFACE ( 'NONE', #673, 41.27000000000000313, 8.000000000000000000 ) ;
#2174 = CIRCLE ( 'NONE', #3495, 25.00000000000000000 ) ;
#2175 = CARTESIAN_POINT ( 'NONE',  ( 0.000000000000000000, 0.000000000000000000, -24.75000000000000000 ) ) ;
#2176 = EDGE_CURVE ( 'NONE', #3739, #715, #1238, .T. ) ;
#2177 = CIRCLE ( 'NONE', #481, 33.27000000000000313 ) ;
#2178 = CYLINDRICAL_SURFACE ( 'NONE', #4704, 33.27000000000000313 ) ;
#2179 = ORIENTED_EDGE ( 'NONE', *, *, #5490, .F. ) ;
#2180 = CARTESIAN_POINT ( 'NONE',  ( 6.369970381385664737, -34.10947078091735563, 23.31362810893292803 ) ) ;
#2181 = LINE ( 'NONE', #1668, #4858 ) ;
#2182 = CARTESIAN_POINT ( 'NONE',  ( -32.65449433079535169, -6.370000000004284679, 19.38922875141078705 ) ) ;
#2183 = EDGE_LOOP ( 'NONE', ( #4372, #1900, #2179, #1946 ) ) ;
#2184 = ORIENTED_EDGE ( 'NONE', *, *, #441, .F. ) ;
#2185 = ORIENTED_EDGE ( 'NONE', *, *, #484, .F. ) ;
#2186 = LINE ( 'NONE', #3976, #934 ) ;
#2187 = CARTESIAN_POINT ( 'NONE',  ( -36.92876712430013697, -6.369998677353837735, 25.79211885184066588 ) ) ;
#2188 = VERTEX_POINT ( 'NONE', #1171 ) ;
#2189 = CARTESIAN_POINT ( 'NONE',  ( 37.58500000000424990, 3.370805018347220017, -24.75000000000000000 ) ) ;
#2190 = CIRCLE ( 'NONE', #3505, 10.50000000000000178 ) ;
#2191 = VECTOR ( 'NONE', #3405, 1000.000000000000000 ) ;
#2192 = DIRECTION ( 'NONE',  ( -1.000000000000000000, 0.000000000000000000, 0.000000000000000000 ) ) ;
#2193 = DIRECTION ( 'NONE',  ( 0.000000000000000000, 0.000000000000000000, -1.000000000000000000 ) ) ;
#2194 = CARTESIAN_POINT ( 'NONE',  ( -6.369775463056616793, -34.43830232753072806, 23.76635413348190795 ) ) ;
#2195 = VECTOR ( 'NONE', #5532, 1000.000000000000000 ) ;
#2196 = CARTESIAN_POINT ( 'NONE',  ( 35.72060367005083492, 5.730493809372552150, 22.07621144685225190 ) ) ;
#2197 = CARTESIAN_POINT ( 'NONE',  ( -3.984032293511395206, -36.94834784636635305, 24.57658721908384791 ) ) ;
#2198 = CARTESIAN_POINT ( 'NONE',  ( -6.369999999993099848, -32.65449433079752595, 19.38922875141115654 ) ) ;
#2199 = ADVANCED_FACE ( 'NONE', ( #765 ), #3952, .F. ) ;
#2200 = CARTESIAN_POINT ( 'NONE',  ( 6.092036909195070571, -35.58500000000142904, 20.67951872141291503 ) ) ;
#2201 = COORDINATED_UNIVERSAL_TIME_OFFSET ( 1, 0, .AHEAD. ) ;
#2202 = CARTESIAN_POINT ( 'NONE',  ( 82.65000000000000568, 1.012170579495287987E-14, 48.25000000000000000 ) ) ;
#2203 = EDGE_CURVE ( 'NONE', #2300, #222, #5262, .T. ) ;
#2204 = CARTESIAN_POINT ( 'NONE',  ( 35.76352620304389518, -3.499309520440945231, 22.25081759593049924 ) ) ;
#2205 = ADVANCED_FACE ( 'NONE', ( #2523 ), #2285, .T. ) ;
#2206 = ORIENTED_EDGE ( 'NONE', *, *, #2811, .F. ) ;
#2207 = DIRECTION ( 'NONE',  ( 1.000000000000000000, 6.505213034913020688E-16, 0.000000000000000000 ) ) ;
#2208 = CARTESIAN_POINT ( 'NONE',  ( -3.370805018344575021, 37.58500000000000085, -26.75000000000000000 ) ) ;
#2209 = DIRECTION ( 'NONE',  ( -5.446541525829849398E-16, 1.000000000000000000, 0.000000000000000000 ) ) ;
#2210 = ORIENTED_EDGE ( 'NONE', *, *, #279, .T. ) ;
#2211 = ORIENTED_EDGE ( 'NONE', *, *, #2220, .T. ) ;
#2212 = ADVANCED_FACE ( 'NONE', ( #83 ), #4120, .T. ) ;
#2213 = EDGE_CURVE ( 'NONE', #3839, #591, #3861, .T. ) ;
#2214 = CARTESIAN_POINT ( 'NONE',  ( -40.07671307857700072, -40.33665143391584706, -41.89999999999999858 ) ) ;
#2215 = AXIS2_PLACEMENT_3D ( 'NONE', #1915, #3639, #4557 ) ;
#2216 = CARTESIAN_POINT ( 'NONE',  ( -5.309587560080582413, -40.07159876931157783, 26.55599944209838625 ) ) ;
#2217 = CARTESIAN_POINT ( 'NONE',  ( 35.56305378704065134, 41.28399214238000070, -41.89999999999999858 ) ) ;
#2218 = ORIENTED_EDGE ( 'NONE', *, *, #1980, .T. ) ;
#2219 = CARTESIAN_POINT ( 'NONE',  ( -32.65449433079535879, -6.370000000004250040, 18.75000000000000000 ) ) ;
#2220 = EDGE_CURVE ( 'NONE', #2653, #2850, #3980, .T. ) ;
#2221 = CIRCLE ( 'NONE', #1673, 9.525000000000000355 ) ;
#2222 = CARTESIAN_POINT ( 'NONE',  ( -41.50000000000000000, -50.00000000000000000, -39.89999999999999858 ) ) ;
#2223 = CARTESIAN_POINT ( 'NONE',  ( 6.359809012755589741, 41.57323245022644898, 26.74998846038660005 ) ) ;
#2224 = CARTESIAN_POINT ( 'NONE',  ( -33.19640484594565777, 6.969333427562080630, -26.22575325228966392 ) ) ;
#2225 = DIRECTION ( 'NONE',  ( 0.000000000000000000, 0.000000000000000000, 1.000000000000000000 ) ) ;
#2226 = CARTESIAN_POINT ( 'NONE',  ( -6.207242184578523059, -35.58500000000032770, 20.05572867702186102 ) ) ;
#2227 = ADVANCED_FACE ( 'NONE', ( #117 ), #392, .T. ) ;
#2228 = CARTESIAN_POINT ( 'NONE',  ( -6.370000000255640060, -33.63101067088919649, 22.58044848908505031 ) ) ;
#2229 = CARTESIAN_POINT ( 'NONE',  ( -6.370000000274909979, -35.40797844743799772, 24.76512582817914776 ) ) ;
#2230 = TOROIDAL_SURFACE ( 'NONE', #3255, 36.00000000000000000, 1.500000000000000000 ) ;
#2231 = CARTESIAN_POINT ( 'NONE',  ( 6.370000000023940068, 40.29886942666954752, 26.73672580134604715 ) ) ;
#2232 = CARTESIAN_POINT ( 'NONE',  ( -6.369999999993000372, -35.58500000000150010, 20.75000000000000000 ) ) ;
#2233 = DIRECTION ( 'NONE',  ( -1.000000000000000000, 0.000000000000000000, 0.000000000000000000 ) ) ;
#2234 = PERSON_AND_ORGANIZATION_ROLE ( 'classification_officer' ) ;
#2235 = ADVANCED_FACE ( 'NONE', ( #3200 ), #1755, .T. ) ;
#2236 = CARTESIAN_POINT ( 'NONE',  ( -6.369999997217863807, 35.79678614805921200, 25.06533687078149697 ) ) ;
#2237 = DIRECTION ( 'NONE',  ( 1.000000000000000000, 0.000000000000000000, 0.000000000000000000 ) ) ;
#2238 = CARTESIAN_POINT ( 'NONE',  ( 36.15588851179174412, -3.666524847722854918, 23.31128879812129640 ) ) ;
#2239 = ORIENTED_EDGE ( 'NONE', *, *, #3024, .T. ) ;
#2240 = CARTESIAN_POINT ( 'NONE',  ( 6.369903839070667928, -34.25821006055585372, 23.51811936865166786 ) ) ;
#2241 = DIRECTION ( 'NONE',  ( 0.000000000000000000, 0.000000000000000000, -1.000000000000000000 ) ) ;
#2242 = CARTESIAN_POINT ( 'NONE',  ( 6.369999999999989448, 32.73296161925356529, 20.03651244881922722 ) ) ;
#2243 = EDGE_LOOP ( 'NONE', ( #3873, #2869, #3168 ) ) ;
#2244 = DIRECTION ( 'NONE',  ( 0.000000000000000000, 0.000000000000000000, -1.000000000000000000 ) ) ;
#2245 = CARTESIAN_POINT ( 'NONE',  ( -5.903547014035050111, -41.04528918709979735, 26.72567671803259870 ) ) ;
#2246 = CARTESIAN_POINT ( 'NONE',  ( -36.48373803072889388, -6.369971228164411414, 25.54109606627001838 ) ) ;
#2247 = CARTESIAN_POINT ( 'NONE',  ( 0.000000000000000000, 0.000000000000000000, 26.75000000000000000 ) ) ;
#2248 = B_SPLINE_CURVE_WITH_KNOTS ( 'NONE', 3,
 ( #4147, #55, #1448, #2765, #437, #1413, #3196, #3166, #941, #2354 ),
 .UNSPECIFIED., .F., .F.,
 ( 4, 3, 3, 4 ),
 ( 0.000000000000000000, 0.0002592685389339665172, 0.0006983587851584609771, 0.0007139257881407740178 ),
 .UNSPECIFIED. ) ;
#2249 = FACE_OUTER_BOUND ( 'NONE', #5621, .T. ) ;
#2250 = CIRCLE ( 'NONE', #1027, 1.500000000000001332 ) ;
#2251 = CARTESIAN_POINT ( 'NONE',  ( -33.09016077851545390, 6.858584051340618437, -26.10710608464504645 ) ) ;
#2252 = VECTOR ( 'NONE', #4684, 1000.000000000000000 ) ;
#2253 = DIRECTION ( 'NONE',  ( -0.8647002625786103236, -0.4961795709445301350, 0.07809794666817290731 ) ) ;
#2254 = CARTESIAN_POINT ( 'NONE',  ( 36.10056294791728249, -3.643737698369006850, 23.19071503662605238 ) ) ;
#2255 = CIRCLE ( 'NONE', #1410, 34.00000000000000000 ) ;
#2256 = CARTESIAN_POINT ( 'NONE',  ( -4.298525160561295522, -37.73990400501709530, 25.37069840418709887 ) ) ;
#2257 = CARTESIAN_POINT ( 'NONE',  ( 3.666524847726075009, 36.15588851178799956, 23.31128879812229826 ) ) ;
#2258 = CARTESIAN_POINT ( 'NONE',  ( -39.41073743275865837, -4.998061680341884028, 26.34501266744755910 ) ) ;
#2259 = CARTESIAN_POINT ( 'NONE',  ( -41.04528918709809915, 5.903547014039969731, 26.72567671803284739 ) ) ;
#2260 = CARTESIAN_POINT ( 'NONE',  ( 3.773695274613919626, -36.42009448152739992, 23.80917560842964775 ) ) ;
#2261 = SECURITY_CLASSIFICATION_LEVEL ( 'unclassified' ) ;
#2262 = EDGE_CURVE ( 'NONE', #3614, #3483, #1870, .T. ) ;
#2263 = CARTESIAN_POINT ( 'NONE',  ( -6.369999915424131132, 36.91853324671200198, 25.78667121169665322 ) ) ;
#2264 = CARTESIAN_POINT ( 'NONE',  ( 40.77543378064744672, 5.903547014042350050, 29.71351507704855166 ) ) ;
#2265 = VECTOR ( 'NONE', #89, 1000.000000000000000 ) ;
#2266 = VECTOR ( 'NONE', #99, 1000.000000000000000 ) ;
#2267 = CARTESIAN_POINT ( 'NONE',  ( 38.22156841374765435, -6.369999999870259444, 26.34507798675739920 ) ) ;
#2268 = CIRCLE ( 'NONE', #384, 5.461000000000000298 ) ;
#2269 = VERTEX_POINT ( 'NONE', #2447 ) ;
#2270 = CARTESIAN_POINT ( 'NONE',  ( -41.50000000000000000, -52.00000000000000000, -41.89999999999999858 ) ) ;
#2271 = CARTESIAN_POINT ( 'NONE',  ( 40.77543378064744672, 6.370000000002770335, 26.75000000000000000 ) ) ;
#2272 = CARTESIAN_POINT ( 'NONE',  ( -32.89326045843964863, -6.370000000004250040, 20.67227652432875118 ) ) ;
#2273 = VECTOR ( 'NONE', #5464, 1000.000000000000000 ) ;
#2274 = VERTEX_POINT ( 'NONE', #5180 ) ;
#2275 = FACE_OUTER_BOUND ( 'NONE', #613, .T. ) ;
#2276 = CARTESIAN_POINT ( 'NONE',  ( -41.58499999999725105, 6.369999999995749285, 26.75000000000000000 ) ) ;
#2277 = CARTESIAN_POINT ( 'NONE',  ( -37.50350101965782557, -6.369859693934204259, 26.07254004566962635 ) ) ;
#2278 = CARTESIAN_POINT ( 'NONE',  ( 36.94410026618611198, 6.369994849675204129, 25.80025259234923851 ) ) ;
#2279 = CARTESIAN_POINT ( 'NONE',  ( 0.000000000000000000, 0.000000000000000000, 26.75000000000000000 ) ) ;
#2280 = ORGANIZATION ( 'NON SPECIFICATO', 'NON SPECIFICATO', '' ) ;
#2281 = CARTESIAN_POINT ( 'NONE',  ( -32.58499999999725105, -3.386891796956549960, 20.75000000000000000 ) ) ;
#2282 = FACE_OUTER_BOUND ( 'NONE', #2794, .T. ) ;
#2283 = DIRECTION ( 'NONE',  ( 5.446541525829849398E-16, -1.000000000000000000, 0.000000000000000000 ) ) ;
#2284 = FACE_OUTER_BOUND ( 'NONE', #4677, .T. ) ;
#2285 =( BOUNDED_SURFACE ( )  B_SPLINE_SURFACE ( 3, 2, ( 
 ( #4316, #285, #4376 ),
 ( #795, #342, #5218 ),
 ( #1203, #2989, #1861 ),
 ( #2828, #149, #1305 ),
 ( #5025, #1451, #3097 ),
 ( #1889, #5453, #1006 ) ),
 .UNSPECIFIED., .F., .F., .F. ) 
 B_SPLINE_SURFACE_WITH_KNOTS ( ( 4, 2, 4 ),
 ( 3, 3 ),
 ( 0.006856434198051960041, 0.007868423652443569047, 0.008880413106835190196 ),
 ( 0.000000000000000000, 1.000000000000000000 ),
 .UNSPECIFIED. ) 
 GEOMETRIC_REPRESENTATION_ITEM ( )  RATIONAL_B_SPLINE_SURFACE ( (
 ( 1.000000000000000000, 0.7425474685659930740, 1.000000000000000000),
 ( 1.000000000000000000, 0.7340242781238259795, 1.000000000000000000),
 ( 1.000000000000000000, 0.7271203083346150509, 1.000000000000000000),
 ( 1.000000000000000000, 0.7177217103487019134, 1.000000000000000000),
 ( 1.000000000000000000, 0.7152352449321450756, 1.000000000000000000),
 ( 1.000000000000000000, 0.7152498783406759930, 1.000000000000000000) ) ) 
 REPRESENTATION_ITEM ( '' )  SURFACE ( )  );
#2286 = CARTESIAN_POINT ( 'NONE',  ( -6.369999999728659823, -33.20207998356274715, 21.67598539906079935 ) ) ;
#2287 = CARTESIAN_POINT ( 'NONE',  ( -5.832443026308450129, -40.96267973622964575, 26.71821560258305084 ) ) ;
#2288 = EDGE_CURVE ( 'NONE', #2850, #5315, #2100, .T. ) ;
#2289 = CARTESIAN_POINT ( 'NONE',  ( 6.370000000080709768, 37.43558719849995242, 26.04233634654869789 ) ) ;
#2290 = CARTESIAN_POINT ( 'NONE',  ( -39.04475538306363802, -4.838418979391412300, 26.18574385392502890 ) ) ;
#2291 = DIRECTION ( 'NONE',  ( 0.000000000000000000, 0.000000000000000000, -1.000000000000000000 ) ) ;
#2292 = CARTESIAN_POINT ( 'NONE',  ( -41.50000000000000000, 50.00000000000000000, -28.75000000000000000 ) ) ;
#2293 = CARTESIAN_POINT ( 'NONE',  ( -38.36997326526103080, -6.370024200788034108, 26.38988076489289725 ) ) ;
#2294 = DIRECTION ( 'NONE',  ( 0.000000000000000000, 0.000000000000000000, -1.000000000000000000 ) ) ;
#2295 = DIRECTION ( 'NONE',  ( -1.000000000000000000, 0.000000000000000000, 0.000000000000000000 ) ) ;
#2296 = ORIENTED_EDGE ( 'NONE', *, *, #5256, .T. ) ;
#2297 = CYLINDRICAL_SURFACE ( 'NONE', #2016, 37.50000000000000000 ) ;
#2298 = DIRECTION ( 'NONE',  ( -1.000000000000000000, 0.000000000000000000, 0.000000000000000000 ) ) ;
#2299 = CARTESIAN_POINT ( 'NONE',  ( 6.370000000004489848, -32.65449433090289943, 19.08058457314140099 ) ) ;
#2300 = VERTEX_POINT ( 'NONE', #1066 ) ;
#2301 = DIRECTION ( 'NONE',  ( -1.000000000000000000, 0.000000000000000000, 0.000000000000000000 ) ) ;
#2302 = DIRECTION ( 'NONE',  ( -5.446541525829849398E-16, 1.000000000000000000, 0.000000000000000000 ) ) ;
#2303 = CARTESIAN_POINT ( 'NONE',  ( -40.55804532885890268, 5.568764890800969702, 26.66205224415935859 ) ) ;
#2304 = FACE_OUTER_BOUND ( 'NONE', #3793, .T. ) ;
#2305 = CARTESIAN_POINT ( 'NONE',  ( 35.82299214237989560, -40.07671307857690124, -26.75000000000000000 ) ) ;
#2306 = DIRECTION ( 'NONE',  ( 0.000000000000000000, 0.000000000000000000, 1.000000000000000000 ) ) ;
#2307 = CARTESIAN_POINT ( 'NONE',  ( -33.52181232187604820, 7.297600485136967130, -26.50314202588020507 ) ) ;
#2308 = CARTESIAN_POINT ( 'NONE',  ( 38.13877324201955332, 5.567873153226999605, 25.67092839606945986 ) ) ;
#2309 = EDGE_CURVE ( 'NONE', #2415, #2274, #2947, .T. ) ;
#2310 = CIRCLE ( 'NONE', #3060, 37.50000000000000000 ) ;
#2311 = CARTESIAN_POINT ( 'NONE',  ( -33.94304503963126507, 6.369999261025048654, 23.06834960579505633 ) ) ;
#2312 = DIRECTION ( 'NONE',  ( 0.000000000000000000, -1.000000000000000000, 0.000000000000000000 ) ) ;
#2313 = CARTESIAN_POINT ( 'NONE',  ( -4.188028593744570038, -37.46222370800420265, 25.12538896387630061 ) ) ;
#2314 = CARTESIAN_POINT ( 'NONE',  ( 5.903547014046620411, 41.04528918709700491, 26.72567671803249922 ) ) ;
#2315 = DIRECTION ( 'NONE',  ( -1.000000000000000000, 5.348730717595150738E-15, 0.000000000000000000 ) ) ;
#2316 = CARTESIAN_POINT ( 'NONE',  ( 41.75000000000000000, 0.000000000000000000, -41.89999999999999858 ) ) ;
#2317 = CARTESIAN_POINT ( 'NONE',  ( 6.369999999845790128, -36.86086500838785440, 25.76815908326700111 ) ) ;
#2318 = VERTEX_POINT ( 'NONE', #716 ) ;
#2319 =( BOUNDED_SURFACE ( )  B_SPLINE_SURFACE ( 3, 2, ( 
 ( #4386, #5736, #3445 ),
 ( #4409, #350, #3932 ),
 ( #2096, #4847, #5306 ),
 ( #2148, #3960, #1287 ),
 ( #806, #295, #1660 ),
 ( #1737, #3884, #2595 ) ),
 .UNSPECIFIED., .F., .F., .F. ) 
 B_SPLINE_SURFACE_WITH_KNOTS ( ( 4, 2, 4 ),
 ( 3, 3 ),
 ( 0.006856434198054340082, 0.007868423652445949087, 0.008880413106837559828 ),
 ( 0.000000000000000000, 1.000000000000000000 ),
 .UNSPECIFIED. ) 
 GEOMETRIC_REPRESENTATION_ITEM ( )  RATIONAL_B_SPLINE_SURFACE ( (
 ( 1.000000000000000000, 0.7425474685657890150, 1.000000000000000000),
 ( 1.000000000000000000, 0.7340242781236050451, 1.000000000000000000),
 ( 1.000000000000000000, 0.7271203083344131013, 1.000000000000000000),
 ( 1.000000000000000000, 0.7177217103484629934, 1.000000000000000000),
 ( 1.000000000000000000, 0.7152352449320100725, 1.000000000000000000),
 ( 1.000000000000000000, 0.7152498783403529181, 1.000000000000000000) ) ) 
 REPRESENTATION_ITEM ( '' )  SURFACE ( )  );
#2320 = CARTESIAN_POINT ( 'NONE',  ( 3.417677574210009617, 35.58500000000000085, 21.53772686443992512 ) ) ;
#2321 = CARTESIAN_POINT ( 'NONE',  ( 36.57108811507267632, -5.486810673080809941, 24.07463000795984343 ) ) ;
#2322 = EDGE_LOOP ( 'NONE', ( #1769, #5423, #4001, #2144, #4311, #1557 ) ) ;
#2323 = CARTESIAN_POINT ( 'NONE',  ( -3.370805018337559744, -32.58500000000150010, 26.75000000000000000 ) ) ;
#2324 = CARTESIAN_POINT ( 'NONE',  ( 40.03833620357033141, 6.370302795721881850, 26.72899508849486949 ) ) ;
#2325 = CARTESIAN_POINT ( 'NONE',  ( -36.15588851178574714, 3.666524847723880320, 23.31128879812324683 ) ) ;
#2326 = CIRCLE ( 'NONE', #1290, 82.65000000000000568 ) ;
#2327 = ORIENTED_EDGE ( 'NONE', *, *, #1925, .F. ) ;
#2328 = CARTESIAN_POINT ( 'NONE',  ( 35.58500000000424279, -3.370805018341700432, 18.75000000000000000 ) ) ;
#2329 = CARTESIAN_POINT ( 'NONE',  ( 41.35195847424749616, -6.168188170246839519, 26.74649669316304923 ) ) ;
#2330 = DIRECTION ( 'NONE',  ( 0.000000000000000000, 0.000000000000000000, -1.000000000000000000 ) ) ;
#2331 = CARTESIAN_POINT ( 'NONE',  ( -39.90603005201077735, 5.227233341763170671, 26.51243585477757492 ) ) ;
#2332 = DIRECTION ( 'NONE',  ( -6.505213034913020688E-16, 1.000000000000000000, 0.000000000000000000 ) ) ;
#2333 = CARTESIAN_POINT ( 'NONE',  ( 33.32318340918913435, -7.099947408465258292, -26.35141141114898389 ) ) ;
#2334 = CARTESIAN_POINT ( 'NONE',  ( -6.370000000262689532, 33.63101067088774698, 22.58044848908510005 ) ) ;
#2335 = DIRECTION ( 'NONE',  ( 1.000000000000000000, 0.000000000000000000, 0.000000000000000000 ) ) ;
#2336 = EDGE_LOOP ( 'NONE', ( #1096, #1268, #3342, #1698 ) ) ;
#2337 = CARTESIAN_POINT ( 'NONE',  ( -35.31519027803980748, 6.369893952236402868, 24.66746908471524335 ) ) ;
#2338 = CARTESIAN_POINT ( 'NONE',  ( -41.50000000000000000, -41.50000000000000000, -26.75000000000000000 ) ) ;
#2339 = CARTESIAN_POINT ( 'NONE',  ( 41.31504705301659897, 6.370000000002770335, 26.75000000000000000 ) ) ;
#2340 = CARTESIAN_POINT ( 'NONE',  ( 6.369999999858909412, 34.91711289111950123, 24.28912300068950003 ) ) ;
#2341 = CARTESIAN_POINT ( 'NONE',  ( -25.00000000000000000, 0.000000000000000000, -34.72660000000000480 ) ) ;
#2342 = CARTESIAN_POINT ( 'NONE',  ( 0.000000000000000000, 0.000000000000000000, -48.30079999999999529 ) ) ;
#2343 = CARTESIAN_POINT ( 'NONE',  ( -37.58499999999724395, 3.370805018340389925, -26.75000000000000000 ) ) ;
#2344 = CIRCLE ( 'NONE', #3564, 10.50000000000000178 ) ;
#2345 = CARTESIAN_POINT ( 'NONE',  ( 4.214494276808642859, -37.52872151828430702, 25.18751249239422307 ) ) ;
#2346 = EDGE_CURVE ( 'NONE', #647, #4750, #5432, .T. ) ;
#2347 = ORIENTED_EDGE ( 'NONE', *, *, #3833, .T. ) ;
#2348 = ADVANCED_FACE ( 'NONE', ( #271 ), #5582, .F. ) ;
#2349 = CARTESIAN_POINT ( 'NONE',  ( 6.443328673218220004, -32.71652916211227335, -25.29721238080854562 ) ) ;
#2350 = CARTESIAN_POINT ( 'NONE',  ( 40.70301548336054509, -5.655620126617169952, 26.68546709506110304 ) ) ;
#2351 = VECTOR ( 'NONE', #4877, 1000.000000000000000 ) ;
#2352 = ORIENTED_EDGE ( 'NONE', *, *, #266, .F. ) ;
#2353 = CARTESIAN_POINT ( 'NONE',  ( -35.58499999999724395, -3.370805018348849824, 18.75000000000000000 ) ) ;
#2354 = CARTESIAN_POINT ( 'NONE',  ( -41.58499999999725105, -6.370000000004250040, 26.75000000000000000 ) ) ;
#2355 = ADVANCED_FACE ( 'NONE', ( #4711 ), #194, .F. ) ;
#2356 = CARTESIAN_POINT ( 'NONE',  ( -35.75443616475615727, 6.369999999848609207, 25.04805023947620057 ) ) ;
#2357 = EDGE_LOOP ( 'NONE', ( #4278, #3920, #307, #550 ) ) ;
#2358 = CARTESIAN_POINT ( 'NONE',  ( 35.58500000000302776, -6.302097268782666184, 19.08069851385837623 ) ) ;
#2359 = CARTESIAN_POINT ( 'NONE',  ( -5.903547014035050111, -41.04528918709979735, 26.72567671803259870 ) ) ;
#2360 = AXIS2_PLACEMENT_3D ( 'NONE', #65, #393, #4974 ) ;
#2361 = CARTESIAN_POINT ( 'NONE',  ( -33.84691293921057564, -7.608560996917711705, -26.66481438510578528 ) ) ;
#2362 = CARTESIAN_POINT ( 'NONE',  ( 6.292069547976502086, -41.36003397524376624, 26.74999999999945288 ) ) ;
#2363 = CYLINDRICAL_SURFACE ( 'NONE', #1519, 37.50000000000000000 ) ;
#2364 = DIRECTION ( 'NONE',  ( 1.000000000000000000, 0.000000000000000000, 0.000000000000000000 ) ) ;
#2365 = ORIENTED_EDGE ( 'NONE', *, *, #268, .T. ) ;
#2366 = CARTESIAN_POINT ( 'NONE',  ( 5.903547014042239915, 41.04528918709859653, 26.72567671803264844 ) ) ;
#2367 = CARTESIAN_POINT ( 'NONE',  ( -37.58499999999724395, 6.369999999995749285, -24.75000000000000000 ) ) ;
#2368 = ORIENTED_EDGE ( 'NONE', *, *, #421, .T. ) ;
#2369 = CARTESIAN_POINT ( 'NONE',  ( -36.11153136089226479, 6.369972515132022117, 25.29829319384195330 ) ) ;
#2370 = CARTESIAN_POINT ( 'NONE',  ( 6.723188401467928621, 32.96527840130790565, -25.91436819255983437 ) ) ;
#2371 = CARTESIAN_POINT ( 'NONE',  ( 41.04528918709814889, 5.903547014046750085, 26.72567671803220080 ) ) ;
#2372 = CARTESIAN_POINT ( 'NONE',  ( 6.370000000007169483, 32.65449433048625849, 19.08058457314109901 ) ) ;
#2373 = CARTESIAN_POINT ( 'NONE',  ( 5.517382306038259188, 40.46796000366671819, 26.64593825771682845 ) ) ;
#2374 = CARTESIAN_POINT ( 'NONE',  ( -6.959707614551670751, 33.18721256004931774, -26.21559809364298488 ) ) ;
#2375 = CARTESIAN_POINT ( 'NONE',  ( 5.451187110844309736, -40.35186322174249085, 26.62461899220545192 ) ) ;
#2376 = CARTESIAN_POINT ( 'NONE',  ( 3.673123644807879895, -36.17063272810541008, 23.36262559481833279 ) ) ;
#2377 = VERTEX_POINT ( 'NONE', #1640 ) ;
#2378 = VECTOR ( 'NONE', #5684, 1000.000000000000000 ) ;
#2379 = CARTESIAN_POINT ( 'NONE',  ( 7.092815810258358944, -33.31660378649883825, -26.34521660558289824 ) ) ;
#2380 = CARTESIAN_POINT ( 'NONE',  ( 38.33870111828120031, -4.541667107477519671, 25.79931481396049975 ) ) ;
#2381 = EDGE_LOOP ( 'NONE', ( #3065, #1250, #2602, #5128 ) ) ;
#2382 = DIRECTION ( 'NONE',  ( 1.000000000000000000, 5.446541525829849398E-16, 0.000000000000000000 ) ) ;
#2383 = CARTESIAN_POINT ( 'NONE',  ( -35.58065414161359996, 5.986062400812485862, 21.02108994158129462 ) ) ;
#2384 = ADVANCED_FACE ( 'NONE', ( #1189 ), #2178, .T. ) ;
#2385 = ORIENTED_EDGE ( 'NONE', *, *, #4435, .F. ) ;
#2386 = EDGE_CURVE ( 'NONE', #3896, #5556, #4040, .T. ) ;
#2387 = CARTESIAN_POINT ( 'NONE',  ( 33.94304503963169140, -6.369999261026505266, 23.06834960579612215 ) ) ;
#2388 = DIRECTION ( 'NONE',  ( 1.000000000000000000, 0.000000000000000000, 0.000000000000000000 ) ) ;
#2389 = CARTESIAN_POINT ( 'NONE',  ( -4.703644529758008730, -38.73236685927930267, 26.04054405951275797 ) ) ;
#2390 = CARTESIAN_POINT ( 'NONE',  ( -40.07159876931050491, 5.309587560086656666, 26.55599944209921404 ) ) ;
#2391 = ORIENTED_EDGE ( 'NONE', *, *, #1351, .T. ) ;
#2392 = CARTESIAN_POINT ( 'NONE',  ( 32.71797080137206137, -6.444563289550220730, -25.30255772611196718 ) ) ;
#2393 = EDGE_CURVE ( 'NONE', #5748, #2274, #2820, .T. ) ;
#2394 = EDGE_CURVE ( 'NONE', #2930, #2763, #293, .T. ) ;
#2395 = ORIENTED_EDGE ( 'NONE', *, *, #2309, .T. ) ;
#2396 = FACE_OUTER_BOUND ( 'NONE', #5178, .T. ) ;
#2397 = CARTESIAN_POINT ( 'NONE',  ( 50.00000000000000000, -41.50000000000000000, -41.89999999999999858 ) ) ;
#2398 = VERTEX_POINT ( 'NONE', #3529 ) ;
#2399 = VERTEX_POINT ( 'NONE', #5741 ) ;
#2400 = CARTESIAN_POINT ( 'NONE',  ( 35.80948082848006209, 6.369999830337643942, 25.07503383300025490 ) ) ;
#2401 = CARTESIAN_POINT ( 'NONE',  ( 6.862797360908778899, 33.09498888322020349, -26.10550600109160868 ) ) ;
#2402 = CARTESIAN_POINT ( 'NONE',  ( 36.65634267443877548, 3.868174297572517073, 24.17701173876895027 ) ) ;
#2403 = CARTESIAN_POINT ( 'NONE',  ( 6.302097268893345650, 35.58499999999995822, 18.74999999999998224 ) ) ;
#2404 = CARTESIAN_POINT ( 'NONE',  ( -8.274078149565912810, 62.82534605376145720, 48.25000000000000000 ) ) ;
#2405 = CYLINDRICAL_SURFACE ( 'NONE', #967, 2.000000000000001776 ) ;
#2406 = CARTESIAN_POINT ( 'NONE',  ( 6.138674064782841278, -40.91146100686774645, 26.71358963244369633 ) ) ;
#2407 = CARTESIAN_POINT ( 'NONE',  ( 4.812844644342837874, -38.98531279863758670, 26.15763356556503183 ) ) ;
#2408 = EDGE_CURVE ( 'NONE', #1228, #2984, #4825, .T. ) ;
#2409 = ORIENTED_EDGE ( 'NONE', *, *, #5694, .T. ) ;
#2410 = AXIS2_PLACEMENT_3D ( 'NONE', #584, #1969, #3723 ) ;
#2411 = CARTESIAN_POINT ( 'NONE',  ( 32.75709115666000315, 6.370000000031789789, 20.05646898451694682 ) ) ;
#2412 = VERTEX_POINT ( 'NONE', #1800 ) ;
#2413 = DIRECTION ( 'NONE',  ( -1.000000000000000000, 0.000000000000000000, 0.000000000000000000 ) ) ;
#2414 = CARTESIAN_POINT ( 'NONE',  ( -37.73990400501609344, 4.298525160565145775, 25.37069840418959998 ) ) ;
#2415 = VERTEX_POINT ( 'NONE', #1740 ) ;
#2416 = CARTESIAN_POINT ( 'NONE',  ( 36.89459183194670544, -6.369999860297804517, 25.77386701832624283 ) ) ;
#2417 = DIRECTION ( 'NONE',  ( 0.9063077870366497146, -0.4226182617406998854, 0.000000000000000000 ) ) ;
#2418 = CARTESIAN_POINT ( 'NONE',  ( -3.909517845166643468, -36.75982490525111501, 24.33635961206359966 ) ) ;
#2419 = CARTESIAN_POINT ( 'NONE',  ( 40.77543378064580537, 6.370000000002770335, 26.75000000000000000 ) ) ;
#2420 = CARTESIAN_POINT ( 'NONE',  ( -3.386891796945089794, -35.58500000000150010, 20.75000000000000000 ) ) ;
#2421 = EDGE_LOOP ( 'NONE', ( #4834, #3509, #336, #1939 ) ) ;
#2422 = CARTESIAN_POINT ( 'NONE',  ( 32.65449433079675146, -6.369999999997229878, -24.75000000000000000 ) ) ;
#2423 = VERTEX_POINT ( 'NONE', #809 ) ;
#2424 = CARTESIAN_POINT ( 'NONE',  ( -35.58499999999724395, 3.386891796948224620, 20.75000000000000000 ) ) ;
#2425 = DIRECTION ( 'NONE',  ( 1.000000000000000000, 0.000000000000000000, 0.000000000000000000 ) ) ;
#2426 = ORIENTED_EDGE ( 'NONE', *, *, #3680, .T. ) ;
#2427 = EDGE_LOOP ( 'NONE', ( #4282, #1831, #2352, #1251 ) ) ;
#2428 = CARTESIAN_POINT ( 'NONE',  ( -33.85937047288619084, 6.369989591967289755, 22.93800182825555467 ) ) ;
#2429 = EDGE_CURVE ( 'NONE', #5556, #3896, #4333, .T. ) ;
#2430 = CARTESIAN_POINT ( 'NONE',  ( 6.708044087115150766, 32.95143757293990916, -25.89090262314808655 ) ) ;
#2431 = DIRECTION ( 'NONE',  ( 5.446541525829849398E-16, -1.000000000000000000, 0.000000000000000000 ) ) ;
#2432 = CARTESIAN_POINT ( 'NONE',  ( 6.370000000029049758, 32.75709115665930682, 20.05646898451579929 ) ) ;
#2433 = CARTESIAN_POINT ( 'NONE',  ( -32.65449433091320230, 6.369999999993069650, 19.08058457314099954 ) ) ;
#2434 = CARTESIAN_POINT ( 'NONE',  ( -3.370805018344575021, 35.58500000000000085, 18.75000000000000000 ) ) ;
#2435 = CARTESIAN_POINT ( 'NONE',  ( 6.369999999942850266, -40.39678599096600209, 26.74181602621395371 ) ) ;
#2436 = CARTESIAN_POINT ( 'NONE',  ( 3.744191782669956670, -36.34602731498175388, 23.69914481971595066 ) ) ;
#2437 = ORIENTED_EDGE ( 'NONE', *, *, #5048, .F. ) ;
#2438 = CARTESIAN_POINT ( 'NONE',  ( 7.368280413835100795, -33.59427512837854835, -26.54775848168269192 ) ) ;
#2439 = FACE_OUTER_BOUND ( 'NONE', #1197, .T. ) ;
#2440 = CIRCLE ( 'NONE', #1879, 33.27000000000000313 ) ;
#2441 = ORIENTED_EDGE ( 'NONE', *, *, #1781, .T. ) ;
#2442 = ADVANCED_FACE ( 'NONE', ( #3058 ), #1796, .F. ) ;
#2443 = COORDINATED_UNIVERSAL_TIME_OFFSET ( 1, 0, .AHEAD. ) ;
#2444 = CARTESIAN_POINT ( 'NONE',  ( 50.00000000000000000, -41.50000000000000000, -28.75000000000000000 ) ) ;
#2445 = ORIENTED_EDGE ( 'NONE', *, *, #2646, .F. ) ;
#2446 = AXIS2_PLACEMENT_3D ( 'NONE', #2007, #2504, #1025 ) ;
#2447 = CARTESIAN_POINT ( 'NONE',  ( 82.65000000000000568, 1.012170579495287987E-14, 29.00000000000000000 ) ) ;
#2448 = DIRECTION ( 'NONE',  ( 0.000000000000000000, 0.000000000000000000, 1.000000000000000000 ) ) ;
#2449 = CARTESIAN_POINT ( 'NONE',  ( -32.83362745490423151, -6.576994693599915287, -25.65440884533974852 ) ) ;
#2450 = CARTESIAN_POINT ( 'NONE',  ( 36.21378689280485474, 5.532527689345891453, 23.44028736243455313 ) ) ;
#2451 = CARTESIAN_POINT ( 'NONE',  ( 8.274078149565957219, -62.82534605376135772, 5.100000000000000533 ) ) ;
#2452 = ORIENTED_EDGE ( 'NONE', *, *, #1170, .T. ) ;
#2453 = AXIS2_PLACEMENT_3D ( 'NONE', #1150, #2037, #238 ) ;
#2454 = EDGE_LOOP ( 'NONE', ( #5149, #4371, #4399, #5225 ) ) ;
#2455 = CARTESIAN_POINT ( 'NONE',  ( -41.04419041187634321, -6.370000000004250040, 26.75000000000000000 ) ) ;
#2456 = CARTESIAN_POINT ( 'NONE',  ( -32.65449433079700015, 6.369999999995749285, -24.75000000000000000 ) ) ;
#2457 = EDGE_LOOP ( 'NONE', ( #5771, #4555 ) ) ;
#2458 = CIRCLE ( 'NONE', #5542, 2.000000000000001776 ) ;
#2459 = ORIENTED_EDGE ( 'NONE', *, *, #5042, .F. ) ;
#2460 = CARTESIAN_POINT ( 'NONE',  ( -41.50000000000000000, 50.00000000000000000, -26.75000000000000000 ) ) ;
#2461 = AXIS2_PLACEMENT_3D ( 'NONE', #3520, #3072, #4404 ) ;
#2462 = CARTESIAN_POINT ( 'NONE',  ( 6.842569400556212322, 33.07599124323597550, -26.08035679767831994 ) ) ;
#2463 = FACE_OUTER_BOUND ( 'NONE', #2025, .T. ) ;
#2464 = CARTESIAN_POINT ( 'NONE',  ( 6.370000000250669814, 32.81739289347524391, 20.37137683594574966 ) ) ;
#2465 = CARTESIAN_POINT ( 'NONE',  ( -25.00000000000000000, 0.000000000000000000, 26.75000000000000000 ) ) ;
#2466 = DIRECTION ( 'NONE',  ( 0.000000000000000000, 0.000000000000000000, -1.000000000000000000 ) ) ;
#2467 = LINE ( 'NONE', #1534, #3563 ) ;
#2468 = CARTESIAN_POINT ( 'NONE',  ( -3.744191782665116541, 36.34602731498225836, 23.69914481971947851 ) ) ;
#2469 = VERTEX_POINT ( 'NONE', #406 ) ;
#2470 = ADVANCED_FACE ( 'NONE', ( #2618 ), #5531, .T. ) ;
#2471 = EDGE_CURVE ( 'NONE', #5267, #644, #5713, .T. ) ;
#2472 = CARTESIAN_POINT ( 'NONE',  ( 32.81739289347979849, 6.370000000252909800, 20.37137683594500004 ) ) ;
#2473 = DIRECTION ( 'NONE',  ( 0.9063077870366496036, -0.4226182617407001074, 0.000000000000000000 ) ) ;
#2474 = EDGE_LOOP ( 'NONE', ( #4708, #3798 ) ) ;
#2475 = APPROVAL_DATE_TIME ( #4237, #236 ) ;
#2476 = CARTESIAN_POINT ( 'NONE',  ( 6.370000000000000107, 32.89326045844055102, 20.67227652432920237 ) ) ;
#2477 = AXIS2_PLACEMENT_3D ( 'NONE', #2553, #5699, #2055 ) ;
#2478 = ORIENTED_EDGE ( 'NONE', *, *, #4080, .F. ) ;
#2479 = CARTESIAN_POINT ( 'NONE',  ( 36.49108749011249841, -6.369976243644546621, 25.54306005774802912 ) ) ;
#2480 = AXIS2_PLACEMENT_3D ( 'NONE', #3800, #1572, #5148 ) ;
#2481 = CARTESIAN_POINT ( 'NONE',  ( -41.50000000000000000, 50.00000000000000000, -26.75000000000000000 ) ) ;
#2482 = AXIS2_PLACEMENT_3D ( 'NONE', #486, #2167, #449 ) ;
#2483 = VECTOR ( 'NONE', #3417, 1000.000000000000000 ) ;
#2484 = CARTESIAN_POINT ( 'NONE',  ( 6.369999980017995611, -37.78149716745684827, 26.19369667494744292 ) ) ;
#2485 = CARTESIAN_POINT ( 'NONE',  ( 40.87658581193674934, 5.770700466178200649, 26.70867566345890154 ) ) ;
#2486 = CARTESIAN_POINT ( 'NONE',  ( -40.17680246839280045, -5.361047729729519595, 26.58517859900230107 ) ) ;
#2487 = VERTEX_POINT ( 'NONE', #3935 ) ;
#2488 = ADVANCED_FACE ( 'NONE', ( #2150 ), #1275, .T. ) ;
#2489 = ORIENTED_EDGE ( 'NONE', *, *, #1396, .T. ) ;
#2490 = CARTESIAN_POINT ( 'NONE',  ( -5.832443026318249402, 40.96267973622669700, 26.71821560258290162 ) ) ;
#2491 = CARTESIAN_POINT ( 'NONE',  ( 5.903547014047790142, -41.04528918709834784, 26.72567671803249922 ) ) ;
#2492 = EDGE_LOOP ( 'NONE', ( #1160, #4807 ) ) ;
#2493 = ORIENTED_EDGE ( 'NONE', *, *, #1605, .T. ) ;
#2494 = DIRECTION ( 'NONE',  ( 1.000000000000000000, 0.000000000000000000, 0.000000000000000000 ) ) ;
#2495 = CARTESIAN_POINT ( 'NONE',  ( -40.96267973622575198, -5.832443026323039348, 26.71821560258310058 ) ) ;
#2496 = CARTESIAN_POINT ( 'NONE',  ( 40.04110349329131679, 5.294423809287539306, 26.54796740059344984 ) ) ;
#2497 = B_SPLINE_CURVE_WITH_KNOTS ( 'NONE', 3,
 ( #771, #1236, #2120, #1682, #1596, #3821, #2613, #2502, #3031, #825, #4818, #801, #4382, #3851, #5604, #5657, #4323, #3380, #3440, #5224, #5171, #1208, #1145, #2561, #2529, #2939, #2994, #5199, #261, #2968, #1179, #4765, #738, #1657, #2254, #4895, #4952, #3628 ),
 .UNSPECIFIED., .F., .F.,
 ( 4, 2, 2, 1, 1, 1, 1, 2, 2, 2, 2, 1, 1, 2, 2, 2, 2, 2, 2, 2, 2, 4 ),
 ( 0.000000000000000000, 0.06249999999997801758, 0.09374999999996608269, 0.1093749999999601152, 0.1171874999999563821, 0.1210937499999546058, 0.1230468749999543421, 0.1240234374999541478, 0.1249999999999539535, 0.1874999999999427125, 0.2187499999999370226, 0.2343749999999350797, 0.2421874999999350520, 0.2460937499999347744, 0.2499999999999345524, 0.3749999999999468203, 0.4374999999999523714, 0.4999999999999579225, 0.6249999999999690248, 0.6874999999999745759, 0.7499999999999801270, 1.000000000000000000 ),
 .UNSPECIFIED. ) ;
#2498 = CYLINDRICAL_SURFACE ( 'NONE', #4048, 9.525000000000000355 ) ;
#2499 = CARTESIAN_POINT ( 'NONE',  ( -35.58499999999724395, 6.092036909177632076, 20.67951872141230041 ) ) ;
#2500 = CARTESIAN_POINT ( 'NONE',  ( -46.10499999999999687, 0.000000000000000000, 49.95000000000000284 ) ) ;
#2501 = CARTESIAN_POINT ( 'NONE',  ( 6.369999963577016366, 36.90693365931307568, 25.78047849083451126 ) ) ;
#2502 = CARTESIAN_POINT ( 'NONE',  ( 40.15356325982859431, -5.350792472482946316, 26.57686408935948918 ) ) ;
#2503 = ORIENTED_EDGE ( 'NONE', *, *, #3934, .F. ) ;
#2504 = DIRECTION ( 'NONE',  ( 6.505213034913019702E-16, -1.000000000000000000, 0.000000000000000000 ) ) ;
#2505 = DIRECTION ( 'NONE',  ( 0.000000000000000000, 0.000000000000000000, -1.000000000000000000 ) ) ;
#2506 = CARTESIAN_POINT ( 'NONE',  ( -40.77543378064689961, 6.369999999995749285, 26.75000000000000000 ) ) ;
#2507 = AXIS2_PLACEMENT_3D ( 'NONE', #298, #1685, #4796 ) ;
#2508 = ORIENTED_EDGE ( 'NONE', *, *, #541, .F. ) ;
#2509 = CARTESIAN_POINT ( 'NONE',  ( 34.00000000000000000, 4.163799117100999770E-15, -32.47660000000000480 ) ) ;
#2510 = CARTESIAN_POINT ( 'NONE',  ( 0.000000000000000000, 0.000000000000000000, -24.75000000000000000 ) ) ;
#2511 = CARTESIAN_POINT ( 'NONE',  ( 6.369999915431391990, -36.91853324543835413, 25.78667121101837267 ) ) ;
#2512 = CARTESIAN_POINT ( 'NONE',  ( 37.46222370800590085, 4.188028593751785600, 25.12538896387530230 ) ) ;
#2513 = CARTESIAN_POINT ( 'NONE',  ( -40.61505763568744953, -5.602407360478129483, 26.67175273582795114 ) ) ;
#2514 = ORIENTED_EDGE ( 'NONE', *, *, #2638, .T. ) ;
#2515 = EDGE_LOOP ( 'NONE', ( #1332, #3003, #1552, #837 ) ) ;
#2516 = AXIS2_PLACEMENT_3D ( 'NONE', #3791, #5111, #548 ) ;
#2517 = CARTESIAN_POINT ( 'NONE',  ( -6.369999999973759763, 37.62939739159340036, 26.12567189972030235 ) ) ;
#2518 = DIRECTION ( 'NONE',  ( -1.000000000000000000, 0.000000000000000000, 0.000000000000000000 ) ) ;
#2519 = EDGE_CURVE ( 'NONE', #4875, #4149, #944, .T. ) ;
#2520 = ORIENTED_EDGE ( 'NONE', *, *, #3406, .T. ) ;
#2521 = FACE_OUTER_BOUND ( 'NONE', #3971, .T. ) ;
#2522 = AXIS2_PLACEMENT_3D ( 'NONE', #4946, #3595, #895 ) ;
#2523 = FACE_OUTER_BOUND ( 'NONE', #1043, .T. ) ;
#2524 = LINE ( 'NONE', #286, #1891 ) ;
#2525 = CARTESIAN_POINT ( 'NONE',  ( -6.369966307751510293, -35.54689586552393621, 24.86640470909340195 ) ) ;
#2526 = CARTESIAN_POINT ( 'NONE',  ( 3.785535330289857114, 36.44950371266642009, 23.85849648114535526 ) ) ;
#2527 = DIRECTION ( 'NONE',  ( 0.000000000000000000, 1.000000000000000000, 0.000000000000000000 ) ) ;
#2528 = CARTESIAN_POINT ( 'NONE',  ( 6.369883270138053000, 37.52377277221865626, 26.07952928215469157 ) ) ;
#2529 = CARTESIAN_POINT ( 'NONE',  ( 38.41669966498155020, -4.572688387292815015, 25.85860959966128547 ) ) ;
#2530 = ORIENTED_EDGE ( 'NONE', *, *, #4646, .T. ) ;
#2531 = CARTESIAN_POINT ( 'NONE',  ( -7.114163637683485142, -33.33755376868532494, -26.36470295936912933 ) ) ;
#2532 = CARTESIAN_POINT ( 'NONE',  ( -6.264005567913059735, 41.46260784174335612, 26.74977149653825137 ) ) ;
#2533 = DIRECTION ( 'NONE',  ( -5.446541525829849398E-16, 1.000000000000000000, 0.000000000000000000 ) ) ;
#2534 = FACE_OUTER_BOUND ( 'NONE', #1077, .T. ) ;
#2535 = VERTEX_POINT ( 'NONE', #1409 ) ;
#2536 = CIRCLE ( 'NONE', #3004, 80.40000000000000568 ) ;
#2537 = CARTESIAN_POINT ( 'NONE',  ( 36.82126671147597108, -6.369997999177119397, 25.73410213058406981 ) ) ;
#2538 = AXIS2_PLACEMENT_3D ( 'NONE', #59, #4679, #179 ) ;
#2539 = CARTESIAN_POINT ( 'NONE',  ( -8.274078149565912810, 62.82534605376145720, 5.100000000000000533 ) ) ;
#2540 = EDGE_CURVE ( 'NONE', #3254, #1951, #4235, .T. ) ;
#2541 = CARTESIAN_POINT ( 'NONE',  ( 6.369977924638710043, -36.11451810631783843, 25.29742554579796376 ) ) ;
#2542 = DIRECTION ( 'NONE',  ( 0.000000000000000000, 0.000000000000000000, -1.000000000000000000 ) ) ;
#2543 = CARTESIAN_POINT ( 'NONE',  ( -36.48654928223865568, -6.370000000153269504, 25.55346655363585029 ) ) ;
#2544 = ORIENTED_EDGE ( 'NONE', *, *, #3915, .F. ) ;
#2545 = CIRCLE ( 'NONE', #3181, 1.999999999999998224 ) ;
#2546 = ORIENTED_EDGE ( 'NONE', *, *, #5462, .F. ) ;
#2547 = ORIENTED_EDGE ( 'NONE', *, *, #1181, .T. ) ;
#2548 = EDGE_CURVE ( 'NONE', #1065, #591, #4975, .T. ) ;
#2549 = CARTESIAN_POINT ( 'NONE',  ( -5.608177709306287007, 38.45520708566326107, 25.87754706217621603 ) ) ;
#2550 = EDGE_CURVE ( 'NONE', #1015, #4355, #3288, .T. ) ;
#2551 = AXIS2_PLACEMENT_3D ( 'NONE', #1246, #5308, #1267 ) ;
#2552 = ORIENTED_EDGE ( 'NONE', *, *, #4808, .T. ) ;
#2553 = CARTESIAN_POINT ( 'NONE',  ( 5.903547014047790142, -40.77543378064680724, 29.71351507704870087 ) ) ;
#2554 = TOROIDAL_SURFACE ( 'NONE', #4047, 8.500000000000000000, 2.000000000000000000 ) ;
#2555 = CARTESIAN_POINT ( 'NONE',  ( 7.187799516262748156, 33.41066855217172105, -26.42386011442941651 ) ) ;
#2556 = DIRECTION ( 'NONE',  ( 0.000000000000000000, 0.000000000000000000, 1.000000000000000000 ) ) ;
#2557 = CARTESIAN_POINT ( 'NONE',  ( -6.369989591962417208, -33.85937047286635959, 22.93800182822266720 ) ) ;
#2558 = CARTESIAN_POINT ( 'NONE',  ( 6.370000000006999841, -32.65449433079479746, 18.75000000000000000 ) ) ;
#2559 = CARTESIAN_POINT ( 'NONE',  ( 6.369966307816246065, 35.54689586704098758, 24.86640471035878264 ) ) ;
#2560 = AXIS2_PLACEMENT_3D ( 'NONE', #488, #11, #959 ) ;
#2561 = CARTESIAN_POINT ( 'NONE',  ( 38.73236685951235359, -4.703644529853634459, 26.04054405961971597 ) ) ;
#2562 = ORIENTED_EDGE ( 'NONE', *, *, #4487, .T. ) ;
#2563 = CARTESIAN_POINT ( 'NONE',  ( -6.544348945134187190, -32.80472806021533216, -25.58174296323943864 ) ) ;
#2564 = CARTESIAN_POINT ( 'NONE',  ( 5.986062400823946028, 35.58065414160274287, 21.02108994158276900 ) ) ;
#2565 = CARTESIAN_POINT ( 'NONE',  ( -6.370000000000000107, 32.89326045844055102, 20.67227652432920237 ) ) ;
#2566 = CARTESIAN_POINT ( 'NONE',  ( -40.73535086367151337, 6.073955346536680011, 26.69193781511588170 ) ) ;
#2567 = VERTEX_POINT ( 'NONE', #2942 ) ;
#2568 = CC_DESIGN_APPROVAL ( #236, ( #1456 ) ) ;
#2569 = CARTESIAN_POINT ( 'NONE',  ( 35.60577517269780401, -5.889510143160538114, 21.37782218919822341 ) ) ;
#2570 = CARTESIAN_POINT ( 'NONE',  ( 33.10475933579648000, 6.873375285161018589, -26.11854963548032771 ) ) ;
#2571 = EDGE_CURVE ( 'NONE', #191, #4662, #3189, .T. ) ;
#2572 = CIRCLE ( 'NONE', #874, 5.000000000000000888 ) ;
#2573 = CARTESIAN_POINT ( 'NONE',  ( 6.370277451464411378, -39.14277033936993178, 26.58972122070445465 ) ) ;
#2574 = CARTESIAN_POINT ( 'NONE',  ( 5.966624482703829324E-15, -6.369999999997260076, 26.75000000000000000 ) ) ;
#2575 = CARTESIAN_POINT ( 'NONE',  ( -34.45114492800099981, -6.369999999808639402, 23.76796895712439905 ) ) ;
#2576 = EDGE_LOOP ( 'NONE', ( #4343, #808, #4395, #4231 ) ) ;
#2577 = VERTEX_POINT ( 'NONE', #2973 ) ;
#2578 = ADVANCED_FACE ( 'NONE', ( #3797 ), #4980, .T. ) ;
#2579 = ORIENTED_EDGE ( 'NONE', *, *, #1341, .F. ) ;
#2580 = AXIS2_PLACEMENT_3D ( 'NONE', #3856, #4360, #1151 ) ;
#2581 = CARTESIAN_POINT ( 'NONE',  ( -6.370000000064509393, 40.58929969001290061, 26.74845202696574731 ) ) ;
#2582 = CIRCLE ( 'NONE', #4163, 33.27000000000000313 ) ;
#2583 = ADVANCED_FACE ( 'NONE', ( #5203 ), #1896, .T. ) ;
#2584 = ADVANCED_FACE ( 'NONE', ( #3355 ), #2069, .F. ) ;
#2585 = ORIENTED_EDGE ( 'NONE', *, *, #4482, .F. ) ;
#2586 = CARTESIAN_POINT ( 'NONE',  ( -37.92875836627971609, 6.369976812589569271, 26.24035184136019083 ) ) ;
#2587 = CARTESIAN_POINT ( 'NONE',  ( -3.370805018337555303, -37.58500000000150010, -24.75000000000000000 ) ) ;
#2588 = CARTESIAN_POINT ( 'NONE',  ( 40.77543378064829938, -6.369999999997220108, 26.75000000000000000 ) ) ;
#2589 = CARTESIAN_POINT ( 'NONE',  ( -6.369896135776750512, -37.10128069550069796, 25.88452153921737420 ) ) ;
#2590 = CARTESIAN_POINT ( 'NONE',  ( -41.58499999999725105, 6.369999999995749285, 26.75000000000000000 ) ) ;
#2591 = DIRECTION ( 'NONE',  ( -1.000000000000000000, 0.000000000000000000, 0.000000000000000000 ) ) ;
#2592 = CARTESIAN_POINT ( 'NONE',  ( -5.294423809288517191, 40.04110349329152285, 26.54796740059463289 ) ) ;
#2593 = EDGE_LOOP ( 'NONE', ( #4552, #5035, #4363, #3618 ) ) ;
#2594 = CARTESIAN_POINT ( 'NONE',  ( -6.969333427556529514, -33.19640484594212637, -26.22575325228544685 ) ) ;
#2595 = CARTESIAN_POINT ( 'NONE',  ( -6.370000000000000107, 32.65449433079535879, 18.75000000000000000 ) ) ;
#2596 = CARTESIAN_POINT ( 'NONE',  ( -6.370001667189635342, 38.20044959853607480, 26.33540011036405559 ) ) ;
#2597 = ORIENTED_EDGE ( 'NONE', *, *, #2655, .T. ) ;
#2598 = AXIS2_PLACEMENT_3D ( 'NONE', #3253, #2004, #4140 ) ;
#2599 = CARTESIAN_POINT ( 'NONE',  ( 3.370805018351494819, -37.58500000000145036, -24.75000000000000000 ) ) ;
#2600 = FACE_BOUND ( 'NONE', #5113, .T. ) ;
#2601 = CARTESIAN_POINT ( 'NONE',  ( -34.91711289111825067, -6.369999999863000362, 24.28912300068859764 ) ) ;
#2602 = ORIENTED_EDGE ( 'NONE', *, *, #3443, .T. ) ;
#2603 = ORIENTED_EDGE ( 'NONE', *, *, #3833, .F. ) ;
#2604 = ORIENTED_EDGE ( 'NONE', *, *, #630, .T. ) ;
#2605 = CARTESIAN_POINT ( 'NONE',  ( -6.370000000080680458, 37.43558719850095429, 26.04233634654914908 ) ) ;
#2606 = ORIENTED_EDGE ( 'NONE', *, *, #4130, .T. ) ;
#2607 = CARTESIAN_POINT ( 'NONE',  ( -6.369999999993000372, -41.58500000000149299, 26.75000000000000000 ) ) ;
#2608 = CARTESIAN_POINT ( 'NONE',  ( -80.40000000000000568, 0.000000000000000000, 48.25000000000000000 ) ) ;
#2609 = CARTESIAN_POINT ( 'NONE',  ( 32.73296161925315317, 6.370000000002772111, 20.03651244882012961 ) ) ;
#2610 = CARTESIAN_POINT ( 'NONE',  ( -6.369999202309490904, -38.10525666375864517, 26.30326717285384674 ) ) ;
#2611 = EDGE_CURVE ( 'NONE', #3460, #4281, #1059, .T. ) ;
#2612 = CARTESIAN_POINT ( 'NONE',  ( 6.369988575814201859, 37.99076488811724062, 26.26312568919692225 ) ) ;
#2613 = CARTESIAN_POINT ( 'NONE',  ( 40.24640150590578003, -5.398331915324929398, 26.59920736318616363 ) ) ;
#2614 = DIRECTION ( 'NONE',  ( 0.000000000000000000, 0.000000000000000000, -1.000000000000000000 ) ) ;
#2615 = CARTESIAN_POINT ( 'NONE',  ( 6.092036909184938231, 35.58500000000002927, 20.67951872141220804 ) ) ;
#2616 = DIRECTION ( 'NONE',  ( 0.000000000000000000, -1.000000000000000000, 0.000000000000000000 ) ) ;
#2617 = ADVANCED_BREP_SHAPE_REPRESENTATION ( 'componente valvola', ( #52, #1539 ), #698 ) ;
#2618 = FACE_OUTER_BOUND ( 'NONE', #4587, .T. ) ;
#2619 = EDGE_CURVE ( 'NONE', #1224, #1693, #3667, .T. ) ;
#2620 = EDGE_LOOP ( 'NONE', ( #2385, #2870, #5477, #129 ) ) ;
#2621 = CYLINDRICAL_SURFACE ( 'NONE', #495, 5.461000000000000298 ) ;
#2622 = CARTESIAN_POINT ( 'NONE',  ( 6.369999999977879135, -32.67561422019539918, 19.41103761873870326 ) ) ;
#2623 = ORIENTED_EDGE ( 'NONE', *, *, #2548, .T. ) ;
#2624 = ORIENTED_EDGE ( 'NONE', *, *, #4090, .T. ) ;
#2625 = ORIENTED_EDGE ( 'NONE', *, *, #4405, .T. ) ;
#2626 = CARTESIAN_POINT ( 'NONE',  ( 35.58500000000424279, 3.370805018347220017, 18.75000000000000000 ) ) ;
#2627 = CIRCLE ( 'NONE', #3385, 2.000000000000001776 ) ;
#2628 = CARTESIAN_POINT ( 'NONE',  ( -36.99433016939702412, -6.369973683873742409, 25.82660671886315384 ) ) ;
#2629 = ORIENTED_EDGE ( 'NONE', *, *, #174, .F. ) ;
#2630 = DIRECTION ( 'NONE',  ( 0.000000000000000000, 0.000000000000000000, 1.000000000000000000 ) ) ;
#2631 = EDGE_CURVE ( 'NONE', #690, #3724, #1995, .T. ) ;
#2632 = DIRECTION ( 'NONE',  ( 0.000000000000000000, 0.000000000000000000, -1.000000000000000000 ) ) ;
#2633 = DIRECTION ( 'NONE',  ( 0.000000000000000000, 0.000000000000000000, 1.000000000000000000 ) ) ;
#2634 = B_SPLINE_CURVE_WITH_KNOTS ( 'NONE', 3,
 ( #632, #985, #1872, #3344, #2805, #4598, #512, #2428, #5434, #2311, #3716, #4219, #1016, #161, #1461, #131, #1930, #2337, #4102, #2778, #4190, #5530, #5466, #1526, #3244, #3312, #5037, #2369, #4757, #341, #2899, #4283, #2931, #5217, #1110, #1229, #4375, #5596, #4725, #3432, #5648, #3020, #1169, #4347, #314, #2586, #1652, #4783, #2136, #3461, #5163, #1588, #3373, #700, #4812, #1202, #3900 ),
 .UNSPECIFIED., .F., .F.,
 ( 4, 2, 2, 1, 1, 1, 1, 2, 2, 2, 2, 2, 1, 1, 1, 2, 2, 2, 2, 1, 1, 1, 1, 1, 2, 2, 2, 2, 2, 1, 1, 1, 2, 2, 2, 4 ),
 ( 0.000000000000000000, 0.1249999999996388722, 0.1874999999994574895, 0.2187499999993663402, 0.2343749999993203492, 0.2421874999992968680, 0.2460937499992851552, 0.2480468749992793820, 0.2499999999992736366, 0.3749999999989156452, 0.4374999999987366217, 0.4687499999986477484, 0.4843749999986033394, 0.4921874999985804688, 0.4960937499985685895, 0.4980468749985620391, 0.4999999999985554333, 0.5624999999984047205, 0.5937499999983300025, 0.6093749999982920329, 0.6171874999982740473, 0.6210937499982649435, 0.6230468749982603915, 0.6240234374982579491, 0.6245117187482576160, 0.6249999999982572829, 0.6874999999985063059, 0.7187499999986306509, 0.7343749999986933785, 0.7421874999987246868, 0.7460937499987407850, 0.7480468749987487787, 0.7490234374987533306, 0.7499999999987577715, 0.8749999999993789412, 1.000000000000000000 ),
 .UNSPECIFIED. ) ;
#2635 = CARTESIAN_POINT ( 'NONE',  ( -6.369999999993058104, -32.99576844330188408, 21.07883526522480011 ) ) ;
#2636 = CARTESIAN_POINT ( 'NONE',  ( 35.58500000000424279, 3.386891796954385025, 20.75000000000000000 ) ) ;
#2637 = CARTESIAN_POINT ( 'NONE',  ( 6.092036909193937255, -35.58500000000146457, 20.67951872141343017 ) ) ;
#2638 = EDGE_CURVE ( 'NONE', #4991, #4180, #4518, .T. ) ;
#2639 = CARTESIAN_POINT ( 'NONE',  ( -5.966624482702449607E-15, 6.369999999995789253, 26.75000000000000000 ) ) ;
#2640 = CARTESIAN_POINT ( 'NONE',  ( 3.427024631723694981, 35.62149070495060244, 21.51063625525554812 ) ) ;
#2641 = CIRCLE ( 'NONE', #5638, 5.461000000000000298 ) ;
#2642 = CARTESIAN_POINT ( 'NONE',  ( 3.427024631730054782, -35.62149070495185299, 21.51063625525449652 ) ) ;
#2643 = AXIS2_PLACEMENT_3D ( 'NONE', #3500, #1265, #3056 ) ;
#2644 = EDGE_CURVE ( 'NONE', #2816, #838, #2458, .T. ) ;
#2645 = CARTESIAN_POINT ( 'NONE',  ( -6.369994849672814041, 36.94410027084758497, 25.80025259481600841 ) ) ;
#2646 = EDGE_CURVE ( 'NONE', #1195, #5776, #1871, .T. ) ;
#2647 = DIRECTION ( 'NONE',  ( -1.000000000000000000, 0.000000000000000000, 0.000000000000000000 ) ) ;
#2648 = ORIENTED_EDGE ( 'NONE', *, *, #38, .F. ) ;
#2649 = DIRECTION ( 'NONE',  ( 0.9063077870366496036, -0.4226182617407001074, 0.000000000000000000 ) ) ;
#2650 = CARTESIAN_POINT ( 'NONE',  ( 3.370805018351490379, -32.58500000000145036, -24.75000000000000000 ) ) ;
#2651 = FACE_OUTER_BOUND ( 'NONE', #3516, .T. ) ;
#2652 = ORIENTED_EDGE ( 'NONE', *, *, #4671, .F. ) ;
#2653 = VERTEX_POINT ( 'NONE', #2008 ) ;
#2654 = FACE_BOUND ( 'NONE', #790, .T. ) ;
#2655 = EDGE_CURVE ( 'NONE', #5795, #5720, #3904, .T. ) ;
#2656 = CARTESIAN_POINT ( 'NONE',  ( -36.20330892867590933, -6.369972350232584901, 25.35809933027424989 ) ) ;
#2657 = ORIENTED_EDGE ( 'NONE', *, *, #4379, .T. ) ;
#2658 = CARTESIAN_POINT ( 'NONE',  ( -6.057765550924799847, -41.22446196582920663, 26.74185923436024837 ) ) ;
#2659 = AXIS2_PLACEMENT_3D ( 'NONE', #259, #1177, #5169 ) ;
#2660 = CARTESIAN_POINT ( 'NONE',  ( 33.66570757490643473, -6.369931765165232740, 22.61207569206457535 ) ) ;
#2661 = CARTESIAN_POINT ( 'NONE',  ( 0.000000000000000000, 0.000000000000000000, 48.25000000000000000 ) ) ;
#2662 = CARTESIAN_POINT ( 'NONE',  ( -6.370000000219065761, -38.14049373663766573, 26.31529224024113489 ) ) ;
#2663 = AXIS2_PLACEMENT_3D ( 'NONE', #2175, #3962, #1289 ) ;
#2664 = CARTESIAN_POINT ( 'NONE',  ( 41.50000000000000000, -41.50000000000000000, -41.89999999999999858 ) ) ;
#2665 = FACE_BOUND ( 'NONE', #3664, .T. ) ;
#2666 = FACE_BOUND ( 'NONE', #362, .T. ) ;
#2667 = CARTESIAN_POINT ( 'NONE',  ( -5.105302807596190817, -39.65646864763044732, 26.44298560546300081 ) ) ;
#2668 = CARTESIAN_POINT ( 'NONE',  ( 6.370000000262630024, 33.63101067088784646, 22.58044848908505031 ) ) ;
#2669 = CARTESIAN_POINT ( 'NONE',  ( -36.34602731500321227, -3.744191782676761004, 23.69914481976161724 ) ) ;
#2670 = CARTESIAN_POINT ( 'NONE',  ( 6.370000000074429458, -34.30215350257695661, 23.58057077360225051 ) ) ;
#2671 = PERSON_AND_ORGANIZATION ( #4234, #2280 ) ;
#2672 = CARTESIAN_POINT ( 'NONE',  ( -6.369998280130392487, 35.85756048595173695, 25.11148854419695553 ) ) ;
#2673 = DIRECTION ( 'NONE',  ( -1.000000000000000000, 0.000000000000000000, 0.000000000000000000 ) ) ;
#2674 = CARTESIAN_POINT ( 'NONE',  ( 0.000000000000000000, 0.000000000000000000, 49.95000000000000284 ) ) ;
#2675 = EDGE_LOOP ( 'NONE', ( #28, #3388, #1215 ) ) ;
#2676 = DIRECTION ( 'NONE',  ( -1.000000000000000000, 0.000000000000000000, 0.000000000000000000 ) ) ;
#2677 = CARTESIAN_POINT ( 'NONE',  ( 52.00000000000000000, 41.50000000000000000, -39.89999999999999858 ) ) ;
#2678 = CYLINDRICAL_SURFACE ( 'NONE', #4471, 2.999999999999999112 ) ;
#2679 = ORIENTED_EDGE ( 'NONE', *, *, #3673, .F. ) ;
#2680 = DIRECTION ( 'NONE',  ( -1.000000000000000000, 0.000000000000000000, 0.000000000000000000 ) ) ;
#2681 = EDGE_CURVE ( 'NONE', #1004, #4752, #3027, .T. ) ;
#2682 = CARTESIAN_POINT ( 'NONE',  ( -6.370000000000000107, 40.77543378064549984, 26.75000000000000000 ) ) ;
#2683 = CARTESIAN_POINT ( 'NONE',  ( -33.09822829275109513, -6.370000000004227836, 21.48520309542080398 ) ) ;
#2684 = DIRECTION ( 'NONE',  ( 0.000000000000000000, 0.000000000000000000, 1.000000000000000000 ) ) ;
#2685 = CARTESIAN_POINT ( 'NONE',  ( 3.370805018344545267, 32.58500000000000085, -26.75000000000000000 ) ) ;
#2686 = AXIS2_PLACEMENT_3D ( 'NONE', #835, #438, #1360 ) ;
#2687 = CARTESIAN_POINT ( 'NONE',  ( 3.370805018344539938, 32.58500000000000085, 18.75000000000000000 ) ) ;
#2688 = CARTESIAN_POINT ( 'NONE',  ( -6.369999971031837127, -38.66596692609954999, 26.49319366976335033 ) ) ;
#2689 = ADVANCED_FACE ( 'NONE', ( #2439 ), #4741, .T. ) ;
#2690 = DIRECTION ( 'NONE',  ( -0.7071067811865545671, 8.659560562355011744E-17, 0.7071067811865405783 ) ) ;
#2691 = CARTESIAN_POINT ( 'NONE',  ( -6.369999999992799644, -32.89326045844210000, 20.67227652433005147 ) ) ;
#2692 =( BOUNDED_SURFACE ( )  B_SPLINE_SURFACE ( 3, 2, ( 
 ( #5301, #846, #2636 ),
 ( #4044, #3627, #4431 ),
 ( #1758, #395, #1817 ),
 ( #5383, #2196, #925 ),
 ( #3546, #5407, #4893 ),
 ( #1397, #3180, #4977 ),
 ( #957, #870, #422 ),
 ( #3574, #2450, #4246 ),
 ( #5211, #153, #2047 ),
 ( #720, #2862, #3737 ),
 ( #651, #215, #1643 ),
 ( #1127, #4748, #2512 ),
 ( #1193, #511, #3836 ),
 ( #1610, #3774, #275 ),
 ( #2890, #2308, #1550 ),
 ( #5587, #2981, #2018 ),
 ( #1579, #5518, #2919 ),
 ( #181, #4101, #4208 ),
 ( #1949, #4307, #3865 ),
 ( #1984, #2076, #3805 ),
 ( #5616, #5642, #5153 ),
 ( #1157, #4274, #1513 ),
 ( #3365, #4717, #3425 ),
 ( #3302, #687, #2485 ),
 ( #245, #5093, #1072 ),
 ( #2419, #3393, #4652 ) ),
 .UNSPECIFIED., .F., .F., .T. ) 
 B_SPLINE_SURFACE_WITH_KNOTS ( ( 4, 2, 2, 2, 2, 2, 2, 2, 2, 2, 2, 2, 4 ),
 ( 3, 3 ),
 ( 0.005213381595401479426, 0.006908200393194639799, 0.008603019190987789763, 0.009450428589884369082, 0.01029783798878093973, 0.01199265678657410010, 0.01368747558436723966, 0.01453488498326381897, 0.01538229438216040003, 0.01707711317995354999, 0.01792452257885015013, 0.01834822727829839989, 0.01877193197774669822 ),
 ( 0.000000000000000000, 1.000000000000000000 ),
 .UNSPECIFIED. ) 
 GEOMETRIC_REPRESENTATION_ITEM ( )  RATIONAL_B_SPLINE_SURFACE ( (
 ( 1.000000000000000000, 0.7425474685652619922, 1.000000000000000000),
 ( 1.000000000000000000, 0.7575803416345190389, 1.000000000000000000),
 ( 1.000000000000000000, 0.7726976139982350000, 1.000000000000000000),
 ( 1.000000000000000000, 0.8017180761600449790, 1.000000000000000000),
 ( 1.000000000000000000, 0.8157608312593879196, 1.000000000000000000),
 ( 1.000000000000000000, 0.8362512015388660069, 1.000000000000000000),
 ( 1.000000000000000000, 0.8430100611299700120, 1.000000000000000000),
 ( 1.000000000000000000, 0.8560894244534319464, 1.000000000000000000),
 ( 1.000000000000000000, 0.8624403672843720114, 1.000000000000000000),
 ( 1.000000000000000000, 0.8809820985945610028, 1.000000000000000000),
 ( 1.000000000000000000, 0.8926656535056139985, 1.000000000000000000),
 ( 1.000000000000000000, 0.9148622398993199178, 1.000000000000000000),
 ( 1.000000000000000000, 0.9250316790791670574, 1.000000000000000000),
 ( 1.000000000000000000, 0.9391130261440450155, 1.000000000000000000),
 ( 1.000000000000000000, 0.9436095765118199807, 1.000000000000000000),
 ( 1.000000000000000000, 0.9522263116219780166, 1.000000000000000000),
 ( 1.000000000000000000, 0.9563635350265919932, 1.000000000000000000),
 ( 1.000000000000000000, 0.9680181395219680240, 1.000000000000000000),
 ( 1.000000000000000000, 0.9748405035966650756, 1.000000000000000000),
 ( 1.000000000000000000, 0.9837836556113569442, 1.000000000000000000),
 ( 1.000000000000000000, 0.9865481439545400466, 1.000000000000000000),
 ( 1.000000000000000000, 0.9903617326874170068, 1.000000000000000000),
 ( 1.000000000000000000, 0.9915787963442579400, 1.000000000000000000),
 ( 1.000000000000000000, 0.9938734720205160134, 1.000000000000000000),
 ( 1.000000000000000000, 0.9949554279141519242, 1.000000000000000000),
 ( 1.000000000000000000, 0.9959502448730319646, 1.000000000000000000) ) ) 
 REPRESENTATION_ITEM ( '' )  SURFACE ( )  );
#2693 = CARTESIAN_POINT ( 'NONE',  ( -5.602407360464289887, -40.61505763569019933, 26.67175273582774864 ) ) ;
#2694 = CARTESIAN_POINT ( 'NONE',  ( 6.103803483890074766, 40.82503573059526047, 26.70391456698842703 ) ) ;
#2695 = CARTESIAN_POINT ( 'NONE',  ( -36.65634267443785888, -3.868174297577346099, 24.17701173877765797 ) ) ;
#2696 = CARTESIAN_POINT ( 'NONE',  ( -7.528137185948374110, 33.76141596598676387, -26.63117957591574125 ) ) ;
#2697 = CARTESIAN_POINT ( 'NONE',  ( 5.589676720322707126, -35.99114147750196224, 22.93803928294806127 ) ) ;
#2698 = CALENDAR_DATE ( 2026, 29, 8 ) ;
#2699 = CARTESIAN_POINT ( 'NONE',  ( -6.369988721142353150, 36.95973055562608778, 25.80848930250061457 ) ) ;
#2700 = CARTESIAN_POINT ( 'NONE',  ( 6.873375285156648751, -33.10475933578423735, -26.11854963546681319 ) ) ;
#2701 = CARTESIAN_POINT ( 'NONE',  ( 37.62939739159469354, -6.369999999971109439, 26.12567189972074999 ) ) ;
#2702 = ORIENTED_EDGE ( 'NONE', *, *, #3406, .F. ) ;
#2703 = CARTESIAN_POINT ( 'NONE',  ( -0.3585035219581256261, -58.79990711068118969, 5.100000000000000533 ) ) ;
#2704 = CARTESIAN_POINT ( 'NONE',  ( 32.65449433079671593, -6.369999999997277840, 19.38922875141115654 ) ) ;
#2705 = CARTESIAN_POINT ( 'NONE',  ( 6.370000000000000107, 32.89326045844055102, 20.67227652432920237 ) ) ;
#2706 = ORIENTED_EDGE ( 'NONE', *, *, #1389, .T. ) ;
#2707 = CARTESIAN_POINT ( 'NONE',  ( 0.000000000000000000, 0.000000000000000000, 48.25000000000000000 ) ) ;
#2708 = CARTESIAN_POINT ( 'NONE',  ( -6.292069547972231724, 41.36003397524367386, 26.74999999999945288 ) ) ;
#2709 = CARTESIAN_POINT ( 'NONE',  ( 3.370805018344539938, 37.58500000000000085, -24.75000000000000000 ) ) ;
#2710 = CARTESIAN_POINT ( 'NONE',  ( -0.3585035219581256261, -58.79990711068118969, 5.100000000000000533 ) ) ;
#2711 = DIRECTION ( 'NONE',  ( -1.000000000000000000, 0.000000000000000000, 0.000000000000000000 ) ) ;
#2712 = EDGE_CURVE ( 'NONE', #1168, #191, #5635, .T. ) ;
#2713 = ADVANCED_FACE ( 'NONE', ( #4436 ), #2319, .T. ) ;
#2714 = DIRECTION ( 'NONE',  ( -1.000000000000000000, 0.000000000000000000, 0.000000000000000000 ) ) ;
#2715 = CIRCLE ( 'NONE', #183, 8.500000000000000000 ) ;
#2716 = CARTESIAN_POINT ( 'NONE',  ( -34.33826971683939888, 8.053330544165561378, -26.75000000000000000 ) ) ;
#2717 = VECTOR ( 'NONE', #2074, 1000.000000000000000 ) ;
#2718 = DIRECTION ( 'NONE',  ( 0.4976996996357077596, -0.8673494157388509374, 0.000000000000000000 ) ) ;
#2719 = DIRECTION ( 'NONE',  ( -1.000000000000000000, 1.672022627447524747E-16, 0.000000000000000000 ) ) ;
#2720 = AXIS2_PLACEMENT_3D ( 'NONE', #230, #704, #1494 ) ;
#2721 = CARTESIAN_POINT ( 'NONE',  ( 6.370000000000000107, 41.04419041187770034, 26.75000000000000000 ) ) ;
#2722 = CARTESIAN_POINT ( 'NONE',  ( -5.631291378824887950, -38.62011465385499775, 25.97449334109983354 ) ) ;
#2723 = CARTESIAN_POINT ( 'NONE',  ( 5.567873153224372373, 38.13877324201838803, 25.67092839607127885 ) ) ;
#2724 = DIRECTION ( 'NONE',  ( 1.000000000000000000, 0.000000000000000000, 0.000000000000000000 ) ) ;
#2725 = LINE ( 'NONE', #4603, #691 ) ;
#2726 = CARTESIAN_POINT ( 'NONE',  ( 3.666524847732120396, -36.15588851178909380, 23.31128879812149890 ) ) ;
#2727 = AXIS2_PLACEMENT_3D ( 'NONE', #3421, #5207, #2978 ) ;
#2728 = CARTESIAN_POINT ( 'NONE',  ( -39.14277034084384610, -6.370277451475550023, 26.58972122101251045 ) ) ;
#2729 =( BOUNDED_SURFACE ( )  B_SPLINE_SURFACE ( 3, 2, ( 
 ( #4901, #2200, #1378 ),
 ( #3158, #3988, #4958 ),
 ( #852, #1405, #2642 ),
 ( #3634, #964, #933 ),
 ( #5414, #5764, #906 ),
 ( #2670, #2697, #4493 ),
 ( #1764, #3552, #2726 ),
 ( #3188, #5337, #3105 ),
 ( #456, #4524, #2260 ),
 ( #493, #1852, #4055 ),
 ( #4987, #3609, #4082 ),
 ( #46, #2759, #518 ),
 ( #2317, #4109, #583 ),
 ( #4638, #2033, #5504 ),
 ( #611, #2785, #167 ),
 ( #5044, #232, #3252 ),
 ( #4261, #1565, #2905 ),
 ( #1022, #5572, #1497 ),
 ( #4669, #1116, #4196 ),
 ( #4698, #2003, #3694 ),
 ( #103, #2813, #2375 ),
 ( #1435, #639, #5141 ),
 ( #2435, #5443, #672 ),
 ( #5538, #200, #3351 ),
 ( #1467, #4577, #4604 ),
 ( #1968, #2406, #3754 ) ),
 .UNSPECIFIED., .F., .F., .F. ) 
 B_SPLINE_SURFACE_WITH_KNOTS ( ( 4, 2, 2, 2, 2, 2, 2, 2, 2, 2, 2, 2, 4 ),
 ( 3, 3 ),
 ( 0.005213381595401469885, 0.006908200393194889599, 0.008603019190988310180, 0.009450428589885019603, 0.01029783798878172035, 0.01199265678657513920, 0.01368747558436855978, 0.01453488498326527961, 0.01538229438216199944, 0.01707711317995540268, 0.01792452257885209996, 0.01834822727830045033, 0.01877193197774884928 ),
 ( 0.000000000000000000, 1.000000000000000000 ),
 .UNSPECIFIED. ) 
 GEOMETRIC_REPRESENTATION_ITEM ( )  RATIONAL_B_SPLINE_SURFACE ( (
 ( 1.000000000000000000, 0.7425474685653320472, 1.000000000000000000),
 ( 1.000000000000000000, 0.7575803416348330099, 1.000000000000000000),
 ( 1.000000000000000000, 0.7726976139984219616, 1.000000000000000000),
 ( 1.000000000000000000, 0.8017180761602370476, 1.000000000000000000),
 ( 1.000000000000000000, 0.8157608312594299971, 1.000000000000000000),
 ( 1.000000000000000000, 0.8362512015391000419, 1.000000000000000000),
 ( 1.000000000000000000, 0.8430100611300199720, 1.000000000000000000),
 ( 1.000000000000000000, 0.8560894244537049502, 1.000000000000000000),
 ( 1.000000000000000000, 0.8624403672844590529, 1.000000000000000000),
 ( 1.000000000000000000, 0.8809820985948390026, 1.000000000000000000),
 ( 1.000000000000000000, 0.8926656535060909503, 1.000000000000000000),
 ( 1.000000000000000000, 0.9148622398991009819, 1.000000000000000000),
 ( 1.000000000000000000, 0.9250316790790500399, 1.000000000000000000),
 ( 1.000000000000000000, 0.9391130261442600657, 1.000000000000000000),
 ( 1.000000000000000000, 0.9436095765119099088, 1.000000000000000000),
 ( 1.000000000000000000, 0.9522263116220699430, 1.000000000000000000),
 ( 1.000000000000000000, 0.9563635350266850299, 1.000000000000000000),
 ( 1.000000000000000000, 0.9680181395220149865, 1.000000000000000000),
 ( 1.000000000000000000, 0.9748405035967450116, 1.000000000000000000),
 ( 1.000000000000000000, 0.9837836556113910280, 1.000000000000000000),
 ( 1.000000000000000000, 0.9865481439546550657, 1.000000000000000000),
 ( 1.000000000000000000, 0.9903617326874140092, 1.000000000000000000),
 ( 1.000000000000000000, 0.9915787963443100095, 1.000000000000000000),
 ( 1.000000000000000000, 0.9938734720205200102, 1.000000000000000000),
 ( 1.000000000000000000, 0.9949554279141920032, 1.000000000000000000),
 ( 1.000000000000000000, 0.9959502448730529478, 1.000000000000000000) ) ) 
 REPRESENTATION_ITEM ( '' )  SURFACE ( )  );
#2730 = CARTESIAN_POINT ( 'NONE',  ( 6.951175264980676616, -33.17896879585151737, -26.20643559972904768 ) ) ;
#2731 = AXIS2_PLACEMENT_3D ( 'NONE', #419, #3122, #4011 ) ;
#2732 = CARTESIAN_POINT ( 'NONE',  ( 40.68426273359389711, -6.370000000227079795, 26.75000000003615241 ) ) ;
#2733 = AXIS2_PLACEMENT_3D ( 'NONE', #768, #5300, #1282 ) ;
#2734 = ORIENTED_EDGE ( 'NONE', *, *, #2619, .T. ) ;
#2735 = DIRECTION ( 'NONE',  ( 1.000000000000000000, 0.000000000000000000, 0.000000000000000000 ) ) ;
#2736 = CARTESIAN_POINT ( 'NONE',  ( 40.43329962292521174, 6.370000000002763230, 26.75000000000000355 ) ) ;
#2737 = CARTESIAN_POINT ( 'NONE',  ( 5.903547014047790142, -41.04528918709834784, 26.72567671803249922 ) ) ;
#2738 = VECTOR ( 'NONE', #251, 1000.000000000000000 ) ;
#2739 = ORIENTED_EDGE ( 'NONE', *, *, #4833, .T. ) ;
#2740 = LINE ( 'NONE', #4915, #4129 ) ;
#2741 = EDGE_CURVE ( 'NONE', #4314, #1131, #1633, .T. ) ;
#2742 = FACE_OUTER_BOUND ( 'NONE', #3321, .T. ) ;
#2743 = CARTESIAN_POINT ( 'NONE',  ( -35.98805333384530059, -6.369988315432128623, 25.20757047800465500 ) ) ;
#2744 = DIRECTION ( 'NONE',  ( 0.000000000000000000, 0.000000000000000000, 1.000000000000000000 ) ) ;
#2745 = EDGE_CURVE ( 'NONE', #4418, #5419, #1802, .T. ) ;
#2746 = CARTESIAN_POINT ( 'NONE',  ( 32.90792024810235716, -6.660118105741076100, -25.81273559018264052 ) ) ;
#2747 = DIRECTION ( 'NONE',  ( -1.000000000000000000, 0.000000000000000000, 0.000000000000000000 ) ) ;
#2748 = DIRECTION ( 'NONE',  ( -1.506068933593200638E-17, 0.02604568891439890815, 0.9996607535003934064 ) ) ;
#2749 = EDGE_CURVE ( 'NONE', #4687, #4346, #97, .T. ) ;
#2750 = CARTESIAN_POINT ( 'NONE',  ( -35.58499999999724395, 3.369524627563185160, 20.08342989349679897 ) ) ;
#2751 = CIRCLE ( 'NONE', #3208, 33.27000000000000313 ) ;
#2752 = CARTESIAN_POINT ( 'NONE',  ( 34.06661763686009436, 6.369985909922558420, 23.25256388433007970 ) ) ;
#2753 = CARTESIAN_POINT ( 'NONE',  ( -3.634090523922810068, -36.07730396454365263, 23.13765668347805260 ) ) ;
#2754 = VECTOR ( 'NONE', #2900, 1000.000000000000000 ) ;
#2755 = CARTESIAN_POINT ( 'NONE',  ( -6.369999999831399862, -36.86086500839169844, 25.76815908326724980 ) ) ;
#2756 = CARTESIAN_POINT ( 'NONE',  ( 4.672740176731680073, 38.65505634857079542, 25.98922386612814961 ) ) ;
#2757 = CARTESIAN_POINT ( 'NONE',  ( -35.95906216972689862, -3.584246563437701205, 22.83756811855351643 ) ) ;
#2758 = CARTESIAN_POINT ( 'NONE',  ( -7.235307910500023532, 33.45862487848390288, -26.45958164055940998 ) ) ;
#2759 = CARTESIAN_POINT ( 'NONE',  ( 5.489327076811047590, -37.27482891462511105, 24.94815917563741436 ) ) ;
#2760 = ORIENTED_EDGE ( 'NONE', *, *, #1717, .T. ) ;
#2761 = CARTESIAN_POINT ( 'NONE',  ( -80.40000000000000568, 0.000000000000000000, 48.25000000000000000 ) ) ;
#2762 = CARTESIAN_POINT ( 'NONE',  ( 39.65646864763330370, -5.105302807596590497, 26.44298560546290133 ) ) ;
#2763 = VERTEX_POINT ( 'NONE', #776 ) ;
#2764 = CARTESIAN_POINT ( 'NONE',  ( 0.3585035219581707011, 58.79990711068128917, 26.75000000000000000 ) ) ;
#2765 = CARTESIAN_POINT ( 'NONE',  ( -41.24132100174569615, -6.072609891985121244, 26.74014897528940082 ) ) ;
#2766 = CARTESIAN_POINT ( 'NONE',  ( -40.46313664331905358, 5.993611879610245552, 26.64692192519147440 ) ) ;
#2767 = ORIENTED_EDGE ( 'NONE', *, *, #5161, .F. ) ;
#2768 = B_SPLINE_CURVE_WITH_KNOTS ( 'NONE', 3,
 ( #1812, #1365, #1391, #2303, #61, #1864, #3646, #3677, #154, #4124, #2390, #5486, #2833, #2331, #88, #5000, #4565, #1950, #5458, #3738, #1894, #3233, #1454, #4179, #4247, #980, #5588, #3336, #2772, #3267, #596, #1009, #4591, #2799, #1551, #2019, #3708, #5029 ),
 .UNSPECIFIED., .F., .F.,
 ( 4, 2, 2, 1, 1, 1, 1, 2, 2, 2, 2, 1, 1, 2, 2, 2, 2, 2, 2, 2, 2, 4 ),
 ( 0.000000000000000000, 0.06250000000002793599, 0.09375000000004103662, 0.1093750000000475453, 0.1171875000000507372, 0.1210937500000524858, 0.1230468750000533601, 0.1240234375000538458, 0.1250000000000543177, 0.1875000000000367484, 0.2187500000000279499, 0.2343750000000244249, 0.2421875000000228706, 0.2460937500000222322, 0.2500000000000215938, 0.3750000000000182077, 0.4375000000000162648, 0.5000000000000142109, 0.6250000000000087708, 0.6875000000000065503, 0.7500000000000042188, 1.000000000000000000 ),
 .UNSPECIFIED. ) ;
#2769 = CARTESIAN_POINT ( 'NONE',  ( 35.31519027411209777, -6.369893952096119527, 24.66746908118818382 ) ) ;
#2770 = CARTESIAN_POINT ( 'NONE',  ( 41.58107748233529577, 6.366603003321300136, 26.75000000000000000 ) ) ;
#2771 = CARTESIAN_POINT ( 'NONE',  ( -3.747103206430359990, -36.35390986746481445, 23.69472138055075305 ) ) ;
#2772 = CARTESIAN_POINT ( 'NONE',  ( -37.39777154130441517, 4.162481468093485404, 25.05162359109468184 ) ) ;
#2773 = DIRECTION ( 'NONE',  ( 1.000000000000000000, 0.000000000000000000, 0.000000000000000000 ) ) ;
#2774 = DIRECTION ( 'NONE',  ( 0.000000000000000000, 0.000000000000000000, -1.000000000000000000 ) ) ;
#2775 = CARTESIAN_POINT ( 'NONE',  ( -6.092036909184965765, 35.58500000000002927, 20.67951872141220804 ) ) ;
#2776 = CARTESIAN_POINT ( 'NONE',  ( -33.84201667552839154, 7.603701499921571738, -26.66313685757123153 ) ) ;
#2777 = VECTOR ( 'NONE', #5473, 1000.000000000000000 ) ;
#2778 = CARTESIAN_POINT ( 'NONE',  ( -35.54689586772802556, 6.369966307836940622, 24.86640471093055638 ) ) ;
#2779 = FACE_OUTER_BOUND ( 'NONE', #3938, .T. ) ;
#2780 = CARTESIAN_POINT ( 'NONE',  ( -5.451187110831470228, -40.35186322174475038, 26.62461899220589956 ) ) ;
#2781 = CARTESIAN_POINT ( 'NONE',  ( 5.568025807425946105, 36.06042247735658179, 23.10848827329547106 ) ) ;
#2782 = CARTESIAN_POINT ( 'NONE',  ( -40.04110349329648955, -5.294423809296550765, 26.54796740059668991 ) ) ;
#2783 = EDGE_CURVE ( 'NONE', #2377, #4782, #1524, .T. ) ;
#2784 = CARTESIAN_POINT ( 'NONE',  ( -7.222745050765541741, 33.44595971273548685, -26.45036226563711068 ) ) ;
#2785 = CARTESIAN_POINT ( 'NONE',  ( 5.567873153231512440, -38.13877324201973806, 25.67092839607007804 ) ) ;
#2786 = CARTESIAN_POINT ( 'NONE',  ( 4.511522160579837681, -38.26618405991833782, 25.75194617319239399 ) ) ;
#2787 = ORIENTED_EDGE ( 'NONE', *, *, #4894, .F. ) ;
#2788 = CYLINDRICAL_SURFACE ( 'NONE', #4229, 41.75000000000000000 ) ;
#2789 = CARTESIAN_POINT ( 'NONE',  ( 35.40797844743774903, -6.370000000279370411, 24.76512582818009989 ) ) ;
#2790 = ORIENTED_EDGE ( 'NONE', *, *, #3730, .T. ) ;
#2791 = DIRECTION ( 'NONE',  ( 0.000000000000000000, 0.000000000000000000, -1.000000000000000000 ) ) ;
#2792 = CARTESIAN_POINT ( 'NONE',  ( 32.73296161925417636, -6.369999999997249418, 20.03651244881983828 ) ) ;
#2793 = CARTESIAN_POINT ( 'NONE',  ( -36.32716489139679794, 3.736275300546495259, 23.64665700931095316 ) ) ;
#2794 = EDGE_LOOP ( 'NONE', ( #4811, #4339, #5078, #2585 ) ) ;
#2795 = TOROIDAL_SURFACE ( 'NONE', #3548, 5.000000000000000000, 2.000000000000000000 ) ;
#2796 = CARTESIAN_POINT ( 'NONE',  ( 35.58499999999956742, -6.153964580351553693, 20.37052769473249114 ) ) ;
#2797 = CARTESIAN_POINT ( 'NONE',  ( 41.11063729280214574, -5.959793779163479854, 26.73157882434009736 ) ) ;
#2798 = CARTESIAN_POINT ( 'NONE',  ( 41.58500000000424279, 2.264944293516574930E-14, 20.75000000000000000 ) ) ;
#2799 = CARTESIAN_POINT ( 'NONE',  ( -36.17902304975805805, 3.676029721040010578, 23.35980865147023522 ) ) ;
#2800 = CARTESIAN_POINT ( 'NONE',  ( -36.00000000000000000, 0.000000000000000000, -42.07920000000000016 ) ) ;
#2801 = CARTESIAN_POINT ( 'NONE',  ( 32.95143757292586884, -6.708044087096335595, -25.89090262312245372 ) ) ;
#2802 = CARTESIAN_POINT ( 'NONE',  ( -41.58499999999725105, -6.370000000004250040, 26.75000000000000000 ) ) ;
#2803 = DIRECTION ( 'NONE',  ( -1.000000000000000000, -5.446541525829849398E-16, 0.000000000000000000 ) ) ;
#2804 = EDGE_LOOP ( 'NONE', ( #5047, #3142 ) ) ;
#2805 = CARTESIAN_POINT ( 'NONE',  ( -33.50116788175386517, 6.369874706340931780, 22.30854536041534786 ) ) ;
#2806 = ADVANCED_FACE ( 'NONE', ( #1314 ), #1147, .T. ) ;
#2807 = CIRCLE ( 'NONE', #1130, 35.27000000000000313 ) ;
#2808 = CARTESIAN_POINT ( 'NONE',  ( 6.589126433018558160, 32.84428497654661072, -25.68104135459217119 ) ) ;
#2809 = CARTESIAN_POINT ( 'NONE',  ( 36.17063272811864749, 3.673123644807791521, 23.36262559484412549 ) ) ;
#2810 = CARTESIAN_POINT ( 'NONE',  ( 8.274078149565957219, -62.82534605376135772, 48.25000000000000000 ) ) ;
#2811 = EDGE_CURVE ( 'NONE', #1747, #2567, #4806, .T. ) ;
#2812 = DIRECTION ( 'NONE',  ( -1.000000000000000000, 0.000000000000000000, 0.000000000000000000 ) ) ;
#2813 = CARTESIAN_POINT ( 'NONE',  ( 5.922811532239574461, -40.18951802315861954, 26.59077587279805499 ) ) ;
#2814 = CIRCLE ( 'NONE', #4691, 4.999999999999999112 ) ;
#2815 = CARTESIAN_POINT ( 'NONE',  ( 5.236526647641579046, -39.92311326351856593, 26.51550027134663523 ) ) ;
#2816 = VERTEX_POINT ( 'NONE', #1211 ) ;
#2817 = EDGE_CURVE ( 'NONE', #4007, #1486, #3403, .T. ) ;
#2818 = CARTESIAN_POINT ( 'NONE',  ( 7.208288073908884819, -33.43157404586856529, -26.43960925640977777 ) ) ;
#2819 = CARTESIAN_POINT ( 'NONE',  ( 40.55461482426917286, -6.018802013288806485, 26.66347199710281757 ) ) ;
#2820 = CIRCLE ( 'NONE', #2922, 34.00000000000000000 ) ;
#2821 = ORIENTED_EDGE ( 'NONE', *, *, #1542, .T. ) ;
#2822 = ADVANCED_FACE ( 'NONE', ( #1240 ), #5137, .T. ) ;
#2823 = LINE ( 'NONE', #111, #499 ) ;
#2824 = CARTESIAN_POINT ( 'NONE',  ( 37.02184734302406355, 6.369959932250500501, 25.84088013314624632 ) ) ;
#2825 = CARTESIAN_POINT ( 'NONE',  ( -33.63101067088619800, 6.370000000259079975, 22.58044848908625113 ) ) ;
#2826 = ORIENTED_EDGE ( 'NONE', *, *, #4487, .F. ) ;
#2827 = VECTOR ( 'NONE', #2684, 1000.000000000000000 ) ;
#2828 = CARTESIAN_POINT ( 'NONE',  ( -35.58499999999724395, -3.371078389173584711, 19.41695418761370107 ) ) ;
#2829 = EDGE_CURVE ( 'NONE', #5683, #4995, #5496, .T. ) ;
#2830 = CARTESIAN_POINT ( 'NONE',  ( -67.43248878220548193, 4.383942465038381364, 48.25000000000000000 ) ) ;
#2831 = CIRCLE ( 'NONE', #1520, 8.500000000000000000 ) ;
#2832 = CARTESIAN_POINT ( 'NONE',  ( -33.55745285580324833, -7.332491193168598542, -26.52572735999887144 ) ) ;
#2833 = CARTESIAN_POINT ( 'NONE',  ( -40.06009971478426479, 5.303858617565343714, 26.55298932686783431 ) ) ;
#2834 = ORIENTED_EDGE ( 'NONE', *, *, #48, .F. ) ;
#2835 = CARTESIAN_POINT ( 'NONE',  ( 32.67266875911158763, -6.391459296776444532, -25.04908259883219301 ) ) ;
#2836 = VERTEX_POINT ( 'NONE', #1626 ) ;
#2837 = CARTESIAN_POINT ( 'NONE',  ( 32.58500000000420016, 3.370805018347220017, -24.75000000000000000 ) ) ;
#2838 = EDGE_CURVE ( 'NONE', #4856, #4420, #2174, .T. ) ;
#2839 = ORIENTED_EDGE ( 'NONE', *, *, #4904, .F. ) ;
#2840 = CARTESIAN_POINT ( 'NONE',  ( 36.92876712651861482, 6.369998677353367889, 25.79211885301981155 ) ) ;
#2841 = CARTESIAN_POINT ( 'NONE',  ( 6.929446191337241601, 33.15818515082357720, -26.18271707016623395 ) ) ;
#2842 = EDGE_CURVE ( 'NONE', #5095, #192, #4892, .T. ) ;
#2843 = FACE_OUTER_BOUND ( 'NONE', #756, .T. ) ;
#2844 = DIRECTION ( 'NONE',  ( 0.9063077870366496036, -0.4226182617407001074, 0.000000000000000000 ) ) ;
#2845 = CARTESIAN_POINT ( 'NONE',  ( -35.58499999999724395, 3.370805018340395254, 18.75000000000000000 ) ) ;
#2846 = AXIS2_PLACEMENT_3D ( 'NONE', #2342, #2291, #2812 ) ;
#2847 = CARTESIAN_POINT ( 'NONE',  ( -3.369524627567149988, 35.58500000000000085, 20.08342989349679897 ) ) ;
#2848 = CARTESIAN_POINT ( 'NONE',  ( 6.369999999999988560, 32.99576844330812975, 21.07883526525489870 ) ) ;
#2849 = CARTESIAN_POINT ( 'NONE',  ( 4.673057335576581650, -38.65583274221082632, 25.98719476958601504 ) ) ;
#2850 = VERTEX_POINT ( 'NONE', #669 ) ;
#2851 = AXIS2_PLACEMENT_3D ( 'NONE', #3638, #524, #5420 ) ;
#2852 = CARTESIAN_POINT ( 'NONE',  ( 46.48505378704070523, 41.28399214238000070, -26.75000000000000000 ) ) ;
#2853 = DIRECTION ( 'NONE',  ( 0.000000000000000000, 0.000000000000000000, -1.000000000000000000 ) ) ;
#2854 = VERTEX_POINT ( 'NONE', #1493 ) ;
#2855 = VECTOR ( 'NONE', #364, 1000.000000000000000 ) ;
#2856 = DIRECTION ( 'NONE',  ( 0.9063077870366496036, -0.4226182617407001074, 0.000000000000000000 ) ) ;
#2857 = CARTESIAN_POINT ( 'NONE',  ( -37.43558719850074823, 6.370000000076319502, 26.04233634654859841 ) ) ;
#2858 = ORIENTED_EDGE ( 'NONE', *, *, #5507, .F. ) ;
#2859 = CARTESIAN_POINT ( 'NONE',  ( 37.40389596621312762, -6.369868966279632616, 26.02593598423629118 ) ) ;
#2860 = CARTESIAN_POINT ( 'NONE',  ( -8.053330544171270589, 34.33826971683804885, -26.75000000000000000 ) ) ;
#2861 = CARTESIAN_POINT ( 'NONE',  ( -33.43885810049895468, -7.215689242582508989, -26.44510774709591772 ) ) ;
#2862 = CARTESIAN_POINT ( 'NONE',  ( 36.57108811507445978, 5.486810673087702206, 24.07463000796159491 ) ) ;
#2863 = DIRECTION ( 'NONE',  ( 0.9063077870366496036, -0.4226182617407001074, 0.000000000000000000 ) ) ;
#2864 = VERTEX_POINT ( 'NONE', #2810 ) ;
#2865 = DIRECTION ( 'NONE',  ( 0.000000000000000000, -1.000000000000000000, 0.000000000000000000 ) ) ;
#2866 = ORIENTED_EDGE ( 'NONE', *, *, #5425, .T. ) ;
#2867 = CARTESIAN_POINT ( 'NONE',  ( -5.518419796274097067, 36.29788994329961582, 23.60260554851719661 ) ) ;
#2868 = DIRECTION ( 'NONE',  ( -1.000000000000000000, 0.000000000000000000, 0.000000000000000000 ) ) ;
#2869 = ORIENTED_EDGE ( 'NONE', *, *, #5790, .F. ) ;
#2870 = ORIENTED_EDGE ( 'NONE', *, *, #1614, .F. ) ;
#2871 = CARTESIAN_POINT ( 'NONE',  ( 34.01829980768594908, 6.369996260834308366, 23.18165352361047837 ) ) ;
#2872 = ADVANCED_FACE ( 'NONE', ( #3347 ), #3493, .T. ) ;
#2873 = CARTESIAN_POINT ( 'NONE',  ( 6.370000000006999841, -40.77543378064680724, 26.75000000000000000 ) ) ;
#2874 = CYLINDRICAL_SURFACE ( 'NONE', #5435, 33.27000000000000313 ) ;
#2875 = DIRECTION ( 'NONE',  ( 0.9063077870366497146, -0.4226182617406998854, 0.000000000000000000 ) ) ;
#2876 = CARTESIAN_POINT ( 'NONE',  ( -35.58499999999724395, 3.374767283358739878, 20.08371539900699787 ) ) ;
#2877 = LINE ( 'NONE', #4637, #4535 ) ;
#2878 = CARTESIAN_POINT ( 'NONE',  ( 0.000000000000000000, 0.000000000000000000, -42.07920000000000016 ) ) ;
#2879 = CARTESIAN_POINT ( 'NONE',  ( 5.903547014047790142, -41.04528918709834784, 26.72567671803249922 ) ) ;
#2880 = ORIENTED_EDGE ( 'NONE', *, *, #3242, .T. ) ;
#2881 = CARTESIAN_POINT ( 'NONE',  ( -35.58499999999724395, -3.386891796956549960, 20.75000000000000000 ) ) ;
#2882 = DIRECTION ( 'NONE',  ( -1.000000000000000000, 0.000000000000000000, 0.000000000000000000 ) ) ;
#2883 = ORIENTED_EDGE ( 'NONE', *, *, #2540, .T. ) ;
#2884 =( NAMED_UNIT ( * ) PLANE_ANGLE_UNIT ( ) SI_UNIT ( $, .RADIAN. ) );
#2885 = CARTESIAN_POINT ( 'NONE',  ( -37.54458594253376447, 5.506903573092803761, 25.20875611328833443 ) ) ;
#2886 = EDGE_LOOP ( 'NONE', ( #2629, #4383 ) ) ;
#2887 = CARTESIAN_POINT ( 'NONE',  ( 38.66596692507066990, -6.369999971024093988, 26.49319366941456622 ) ) ;
#2888 = CARTESIAN_POINT ( 'NONE',  ( -6.369999999993000372, -35.58500000000150010, -26.75000000000000000 ) ) ;
#2889 = CYLINDRICAL_SURFACE ( 'NONE', #4630, 2.000000000000001776 ) ;
#2890 = CARTESIAN_POINT ( 'NONE',  ( 37.62939739159389774, 6.369999999976280414, 26.12567189972049775 ) ) ;
#2891 = CARTESIAN_POINT ( 'NONE',  ( -32.89326045843964863, -6.370000000004250040, 20.67227652432875118 ) ) ;
#2892 = ORIENTED_EDGE ( 'NONE', *, *, #5395, .T. ) ;
#2893 = VERTEX_POINT ( 'NONE', #5600 ) ;
#2894 = FACE_OUTER_BOUND ( 'NONE', #3457, .T. ) ;
#2895 = CARTESIAN_POINT ( 'NONE',  ( 6.363206001977269821, -41.57715496681915113, 26.74999615346959914 ) ) ;
#2896 = ORIENTED_EDGE ( 'NONE', *, *, #3681, .T. ) ;
#2897 = ADVANCED_FACE ( 'NONE', ( #229 ), #1965, .T. ) ;
#2898 = EDGE_LOOP ( 'NONE', ( #2866, #3268, #2053, #1752 ) ) ;
#2899 = CARTESIAN_POINT ( 'NONE',  ( -36.64608769008633260, 6.369986962794476959, 25.63496663768505712 ) ) ;
#2900 = DIRECTION ( 'NONE',  ( 0.000000000000000000, 0.000000000000000000, 1.000000000000000000 ) ) ;
#2901 = CARTESIAN_POINT ( 'NONE',  ( 35.78307133658002215, 3.507259046021941717, 22.29091457740029725 ) ) ;
#2902 = CARTESIAN_POINT ( 'NONE',  ( 6.207242184587543399, 35.58499999999997954, 20.05572867702311868 ) ) ;
#2903 = CARTESIAN_POINT ( 'NONE',  ( 4.997950617164736542, 39.40900152811214951, 26.34230547087528862 ) ) ;
#2904 = CARTESIAN_POINT ( 'NONE',  ( 41.13373057026175417, -6.213682913111219008, 26.73769913456273528 ) ) ;
#2905 = CARTESIAN_POINT ( 'NONE',  ( 4.741503266667539407, -38.81887157605964944, 26.07750731349350204 ) ) ;
#2906 = CARTESIAN_POINT ( 'NONE',  ( 3.912398520554972503, -36.76763104983673003, 24.33181799052422889 ) ) ;
#2907 = ORIENTED_EDGE ( 'NONE', *, *, #3396, .F. ) ;
#2908 = DIRECTION ( 'NONE',  ( 0.000000000000000000, 0.000000000000000000, -1.000000000000000000 ) ) ;
#2909 = AXIS2_PLACEMENT_3D ( 'NONE', #5516, #1511, #272 ) ;
#2910 = ORIENTED_EDGE ( 'NONE', *, *, #4614, .F. ) ;
#2911 = ADVANCED_FACE ( 'NONE', ( #5501 ), #3279, .T. ) ;
#2912 = VECTOR ( 'NONE', #4026, 1000.000000000000000 ) ;
#2913 = CARTESIAN_POINT ( 'NONE',  ( -6.072609891973880458, -41.24132100174994520, 26.74014897528940082 ) ) ;
#2914 = DIRECTION ( 'NONE',  ( 0.000000000000000000, 0.000000000000000000, -1.000000000000000000 ) ) ;
#2915 = ORIENTED_EDGE ( 'NONE', *, *, #1364, .T. ) ;
#2916 = DIRECTION ( 'NONE',  ( 1.000000000000000000, 5.446541525829851370E-16, 0.000000000000000000 ) ) ;
#2917 = CARTESIAN_POINT ( 'NONE',  ( 33.42092942264921618, 7.197685110664179042, -26.43154108457989793 ) ) ;
#2918 = CARTESIAN_POINT ( 'NONE',  ( -32.71476483687879977, -6.440806796494037201, -25.28630637299785278 ) ) ;
#2919 = CARTESIAN_POINT ( 'NONE',  ( 38.81887157606234950, 4.741503266662090432, 26.07750731349344875 ) ) ;
#2920 = CARTESIAN_POINT ( 'NONE',  ( -39.65646864763134971, -5.105302807611170834, 26.44298560546450005 ) ) ;
#2921 = EDGE_LOOP ( 'NONE', ( #2896, #2907, #3395, #2826 ) ) ;
#2922 = AXIS2_PLACEMENT_3D ( 'NONE', #1689, #3475, #3963 ) ;
#2923 =( BOUNDED_SURFACE ( )  B_SPLINE_SURFACE ( 3, 2, ( 
 ( #5168, #2499, #4287 ),
 ( #3377, #5109, #670 ),
 ( #4730, #4668, #2876 ),
 ( #1141, #2001, #5601 ),
 ( #2433, #2031, #4226 ),
 ( #1086, #3250, #2845 ) ),
 .UNSPECIFIED., .F., .F., .F. ) 
 B_SPLINE_SURFACE_WITH_KNOTS ( ( 4, 2, 4 ),
 ( 3, 3 ),
 ( 0.006856434198050050111, 0.007868423652441669525, 0.008880413106833288939 ),
 ( 0.000000000000000000, 1.000000000000000000 ),
 .UNSPECIFIED. ) 
 GEOMETRIC_REPRESENTATION_ITEM ( )  RATIONAL_B_SPLINE_SURFACE ( (
 ( 1.000000000000000000, 0.7425474685661640484, 1.000000000000000000),
 ( 1.000000000000000000, 0.7340242781239200154, 1.000000000000000000),
 ( 1.000000000000000000, 0.7271203083349140339, 1.000000000000000000),
 ( 1.000000000000000000, 0.7177217103487799621, 1.000000000000000000),
 ( 1.000000000000000000, 0.7152352449325000139, 1.000000000000000000),
 ( 1.000000000000000000, 0.7152498783407699179, 1.000000000000000000) ) ) 
 REPRESENTATION_ITEM ( '' )  SURFACE ( )  );
#2924 = ORIENTED_EDGE ( 'NONE', *, *, #1925, .T. ) ;
#2925 = CARTESIAN_POINT ( 'NONE',  ( -4.741503266662980387, 38.81887157606004735, 26.07750731349445061 ) ) ;
#2926 = AXIS2_PLACEMENT_3D ( 'NONE', #2281, #3981, #1306 ) ;
#2927 = CARTESIAN_POINT ( 'NONE',  ( 6.072609891987870157, -41.24132100174989546, 26.74014897528940082 ) ) ;
#2928 = ORIENTED_EDGE ( 'NONE', *, *, #803, .F. ) ;
#2929 = CC_DESIGN_PERSON_AND_ORGANIZATION_ASSIGNMENT ( #3527, #2234, ( #1993 ) ) ;
#2930 = VERTEX_POINT ( 'NONE', #5535 ) ;
#2931 = CARTESIAN_POINT ( 'NONE',  ( -36.82126671751561986, 6.369997999193972582, 25.73410213389612267 ) ) ;
#2932 = AXIS2_PLACEMENT_3D ( 'NONE', #3099, #510, #1899 ) ;
#2933 = CARTESIAN_POINT ( 'NONE',  ( 6.948376473200173820, 33.17628435520317964, -26.20343327198641603 ) ) ;
#2934 = DIRECTION ( 'NONE',  ( 0.000000000000000000, 0.000000000000000000, 1.000000000000000000 ) ) ;
#2935 = CARTESIAN_POINT ( 'NONE',  ( 3.370805018344539938, 35.58500000000000085, 18.75000000000000000 ) ) ;
#2936 = CARTESIAN_POINT ( 'NONE',  ( 5.813884986771252983, 40.94111886508552089, 26.71626826911098718 ) ) ;
#2937 = LINE ( 'NONE', #2500, #20 ) ;
#2938 = CARTESIAN_POINT ( 'NONE',  ( 6.369893952200823328, 35.31519027685697409, 24.66746908365413660 ) ) ;
#2939 = CARTESIAN_POINT ( 'NONE',  ( 37.96533773953812840, -4.389263163785642519, 25.53874199386659427 ) ) ;
#2940 = ORIENTED_EDGE ( 'NONE', *, *, #3580, .T. ) ;
#2941 = CARTESIAN_POINT ( 'NONE',  ( 7.188488255964849749, -33.41170655742440232, -26.42447161626226659 ) ) ;
#2942 = CARTESIAN_POINT ( 'NONE',  ( 3.386891796952085087, 35.58500000000000085, 20.75000000000000000 ) ) ;
#2943 = DIRECTION ( 'NONE',  ( 1.000000000000000000, 0.000000000000000000, 0.000000000000000000 ) ) ;
#2944 = VECTOR ( 'NONE', #4876, 1000.000000000000000 ) ;
#2945 = CIRCLE ( 'NONE', #4732, 2.000000000000001776 ) ;
#2946 = VERTEX_POINT ( 'NONE', #1530 ) ;
#2947 = LINE ( 'NONE', #2509, #568 ) ;
#2948 = AXIS2_PLACEMENT_3D ( 'NONE', #5710, #3057, #4848 ) ;
#2949 = DIRECTION ( 'NONE',  ( 0.000000000000000000, 0.000000000000000000, 1.000000000000000000 ) ) ;
#2950 = CIRCLE ( 'NONE', #2482, 80.40000000000000568 ) ;
#2951 = CARTESIAN_POINT ( 'NONE',  ( 6.369994849681322791, -36.94410026121096280, 25.80025258971680913 ) ) ;
#2952 = CARTESIAN_POINT ( 'NONE',  ( -37.54458594253335235, -5.506903573101100235, 25.20875611328502686 ) ) ;
#2953 = ORIENTED_EDGE ( 'NONE', *, *, #3514, .T. ) ;
#2954 = ORIENTED_EDGE ( 'NONE', *, *, #3487, .F. ) ;
#2955 = CARTESIAN_POINT ( 'NONE',  ( -32.65449433079702857, 6.369999999995678230, 19.38922875141056679 ) ) ;
#2956 = CARTESIAN_POINT ( 'NONE',  ( -6.370000000000000107, 40.77543378064790147, 26.75000000000000000 ) ) ;
#2957 = ORIENTED_EDGE ( 'NONE', *, *, #5679, .T. ) ;
#2958 = VERTEX_POINT ( 'NONE', #3376 ) ;
#2959 = FACE_OUTER_BOUND ( 'NONE', #966, .T. ) ;
#2960 = ADVANCED_FACE ( 'NONE', ( #1052 ), #2498, .F. ) ;
#2961 = CARTESIAN_POINT ( 'NONE',  ( 7.684133088448402482, 33.92525754168580221, -26.70834869224797359 ) ) ;
#2962 = CARTESIAN_POINT ( 'NONE',  ( 38.26618405973083981, 4.511522160515846203, 25.75194617306618028 ) ) ;
#2963 = CARTESIAN_POINT ( 'NONE',  ( -6.369851035970198083, -33.13414373671746915, 21.49048943016618907 ) ) ;
#2964 = CARTESIAN_POINT ( 'NONE',  ( 4.330289587576152677, 37.81858231518397417, 25.42431385906598962 ) ) ;
#2965 = ADVANCED_FACE ( 'NONE', ( #1140 ), #479, .T. ) ;
#2966 = CARTESIAN_POINT ( 'NONE',  ( 50.00000000000000000, -41.50000000000000000, -41.89999999999999858 ) ) ;
#2967 = CARTESIAN_POINT ( 'NONE',  ( 6.369999725258454149, 33.95521785355952460, 23.08691346381096565 ) ) ;
#2968 = CARTESIAN_POINT ( 'NONE',  ( 36.99817354973280459, -4.003754379657831208, 24.63695431591668594 ) ) ;
#2969 = VERTEX_POINT ( 'NONE', #5108 ) ;
#2970 = EDGE_CURVE ( 'NONE', #3724, #690, #2268, .T. ) ;
#2971 = CARTESIAN_POINT ( 'NONE',  ( -7.714382699819307909, -33.96158849827136805, -26.70159992994990006 ) ) ;
#2972 = AXIS2_PLACEMENT_3D ( 'NONE', #558, #4585, #4117 ) ;
#2973 = CARTESIAN_POINT ( 'NONE',  ( 41.50000000000000000, 50.00000000000000000, -41.89999999999999858 ) ) ;
#2974 = CALENDAR_DATE ( 2026, 29, 8 ) ;
#2975 = CARTESIAN_POINT ( 'NONE',  ( -6.370154876724612336, 38.77862708817013271, 26.50420942058895690 ) ) ;
#2976 = EDGE_CURVE ( 'NONE', #3019, #4028, #5270, .T. ) ;
#2977 = ORIENTED_EDGE ( 'NONE', *, *, #327, .T. ) ;
#2978 = DIRECTION ( 'NONE',  ( -1.000000000000000000, 0.000000000000000000, 0.000000000000000000 ) ) ;
#2979 = CARTESIAN_POINT ( 'NONE',  ( 33.34950128997228092, 7.126142821664104510, -26.37436661490763967 ) ) ;
#2980 = CARTESIAN_POINT ( 'NONE',  ( -32.66660232053065727, -6.384443280396159714, -25.03154970454688666 ) ) ;
#2981 = CARTESIAN_POINT ( 'NONE',  ( 38.45520708566627377, 5.608177709307873293, 25.87754706217531364 ) ) ;
#2982 = CARTESIAN_POINT ( 'NONE',  ( -33.63101067088184948, -6.370000000268309037, 22.58044848908705049 ) ) ;
#2983 = VERTEX_POINT ( 'NONE', #733 ) ;
#2984 = VERTEX_POINT ( 'NONE', #3927 ) ;
#2985 = CIRCLE ( 'NONE', #1416, 2.999999999999999556 ) ;
#2986 = CARTESIAN_POINT ( 'NONE',  ( -6.370000000023900100, 40.29886942667000227, 26.73672580134610044 ) ) ;
#2987 = EDGE_LOOP ( 'NONE', ( #4965, #4705, #3586, #1080 ) ) ;
#2988 = DIRECTION ( 'NONE',  ( 0.000000000000000000, 0.000000000000000000, 1.000000000000000000 ) ) ;
#2989 = CARTESIAN_POINT ( 'NONE',  ( -35.58499999999721553, -6.207242184589930822, 20.05572867702290907 ) ) ;
#2990 = CARTESIAN_POINT ( 'NONE',  ( 32.65449433079565722, 6.370000000002770335, 18.75000000000000000 ) ) ;
#2991 = CARTESIAN_POINT ( 'NONE',  ( -6.369998877390132819, -35.74782502493955860, 25.02758584428643118 ) ) ;
#2992 = CARTESIAN_POINT ( 'NONE',  ( -41.36003397524411440, 6.292069547967871657, 26.74999999999945288 ) ) ;
#2993 = CARTESIAN_POINT ( 'NONE',  ( 6.369989591970163012, 33.85937047287175972, 22.93800182823353140 ) ) ;
#2994 = CARTESIAN_POINT ( 'NONE',  ( 37.81858231542205573, -4.330289587672261575, 25.42431385925661047 ) ) ;
#2995 = ADVANCED_FACE ( 'NONE', ( #1233 ), #845, .T. ) ;
#2996 = EDGE_LOOP ( 'NONE', ( #3449, #1586 ) ) ;
#2997 = CARTESIAN_POINT ( 'NONE',  ( -6.673987457682309277, -32.91995511296389765, -25.83663952700224087 ) ) ;
#2998 = EDGE_CURVE ( 'NONE', #5267, #498, #782, .T. ) ;
#2999 = CARTESIAN_POINT ( 'NONE',  ( 3.386891796952085087, 35.58500000000000085, 20.75000000000000000 ) ) ;
#3000 = EDGE_CURVE ( 'NONE', #4782, #222, #5232, .T. ) ;
#3001 = APPROVAL_ROLE ( '' ) ;
#3002 = DIRECTION ( 'NONE',  ( 1.000000000000000000, -8.881784197001250351E-16, 0.000000000000000000 ) ) ;
#3003 = ORIENTED_EDGE ( 'NONE', *, *, #4656, .F. ) ;
#3004 = AXIS2_PLACEMENT_3D ( 'NONE', #2247, #4068, #4 ) ;
#3005 = CARTESIAN_POINT ( 'NONE',  ( 34.45114492800514938, -6.369999999801380319, 23.76796895712704938 ) ) ;
#3006 = VECTOR ( 'NONE', #2949, 1000.000000000000000 ) ;
#3007 = CARTESIAN_POINT ( 'NONE',  ( 32.58500000000420016, 3.370805018347220017, 18.75000000000000000 ) ) ;
#3008 = EDGE_CURVE ( 'NONE', #1109, #3869, #5441, .T. ) ;
#3009 = EDGE_CURVE ( 'NONE', #2487, #2269, #4053, .T. ) ;
#3010 = CARTESIAN_POINT ( 'NONE',  ( 6.369999830344512226, -35.80948082779577391, 25.07503383247922812 ) ) ;
#3011 = DIRECTION ( 'NONE',  ( -1.000000000000000000, 0.000000000000000000, 0.000000000000000000 ) ) ;
#3012 = CARTESIAN_POINT ( 'NONE',  ( -36.57108811506829937, -5.486810673086350398, 24.07463000796306574 ) ) ;
#3013 = ORIENTED_EDGE ( 'NONE', *, *, #5160, .T. ) ;
#3014 = ORIENTED_EDGE ( 'NONE', *, *, #4469, .T. ) ;
#3015 = ORIENTED_EDGE ( 'NONE', *, *, #2145, .F. ) ;
#3016 = CARTESIAN_POINT ( 'NONE',  ( 6.370000000006999841, -32.65449433079479746, -24.75000000000000000 ) ) ;
#3017 = AXIS2_PLACEMENT_3D ( 'NONE', #5650, #5192, #2164 ) ;
#3018 = CIRCLE ( 'NONE', #471, 2.000000000000001776 ) ;
#3019 = VERTEX_POINT ( 'NONE', #1307 ) ;
#3020 = CARTESIAN_POINT ( 'NONE',  ( -37.40389598355597656, 6.369868966281420519, 26.02593599205546937 ) ) ;
#3021 = CLOSED_SHELL ( 'NONE', ( #2995, #3332, #5375, #4295, #2199, #1686, #4381, #5749, #774, #4737, #2578, #1708, #2227, #2583, #3333, #3456, #890, #1495, #2470, #952, #5086, #2806, #605, #3758, #2355, #742, #3994, #4222, #3205, #3237, #5303, #2584, #4298, #1166, #1425, #5295, #5314, #1437, #2965, #4009, #4896, #1300, #1042, #2442, #3398, #5514, #4657, #663, #3433, #5418, #4161, #5598, #5455, #446, #3263, #4544, #107, #3640, #1182, #1750, #1474, #1532, #1186, #3361, #1500, #5558, #1954, #312, #1502, #705, #5208, #2488, #2212, #1537, #3442, #556, #4826, #1688, #3863, #1964, #2205, #2235, #5231, #1621, #4510, #3054, #5226, #3890, #2713, #912, #3293, #2822, #2872, #345, #5319, #2043, #2348, #3046, #3170, #4277, #3601, #5760, #116, #2897, #3446, #2689, #744, #2384, #1353, #989, #3430, #3696, #3359, #1304, #4059, #1227, #5348, #2960, #3878, #13, #2094, #2911, #40, #372, #3163, #1137, #3794, #3169, #5675, #3868, #2006, #4619, #3220 ) ) ;
#3022 = AXIS2_PLACEMENT_3D ( 'NONE', #4313, #4049, #1373 ) ;
#3023 = CARTESIAN_POINT ( 'NONE',  ( 32.65449433079665198, -6.369999999997229878, 18.75000000000000000 ) ) ;
#3024 = EDGE_CURVE ( 'NONE', #2377, #2653, #3957, .T. ) ;
#3025 = CARTESIAN_POINT ( 'NONE',  ( 41.50000000000000000, 50.00000000000000000, -26.75000000000000000 ) ) ;
#3026 = CARTESIAN_POINT ( 'NONE',  ( -6.369999963567897439, -36.90693365874525966, 25.78047849053000817 ) ) ;
#3027 = CIRCLE ( 'NONE', #203, 2.999999999999999112 ) ;
#3028 = CARTESIAN_POINT ( 'NONE',  ( -5.350792472477608364, -40.15356325982406815, 26.57686408935904154 ) ) ;
#3029 = CARTESIAN_POINT ( 'NONE',  ( 6.370000009019403997, 36.97519820195760332, 25.81686561911360656 ) ) ;
#3030 = CONICAL_SURFACE ( 'NONE', #4432, 82.65000000000000568, 0.7853981633974589371 ) ;
#3031 = CARTESIAN_POINT ( 'NONE',  ( 40.10601789001339768, -5.326807777633631780, 26.56489141849820257 ) ) ;
#3032 = EDGE_LOOP ( 'NONE', ( #4719, #277, #5269, #360 ) ) ;
#3033 = LINE ( 'NONE', #5280, #2378 ) ;
#3034 = CARTESIAN_POINT ( 'NONE',  ( 5.730493809366735469, 35.72060367004657166, 22.07621144685212400 ) ) ;
#3035 = CARTESIAN_POINT ( 'NONE',  ( 32.58500000000420016, 3.370805018347220017, 26.75000000000000000 ) ) ;
#3036 = EDGE_LOOP ( 'NONE', ( #337, #4913, #554, #2368 ) ) ;
#3037 = DIRECTION ( 'NONE',  ( 1.000000000000000000, 0.000000000000000000, 0.000000000000000000 ) ) ;
#3038 = CARTESIAN_POINT ( 'NONE',  ( -32.88631998551718993, -6.635904795738138517, -25.77045946733779758 ) ) ;
#3039 = CYLINDRICAL_SURFACE ( 'NONE', #3937, 2.000000000000001776 ) ;
#3040 = CARTESIAN_POINT ( 'NONE',  ( -36.42009448152394668, -3.773695274613774853, 23.80917560843084857 ) ) ;
#3041 = ORIENTED_EDGE ( 'NONE', *, *, #2386, .F. ) ;
#3042 = ORIENTED_EDGE ( 'NONE', *, *, #478, .T. ) ;
#3043 = ORIENTED_EDGE ( 'NONE', *, *, #5462, .T. ) ;
#3044 = CIRCLE ( 'NONE', #1733, 3.000000000000002665 ) ;
#3045 = CARTESIAN_POINT ( 'NONE',  ( -6.369999999952249858, 40.00461954384014263, 26.71605156565919970 ) ) ;
#3046 = ADVANCED_FACE ( 'NONE', ( #3650 ), #8, .F. ) ;
#3047 = EDGE_LOOP ( 'NONE', ( #4204, #1296, #1695, #3776 ) ) ;
#3048 = CARTESIAN_POINT ( 'NONE',  ( 0.000000000000000000, 0.000000000000000000, -34.72660000000000480 ) ) ;
#3049 = CARTESIAN_POINT ( 'NONE',  ( -58.79990711068137443, 0.3585035219582123345, 5.100000000000000533 ) ) ;
#3050 = CARTESIAN_POINT ( 'NONE',  ( 3.386891796952085087, 35.58500000000000085, 20.75000000000000000 ) ) ;
#3051 = CARTESIAN_POINT ( 'NONE',  ( -6.369883270117739471, -37.52377275374833943, 26.07952927425302292 ) ) ;
#3052 = CARTESIAN_POINT ( 'NONE',  ( 6.369963388424927153, 33.75188462182877913, 22.76319936828533841 ) ) ;
#3053 = CARTESIAN_POINT ( 'NONE',  ( -5.286164085102673660, 40.02441970606812305, 26.54351016698080201 ) ) ;
#3054 = ADVANCED_FACE ( 'NONE', ( #2282 ), #4568, .T. ) ;
#3055 = DIRECTION ( 'NONE',  ( 0.000000000000000000, 0.000000000000000000, 1.000000000000000000 ) ) ;
#3056 = DIRECTION ( 'NONE',  ( -1.000000000000000000, -4.625929269271485322E-15, 0.000000000000000000 ) ) ;
#3057 = DIRECTION ( 'NONE',  ( 0.000000000000000000, 0.000000000000000000, 1.000000000000000000 ) ) ;
#3058 = FACE_OUTER_BOUND ( 'NONE', #1554, .T. ) ;
#3059 = ORIENTED_EDGE ( 'NONE', *, *, #4305, .T. ) ;
#3060 = AXIS2_PLACEMENT_3D ( 'NONE', #4000, #1806, #4474 ) ;
#3061 = DIRECTION ( 'NONE',  ( 1.000000000000000000, -2.508033941171289955E-16, 0.000000000000000000 ) ) ;
#3062 = DIRECTION ( 'NONE',  ( 1.000000000000000000, 0.000000000000000000, 0.000000000000000000 ) ) ;
#3063 = FACE_BOUND ( 'NONE', #3064, .T. ) ;
#3064 = EDGE_LOOP ( 'NONE', ( #1509, #789 ) ) ;
#3065 = ORIENTED_EDGE ( 'NONE', *, *, #2213, .T. ) ;
#3066 = ORIENTED_EDGE ( 'NONE', *, *, #766, .T. ) ;
#3067 = CARTESIAN_POINT ( 'NONE',  ( -3.386891796952119726, 35.58500000000000085, 20.75000000000000000 ) ) ;
#3068 = EDGE_LOOP ( 'NONE', ( #5055, #2327, #618, #5669 ) ) ;
#3069 = DIRECTION ( 'NONE',  ( 1.000000000000000000, 0.000000000000000000, 0.000000000000000000 ) ) ;
#3070 = CARTESIAN_POINT ( 'NONE',  ( 7.293325014363075454, 33.51769973798750613, -26.50373606349327105 ) ) ;
#3071 = DIRECTION ( 'NONE',  ( 0.000000000000000000, 0.000000000000000000, 1.000000000000000000 ) ) ;
#3072 = DIRECTION ( 'NONE',  ( 0.000000000000000000, 0.000000000000000000, -1.000000000000000000 ) ) ;
#3073 = EDGE_CURVE ( 'NONE', #1597, #2067, #4947, .T. ) ;
#3074 = EDGE_CURVE ( 'NONE', #1506, #675, #4397, .T. ) ;
#3075 = CARTESIAN_POINT ( 'NONE',  ( -36.00000000000000000, 0.000000000000000000, -40.57920000000000016 ) ) ;
#3076 = AXIS2_PLACEMENT_3D ( 'NONE', #4392, #3478, #356 ) ;
#3077 = FACE_OUTER_BOUND ( 'NONE', #2132, .T. ) ;
#3078 = CARTESIAN_POINT ( 'NONE',  ( -6.956354192757643773, -33.18393618313645987, -26.21199134726174407 ) ) ;
#3079 = CARTESIAN_POINT ( 'NONE',  ( 0.000000000000000000, 0.000000000000000000, 46.00000000000000000 ) ) ;
#3080 = DIRECTION ( 'NONE',  ( -0.7071067811865391350, 8.659560562354830553E-17, 0.7071067811865560104 ) ) ;
#3081 = CARTESIAN_POINT ( 'NONE',  ( -40.77543378064719803, -6.370000000004250040, 26.75000000000000000 ) ) ;
#3082 = CARTESIAN_POINT ( 'NONE',  ( 0.000000000000000000, 0.000000000000000000, -42.07920000000000016 ) ) ;
#3083 = EDGE_CURVE ( 'NONE', #626, #4270, #4280, .T. ) ;
#3084 = ORIENTED_EDGE ( 'NONE', *, *, #2611, .F. ) ;
#3085 = FACE_OUTER_BOUND ( 'NONE', #597, .T. ) ;
#3086 = CARTESIAN_POINT ( 'NONE',  ( 0.000000000000000000, 0.000000000000000000, 46.00000000000000000 ) ) ;
#3087 = FACE_BOUND ( 'NONE', #656, .T. ) ;
#3088 = ORIENTED_EDGE ( 'NONE', *, *, #3472, .F. ) ;
#3089 = ORIENTED_EDGE ( 'NONE', *, *, #4405, .F. ) ;
#3090 = CARTESIAN_POINT ( 'NONE',  ( 35.58500000000424279, 3.386891796954385025, 20.75000000000000000 ) ) ;
#3091 = B_SPLINE_CURVE_WITH_KNOTS ( 'NONE', 3,
 ( #3644, #4092, #5551, #5026, #1036, #1890, #5427, #1099, #2770, #563 ),
 .UNSPECIFIED., .F., .F.,
 ( 4, 3, 3, 4 ),
 ( 0.000000000000000000, 0.0002592685389399120108, 0.0006983587851644189933, 0.0007139257881467309498 ),
 .UNSPECIFIED. ) ;
#3092 = TOROIDAL_SURFACE ( 'NONE', #5254, 35.27000000000000313, 2.000000000000000000 ) ;
#3093 = CARTESIAN_POINT ( 'NONE',  ( -34.06661763690432565, -6.369985909925751422, 23.25256388439521515 ) ) ;
#3094 = ORIENTED_EDGE ( 'NONE', *, *, #5653, .T. ) ;
#3095 = CARTESIAN_POINT ( 'NONE',  ( -41.50000000000000000, -52.00000000000000000, -28.75000000000000000 ) ) ;
#3096 = VECTOR ( 'NONE', #2690, 1000.000000000000114 ) ;
#3097 = CARTESIAN_POINT ( 'NONE',  ( -32.65449433048424766, -6.370000000011459385, 19.08058457314150047 ) ) ;
#3098 = CARTESIAN_POINT ( 'NONE',  ( 6.363206001970259429, 41.57715496681770162, 26.74999615346959914 ) ) ;
#3099 = CARTESIAN_POINT ( 'NONE',  ( -2.264944293516344898E-14, 41.58499999999999375, 20.75000000000000000 ) ) ;
#3100 = LINE ( 'NONE', #5780, #3096 ) ;
#3101 = CARTESIAN_POINT ( 'NONE',  ( -6.369999999993000372, -32.89326045844195079, 20.67227652432924856 ) ) ;
#3102 = CARTESIAN_POINT ( 'NONE',  ( -5.518419796267835409, -36.29788994330101559, 23.60260554851759096 ) ) ;
#3103 = CARTESIAN_POINT ( 'NONE',  ( 3.386891796952085087, 32.58500000000000085, 20.75000000000000000 ) ) ;
#3104 = CARTESIAN_POINT ( 'NONE',  ( 32.71652916211307627, 6.443328673214085534, -25.29721238080844969 ) ) ;
#3105 = CARTESIAN_POINT ( 'NONE',  ( 3.736275300555444989, -36.32716489140079830, 23.64665700931065118 ) ) ;
#3106 = CARTESIAN_POINT ( 'NONE',  ( -6.369959932251799906, 37.02184735445366215, 25.84088013903846459 ) ) ;
#3107 = DIRECTION ( 'NONE',  ( -0.4976996996356612968, 0.8673494157388776937, 0.000000000000000000 ) ) ;
#3108 = CARTESIAN_POINT ( 'NONE',  ( 35.80766466816456983, -5.665588989262041686, 22.42176019486943872 ) ) ;
#3109 = ORIENTED_EDGE ( 'NONE', *, *, #5234, .T. ) ;
#3110 = CARTESIAN_POINT ( 'NONE',  ( 37.58500000000424990, -41.50000000000000000, -26.75000000000000000 ) ) ;
#3111 = CARTESIAN_POINT ( 'NONE',  ( -52.00000000000000000, -41.50000000000000000, -39.89999999999999858 ) ) ;
#3112 = CARTESIAN_POINT ( 'NONE',  ( 6.370000000007020269, -32.65449433079400166, 18.75000000000000000 ) ) ;
#3113 = ORIENTED_EDGE ( 'NONE', *, *, #2146, .F. ) ;
#3114 = ORIENTED_EDGE ( 'NONE', *, *, #918, .T. ) ;
#3115 = EDGE_CURVE ( 'NONE', #591, #5233, #3370, .T. ) ;
#3116 = PLANE ( 'NONE',  #1505 ) ;
#3117 = CARTESIAN_POINT ( 'NONE',  ( -6.370000000000000107, 41.31504705301394864, 26.75000000000000000 ) ) ;
#3118 = CARTESIAN_POINT ( 'NONE',  ( -35.79996877902988217, -6.369999962428649631, 25.06777011167547897 ) ) ;
#3119 = ORIENTED_EDGE ( 'NONE', *, *, #927, .T. ) ;
#3120 = CARTESIAN_POINT ( 'NONE',  ( -6.138674064769468863, -40.91146100686925990, 26.71358963244386686 ) ) ;
#3121 = VECTOR ( 'NONE', #2002, 1000.000000000000000 ) ;
#3122 = DIRECTION ( 'NONE',  ( -0.02604568891412363876, -1.506068933577294306E-17, 0.9996607535004006229 ) ) ;
#3123 = CARTESIAN_POINT ( 'NONE',  ( -34.17533477468301584, 7.908736593584634100, -26.74473882049786866 ) ) ;
#3124 = AXIS2_PLACEMENT_3D ( 'NONE', #5059, #4622, #5519 ) ;
#3125 = CARTESIAN_POINT ( 'NONE',  ( -50.00000000000000000, 41.50000000000000000, -28.75000000000000000 ) ) ;
#3126 = CARTESIAN_POINT ( 'NONE',  ( 3.370805018344545267, 32.58500000000000085, -24.75000000000000000 ) ) ;
#3127 = CARTESIAN_POINT ( 'NONE',  ( 6.370000000000000107, 40.77543378064555668, 26.75000000000000000 ) ) ;
#3128 = CARTESIAN_POINT ( 'NONE',  ( -5.506903573089765302, -37.54458594253875958, 25.20875611328638044 ) ) ;
#3129 = CARTESIAN_POINT ( 'NONE',  ( 6.073955346540892641, 40.73535086367105151, 26.69193781511521379 ) ) ;
#3130 = CARTESIAN_POINT ( 'NONE',  ( -38.98531279860571175, -4.812844644335010358, 26.15763356555180152 ) ) ;
#3131 = CARTESIAN_POINT ( 'NONE',  ( -7.730562336771097165, 33.97846596216857762, -26.70573684986037577 ) ) ;
#3132 = CARTESIAN_POINT ( 'NONE',  ( 6.370000000000000107, 40.77543378064790147, 26.75000000000000000 ) ) ;
#3133 = COORDINATED_UNIVERSAL_TIME_OFFSET ( 1, 0, .AHEAD. ) ;
#3134 = CARTESIAN_POINT ( 'NONE',  ( -6.370000036584783309, 36.68945854764915282, 25.66444632364098410 ) ) ;
#3135 = CARTESIAN_POINT ( 'NONE',  ( 6.841553273328262463, -33.07476169681880407, -26.07891719763593485 ) ) ;
#3136 = CARTESIAN_POINT ( 'NONE',  ( 37.73990400501890008, -4.298525160563620773, 25.37069840418629951 ) ) ;
#3137 = ORIENTED_EDGE ( 'NONE', *, *, #4904, .T. ) ;
#3138 = EDGE_CURVE ( 'NONE', #4875, #5688, #1521, .T. ) ;
#3139 = DIRECTION ( 'NONE',  ( 0.000000000000000000, 0.000000000000000000, 1.000000000000000000 ) ) ;
#3140 = CARTESIAN_POINT ( 'NONE',  ( 38.20044959874804391, 6.370001667194817863, 26.33540011043464801 ) ) ;
#3141 = CARTESIAN_POINT ( 'NONE',  ( 6.370000000000000107, 32.65449433079615460, 18.75000000000000000 ) ) ;
#3142 = ORIENTED_EDGE ( 'NONE', *, *, #1869, .T. ) ;
#3143 = AXIS2_PLACEMENT_3D ( 'NONE', #1309, #4485, #3521 ) ;
#3144 = CARTESIAN_POINT ( 'NONE',  ( -58.79990711068137443, 0.3585035219582123345, 26.75000000000000000 ) ) ;
#3145 = CARTESIAN_POINT ( 'NONE',  ( -4.862684645495320090, -39.10092091337359221, 26.21163923248082028 ) ) ;
#3146 = CARTESIAN_POINT ( 'NONE',  ( -33.97776080638953289, -6.369999921598941128, 23.12106442420649088 ) ) ;
#3147 = CARTESIAN_POINT ( 'NONE',  ( 50.16732543915720299, 3.666935421121998218, 48.25000000000000000 ) ) ;
#3148 = CARTESIAN_POINT ( 'NONE',  ( -32.89326045843964863, -6.370000000004250040, 20.67227652432875118 ) ) ;
#3149 = DIRECTION ( 'NONE',  ( -1.000000000000000000, 0.000000000000000000, 0.000000000000000000 ) ) ;
#3150 = CARTESIAN_POINT ( 'NONE',  ( -33.59180738453709836, 7.366015618992864944, -26.54704574392252425 ) ) ;
#3151 = DIRECTION ( 'NONE',  ( -8.360113137237628665E-17, 1.000000000000000000, 0.000000000000000000 ) ) ;
#3152 = CARTESIAN_POINT ( 'NONE',  ( -6.369999999993019912, -32.65449433079670172, 18.75000000000000000 ) ) ;
#3153 = CARTESIAN_POINT ( 'NONE',  ( -6.370000000060519696, -34.30215350257935825, 23.58057077360234999 ) ) ;
#3154 = CARTESIAN_POINT ( 'NONE',  ( -5.903547014039419949, -41.04528918709825547, 26.72567671803244949 ) ) ;
#3155 = CARTESIAN_POINT ( 'NONE',  ( 4.954623790329971023, 39.31592603352515169, 26.31655242200480060 ) ) ;
#3156 = CARTESIAN_POINT ( 'NONE',  ( -39.03578488197396013, -4.834553989605221425, 26.18154001753035942 ) ) ;
#3157 = DIRECTION ( 'NONE',  ( 1.000000000000000000, 0.000000000000000000, 0.000000000000000000 ) ) ;
#3158 = CARTESIAN_POINT ( 'NONE',  ( 6.369999999734550222, -33.02234269760094776, 21.18423187713264966 ) ) ;
#3159 = CARTESIAN_POINT ( 'NONE',  ( -6.369999994187572234, 33.97517106989283064, 23.11716226111040129 ) ) ;
#3160 = EDGE_CURVE ( 'NONE', #1046, #690, #1956, .T. ) ;
#3161 = CARTESIAN_POINT ( 'NONE',  ( 6.947512253829597917, -33.17545720447694180, -26.20248585530014651 ) ) ;
#3162 = CARTESIAN_POINT ( 'NONE',  ( 38.81793372241610030, -6.370000000251149430, 26.52378888771919918 ) ) ;
#3163 = ADVANCED_FACE ( 'NONE', ( #4722 ), #659, .F. ) ;
#3164 = ORIENTED_EDGE ( 'NONE', *, *, #4614, .T. ) ;
#3165 = CARTESIAN_POINT ( 'NONE',  ( -3.370805018337559744, -32.58500000000150010, -24.75000000000000000 ) ) ;
#3166 = CARTESIAN_POINT ( 'NONE',  ( -41.57715496681495182, -6.363206001974520021, 26.74999615346959914 ) ) ;
#3167 = CARTESIAN_POINT ( 'NONE',  ( 3.374767283369414894, -35.58500000000150010, 20.08371539900695169 ) ) ;
#3168 = ORIENTED_EDGE ( 'NONE', *, *, #4646, .F. ) ;
#3169 = ADVANCED_FACE ( 'NONE', ( #3309 ), #3030, .T. ) ;
#3170 = ADVANCED_FACE ( 'NONE', ( #5033 ), #1014, .T. ) ;
#3171 = DIRECTION ( 'NONE',  ( -1.000000000000000000, 0.000000000000000000, 0.000000000000000000 ) ) ;
#3172 = CARTESIAN_POINT ( 'NONE',  ( -5.438342957425292390, -40.32204947826722474, 26.61578405268253888 ) ) ;
#3173 = CARTESIAN_POINT ( 'NONE',  ( -36.91853324552801041, -6.369999915428242510, 25.78667121106587246 ) ) ;
#3174 = DIRECTION ( 'NONE',  ( 1.000000000000000000, 6.505213034913019702E-16, 0.000000000000000000 ) ) ;
#3175 = CARTESIAN_POINT ( 'NONE',  ( 32.70344557030797006, -6.427646606828319342, -25.23712235799172632 ) ) ;
#3176 = LINE ( 'NONE', #955, #577 ) ;
#3177 = CARTESIAN_POINT ( 'NONE',  ( -33.43641297361571674, 7.213103190494410732, -26.44323834175383325 ) ) ;
#3178 = CIRCLE ( 'NONE', #4220, 10.50000000000000178 ) ;
#3179 = VECTOR ( 'NONE', #3226, 1000.000000000000000 ) ;
#3180 = CARTESIAN_POINT ( 'NONE',  ( 35.99114147750466941, 5.589676720318735192, 22.93803928294784811 ) ) ;
#3181 = AXIS2_PLACEMENT_3D ( 'NONE', #4934, #1408, #3190 ) ;
#3182 = B_SPLINE_CURVE_WITH_KNOTS ( 'NONE', 3,
 ( #5077, #1023, #612, #4606, #4197, #3219, #201, #104, #5540, #2376, #2436, #1117, #2906, #4230, #4579, #2345, #4639, #2786, #549, #2849, #4700, #3663, #2407, #4168, #5112, #3695, #5444, #1468, #1938, #1535, #1089, #2815, #139, #1880, #1436, #4262, #3320, #3792, #5573, #5015, #2879 ),
 .UNSPECIFIED., .F., .F.,
 ( 4, 2, 2, 2, 2, 2, 2, 2, 2, 2, 1, 1, 1, 2, 2, 2, 2, 1, 1, 1, 1, 2, 2, 4 ),
 ( 0.000000000000000000, 0.1250000000000099365, 0.1875000000000143496, 0.2187500000000159872, 0.2500000000000176525, 0.3750000000000234257, 0.4375000000000264233, 0.5000000000000294209, 0.6250000000000346390, 0.6875000000000378586, 0.7187500000000405231, 0.7343750000000426326, 0.7421875000000436318, 0.7460937500000451861, 0.7500000000000467404, 0.8125000000000672795, 0.8437500000000774936, 0.8593750000000826006, 0.8671875000000863754, 0.8710937500000892619, 0.8730468750000907052, 0.8740234375000903722, 0.8750000000000900391, 1.000000000000000000 ),
 .UNSPECIFIED. ) ;
#3183 = CARTESIAN_POINT ( 'NONE',  ( -6.369999999857919981, -33.88078986772804768, 22.99811133327054691 ) ) ;
#3184 = CARTESIAN_POINT ( 'NONE',  ( -5.550584966297367195, -37.98639330361677224, 25.56066876211137640 ) ) ;
#3185 = CARTESIAN_POINT ( 'NONE',  ( 5.655620126622359578, 40.70301548335875452, 26.68546709506144765 ) ) ;
#3186 = CARTESIAN_POINT ( 'NONE',  ( -35.62389061570758741, -3.428875536340899366, 21.53420139889061602 ) ) ;
#3187 = DIRECTION ( 'NONE',  ( 0.000000000000000000, 0.000000000000000000, 1.000000000000000000 ) ) ;
#3188 = CARTESIAN_POINT ( 'NONE',  ( 6.370000000202959534, -34.75834689509404996, 24.12179555331485048 ) ) ;
#3189 = CIRCLE ( 'NONE', #666, 1.999999999999998224 ) ;
#3190 = DIRECTION ( 'NONE',  ( 0.000000000000000000, 0.000000000000000000, 1.000000000000000000 ) ) ;
#3191 = CIRCLE ( 'NONE', #4804, 35.27000000000000313 ) ;
#3192 = CARTESIAN_POINT ( 'NONE',  ( 38.65505634857449735, -4.672740176725969974, 25.98922386612789737 ) ) ;
#3193 = AXIS2_PLACEMENT_3D ( 'NONE', #5685, #399, #5708 ) ;
#3194 = ORIENTED_EDGE ( 'NONE', *, *, #1931, .T. ) ;
#3195 = DIRECTION ( 'NONE',  ( -1.000000000000000000, 0.000000000000000000, 0.000000000000000000 ) ) ;
#3196 = CARTESIAN_POINT ( 'NONE',  ( -41.57323245022369917, -6.359809012759849445, 26.74998846038660005 ) ) ;
#3197 = CARTESIAN_POINT ( 'NONE',  ( -35.40797844743615030, 6.370000000277719288, 24.76512582817804997 ) ) ;
#3198 = CIRCLE ( 'NONE', #1149, 5.461000000000000298 ) ;
#3199 = ORIENTED_EDGE ( 'NONE', *, *, #1929, .F. ) ;
#3200 = FACE_OUTER_BOUND ( 'NONE', #2022, .T. ) ;
#3201 = CARTESIAN_POINT ( 'NONE',  ( 41.57715496682195067, -6.363206001967479430, 26.74999615346959914 ) ) ;
#3202 = CARTESIAN_POINT ( 'NONE',  ( 6.370000000006999841, -41.58500000000145036, 26.75000000000000000 ) ) ;
#3203 = DIRECTION ( 'NONE',  ( 0.000000000000000000, 0.000000000000000000, 1.000000000000000000 ) ) ;
#3204 = DIRECTION ( 'NONE',  ( -0.4961795709445132596, 0.8647002625786013308, 0.07809794666837671651 ) ) ;
#3205 = ADVANCED_FACE ( 'NONE', ( #2024 ), #1927, .F. ) ;
#3206 = CARTESIAN_POINT ( 'NONE',  ( -41.31504705301190228, -6.370000000004250040, 26.75000000000000000 ) ) ;
#3207 = CARTESIAN_POINT ( 'NONE',  ( -33.64824581907815571, 7.420571054666307731, -26.57918430976684476 ) ) ;
#3208 = AXIS2_PLACEMENT_3D ( 'NONE', #3721, #1377, #4138 ) ;
#3209 = CARTESIAN_POINT ( 'NONE',  ( 36.48373802657530973, 6.369971228144116537, 25.54109606371660846 ) ) ;
#3210 = CARTESIAN_POINT ( 'NONE',  ( 6.213682913118399931, 41.13373057025544455, 26.73769913457551084 ) ) ;
#3211 = CIRCLE ( 'NONE', #3973, 2.000000000000001776 ) ;
#3212 = CARTESIAN_POINT ( 'NONE',  ( -5.769103640473452366, -39.47008758432732378, 26.38081540440335360 ) ) ;
#3213 = AXIS2_PLACEMENT_3D ( 'NONE', #3125, #4542, #2225 ) ;
#3214 = VECTOR ( 'NONE', #2791, 1000.000000000000000 ) ;
#3215 = CARTESIAN_POINT ( 'NONE',  ( 6.370000000064560020, 40.58929969001245297, 26.74845202696574731 ) ) ;
#3216 = CARTESIAN_POINT ( 'NONE',  ( -35.89548499947981242, -3.556950734607164932, 22.65749473880143583 ) ) ;
#3217 = CARTESIAN_POINT ( 'NONE',  ( -7.401354139051633751, 33.62837927802783611, -26.56763265417537312 ) ) ;
#3218 = CARTESIAN_POINT ( 'NONE',  ( 3.370805018344545267, 32.58500000000000085, 26.75000000000000000 ) ) ;
#3219 = CARTESIAN_POINT ( 'NONE',  ( 3.544002815775986193, -35.86577522931675333, 22.56649842002773099 ) ) ;
#3220 = ADVANCED_FACE ( 'NONE', ( #4157 ), #5562, .T. ) ;
#3221 = ORIENTED_EDGE ( 'NONE', *, *, #4781, .T. ) ;
#3222 = DIRECTION ( 'NONE',  ( -1.672022627447524747E-16, 1.000000000000000000, 0.000000000000000000 ) ) ;
#3223 = CARTESIAN_POINT ( 'NONE',  ( 38.45520708566575507, -5.608177709302749392, 25.87754706217560141 ) ) ;
#3224 = EDGE_LOOP ( 'NONE', ( #5510, #4766, #4791, #4218, #3536, #4324 ) ) ;
#3225 = LINE ( 'NONE', #5021, #3214 ) ;
#3226 = DIRECTION ( 'NONE',  ( 0.000000000000000000, 0.000000000000000000, 1.000000000000000000 ) ) ;
#3227 = CARTESIAN_POINT ( 'NONE',  ( -40.00825131906356091, 5.881894752798668691, 26.54468578407657731 ) ) ;
#3228 = VERTEX_POINT ( 'NONE', #2397 ) ;
#3229 = CARTESIAN_POINT ( 'NONE',  ( 35.58500000000424279, -3.386891796948949818, 20.75000000000000000 ) ) ;
#3230 = DIRECTION ( 'NONE',  ( 1.000000000000000000, 0.000000000000000000, 0.000000000000000000 ) ) ;
#3231 = EDGE_CURVE ( 'NONE', #3919, #5727, #2177, .T. ) ;
#3232 = CARTESIAN_POINT ( 'NONE',  ( -3.386891796945089794, -35.58500000000150010, 20.75000000000000000 ) ) ;
#3233 = CARTESIAN_POINT ( 'NONE',  ( -39.07849572028524676, 4.852982274170854815, 26.20138407289207194 ) ) ;
#3234 = EDGE_CURVE ( 'NONE', #3930, #3869, #1079, .T. ) ;
#3235 = DIRECTION ( 'NONE',  ( -1.000000000000000000, 0.000000000000000000, 0.000000000000000000 ) ) ;
#3236 = CARTESIAN_POINT ( 'NONE',  ( 32.96242418786732742, -6.720069407037716047, -25.90958113104465710 ) ) ;
#3237 = ADVANCED_FACE ( 'NONE', ( #1556 ), #954, .F. ) ;
#3238 = AXIS2_PLACEMENT_3D ( 'NONE', #2112, #1136, #2494 ) ;
#3239 = CARTESIAN_POINT ( 'NONE',  ( -41.04528918709564778, -5.903547014052100472, 26.72567671803259870 ) ) ;
#3240 = CARTESIAN_POINT ( 'NONE',  ( -32.80472806021262500, 6.544348945133527273, -25.58174296323329600 ) ) ;
#3241 = ORIENTED_EDGE ( 'NONE', *, *, #3009, .T. ) ;
#3242 = EDGE_CURVE ( 'NONE', #2969, #1255, #1045, .T. ) ;
#3243 = CIRCLE ( 'NONE', #3818, 3.000000000000000444 ) ;
#3244 = CARTESIAN_POINT ( 'NONE',  ( -35.77906949631645972, 6.369999913306563677, 25.05173465887204998 ) ) ;
#3245 = EDGE_CURVE ( 'NONE', #4447, #4744, #4244, .T. ) ;
#3246 = CARTESIAN_POINT ( 'NONE',  ( 6.531700477625552281, 32.79362012024380846, -25.55188582277196474 ) ) ;
#3247 = CARTESIAN_POINT ( 'NONE',  ( -50.00000000000000000, -41.50000000000000000, -39.89999999999999858 ) ) ;
#3248 = EDGE_CURVE ( 'NONE', #1671, #624, #3198, .T. ) ;
#3249 = CARTESIAN_POINT ( 'NONE',  ( 5.489327076803599326, 37.27482891462224757, 24.94815917563900243 ) ) ;
#3250 = CARTESIAN_POINT ( 'NONE',  ( -35.58499999999727947, 6.302097268886519110, 18.74999999999995026 ) ) ;
#3251 = CARTESIAN_POINT ( 'NONE',  ( -7.056875545836125418, 33.28161315467985304, -26.31259526704380747 ) ) ;
#3252 = CARTESIAN_POINT ( 'NONE',  ( 4.672740176736370543, -38.65505634857154860, 25.98922386612769841 ) ) ;
#3253 = CARTESIAN_POINT ( 'NONE',  ( 0.000000000000000000, 0.000000000000000000, 18.75000000000000000 ) ) ;
#3254 = VERTEX_POINT ( 'NONE', #2956 ) ;
#3255 = AXIS2_PLACEMENT_3D ( 'NONE', #2878, #1937, #3722 ) ;
#3256 = CARTESIAN_POINT ( 'NONE',  ( 7.453805035970606063, -33.68317503122725753, -26.59547429808850438 ) ) ;
#3257 = CARTESIAN_POINT ( 'NONE',  ( 38.62011465385596409, -5.631291378828691130, 25.97449334109944630 ) ) ;
#3258 = ORIENTED_EDGE ( 'NONE', *, *, #1931, .F. ) ;
#3259 = DIRECTION ( 'NONE',  ( 0.000000000000000000, 0.000000000000000000, -1.000000000000000000 ) ) ;
#3260 = CARTESIAN_POINT ( 'NONE',  ( 37.20016147503307025, 6.369886739660806541, 25.93069993054589517 ) ) ;
#3261 = CARTESIAN_POINT ( 'NONE',  ( -33.20207998356335111, 6.369999999730840301, 21.67598539905790034 ) ) ;
#3262 = ORIENTED_EDGE ( 'NONE', *, *, #633, .T. ) ;
#3263 = ADVANCED_FACE ( 'NONE', ( #727 ), #4754, .F. ) ;
#3264 = CARTESIAN_POINT ( 'NONE',  ( 33.75188462185464999, -6.369963388424480399, 22.76319936832837243 ) ) ;
#3265 = DIRECTION ( 'NONE',  ( 0.000000000000000000, 0.000000000000000000, -1.000000000000000000 ) ) ;
#3266 = CARTESIAN_POINT ( 'NONE',  ( -33.67340365189416218, -7.444507405885037343, -26.59091582474786719 ) ) ;
#3267 = CARTESIAN_POINT ( 'NONE',  ( -36.99817354966845073, 4.003754379646238704, 24.63695431585736273 ) ) ;
#3268 = ORIENTED_EDGE ( 'NONE', *, *, #3306, .F. ) ;
#3269 = CARTESIAN_POINT ( 'NONE',  ( 33.41066855216677567, -7.187799516262672661, -26.42386011442990323 ) ) ;
#3270 = EDGE_CURVE ( 'NONE', #5705, #115, #4426, .T. ) ;
#3271 = ORIENTED_EDGE ( 'NONE', *, *, #204, .F. ) ;
#3272 = CARTESIAN_POINT ( 'NONE',  ( -3.546150813971674864, 35.86854469885775387, 22.61134870958199627 ) ) ;
#3273 = CARTESIAN_POINT ( 'NONE',  ( 6.168188170256620140, -41.35195847424470372, 26.74649669316304923 ) ) ;
#3274 = ORIENTED_EDGE ( 'NONE', *, *, #268, .F. ) ;
#3275 = CARTESIAN_POINT ( 'NONE',  ( 33.44795466625568992, 6.370000743933431409, 22.32023477847155490 ) ) ;
#3276 = VECTOR ( 'NONE', #863, 1000.000000000000000 ) ;
#3277 = CARTESIAN_POINT ( 'NONE',  ( 6.691605772165634569, 32.93646346557047622, -25.86478964676064862 ) ) ;
#3278 = DIRECTION ( 'NONE',  ( 0.000000000000000000, 0.000000000000000000, -1.000000000000000000 ) ) ;
#3279 = CYLINDRICAL_SURFACE ( 'NONE', #677, 41.75000000000000000 ) ;
#3280 = CARTESIAN_POINT ( 'NONE',  ( -45.79765143391569637, 41.02405378704104777, -57.89999999999999858 ) ) ;
#3281 = DIRECTION ( 'NONE',  ( -1.000000000000000000, 0.000000000000000000, 0.000000000000000000 ) ) ;
#3282 = FACE_OUTER_BOUND ( 'NONE', #385, .T. ) ;
#3283 = CIRCLE ( 'NONE', #1034, 9.525000000000000355 ) ;
#3284 = CARTESIAN_POINT ( 'NONE',  ( -3.673123644802637422, 36.17063272810498376, 23.36262559482090140 ) ) ;
#3285 = ORIENTED_EDGE ( 'NONE', *, *, #886, .T. ) ;
#3286 = CARTESIAN_POINT ( 'NONE',  ( 7.203844140881606961, -33.42711027024160586, -26.43624449959146361 ) ) ;
#3287 = CARTESIAN_POINT ( 'NONE',  ( -6.363206001970289627, 41.57715496681770162, 26.74999615346959914 ) ) ;
#3288 = CIRCLE ( 'NONE', #2453, 80.40000000000000568 ) ;
#3289 = ORIENTED_EDGE ( 'NONE', *, *, #5323, .F. ) ;
#3290 = DIRECTION ( 'NONE',  ( 0.000000000000000000, 0.000000000000000000, 1.000000000000000000 ) ) ;
#3291 = CARTESIAN_POINT ( 'NONE',  ( -33.88078986772890033, 6.369999999860180395, 22.99811133327034796 ) ) ;
#3292 = VERTEX_POINT ( 'NONE', #542 ) ;
#3293 = ADVANCED_FACE ( 'NONE', ( #5332 ), #5282, .T. ) ;
#3294 = CIRCLE ( 'NONE', #4046, 5.461000000000000298 ) ;
#3295 = VECTOR ( 'NONE', #4759, 999.9999999999998863 ) ;
#3296 = PRODUCT_DEFINITION_FORMATION_WITH_SPECIFIED_SOURCE ( 'TUTTO', '', #1369, .NOT_KNOWN. ) ;
#3297 = CARTESIAN_POINT ( 'NONE',  ( 34.43830232736340946, -6.369775463051318809, 23.76635413327577595 ) ) ;
#3298 = AXIS2_PLACEMENT_3D ( 'NONE', #5608, #3416, #1092 ) ;
#3299 = DIRECTION ( 'NONE',  ( 0.000000000000000000, 0.000000000000000000, 1.000000000000000000 ) ) ;
#3300 = AXIS2_PLACEMENT_3D ( 'NONE', #2367, #5100, #221 ) ;
#3301 = DIRECTION ( 'NONE',  ( 0.000000000000000000, 0.000000000000000000, -1.000000000000000000 ) ) ;
#3302 = CARTESIAN_POINT ( 'NONE',  ( 40.58929969001160742, 6.370000000067219226, 26.74845202696570112 ) ) ;
#3303 = CARTESIAN_POINT ( 'NONE',  ( -0.3585035219581256261, -58.79990711068118969, 48.25000000000000000 ) ) ;
#3304 = ORIENTED_EDGE ( 'NONE', *, *, #1665, .F. ) ;
#3305 = PLANE ( 'NONE',  #4189 ) ;
#3306 = EDGE_CURVE ( 'NONE', #661, #464, #5076, .T. ) ;
#3307 = ORIENTED_EDGE ( 'NONE', *, *, #5122, .T. ) ;
#3308 = CARTESIAN_POINT ( 'NONE',  ( -6.370000000196060164, 34.75834689509394337, 24.12179555331355374 ) ) ;
#3309 = FACE_OUTER_BOUND ( 'NONE', #2454, .T. ) ;
#3310 = ORIENTED_EDGE ( 'NONE', *, *, #2638, .F. ) ;
#3311 = ORIENTED_EDGE ( 'NONE', *, *, #3231, .F. ) ;
#3312 = CARTESIAN_POINT ( 'NONE',  ( -35.78689124043361147, 6.369999997889020271, 25.05774736504546496 ) ) ;
#3313 = CARTESIAN_POINT ( 'NONE',  ( 6.373583713019191244, 32.65755575293128743, -24.89009466080738875 ) ) ;
#3314 = FACE_OUTER_BOUND ( 'NONE', #5622, .T. ) ;
#3315 = DIRECTION ( 'NONE',  ( 0.000000000000000000, 0.000000000000000000, 1.000000000000000000 ) ) ;
#3316 = LINE ( 'NONE', #5139, #4329 ) ;
#3317 = VECTOR ( 'NONE', #5110, 1000.000000000000000 ) ;
#3318 = LINE ( 'NONE', #2966, #3317 ) ;
#3319 = CYLINDRICAL_SURFACE ( 'NONE', #3725, 3.000000000000000000 ) ;
#3320 = CARTESIAN_POINT ( 'NONE',  ( 5.300321325600599209, -40.05298536187252978, 26.55111516732397803 ) ) ;
#3321 = EDGE_LOOP ( 'NONE', ( #1033, #4854, #2787 ) ) ;
#3322 = CIRCLE ( 'NONE', #320, 3.000000000000000000 ) ;
#3323 = CARTESIAN_POINT ( 'NONE',  ( -35.58499999999724395, -3.370805018348849824, 19.41670979740765191 ) ) ;
#3324 = DIRECTION ( 'NONE',  ( 0.000000000000000000, 0.000000000000000000, -1.000000000000000000 ) ) ;
#3325 = ORIENTED_EDGE ( 'NONE', *, *, #38, .T. ) ;
#3326 = VECTOR ( 'NONE', #1122, 1000.000000000000000 ) ;
#3327 = CYLINDRICAL_SURFACE ( 'NONE', #2580, 2.000000000000001776 ) ;
#3328 = CARTESIAN_POINT ( 'NONE',  ( -39.21431344851534817, 6.369999999898269927, 26.60993602499040023 ) ) ;
#3329 = ORIENTED_EDGE ( 'NONE', *, *, #1620, .F. ) ;
#3330 = CARTESIAN_POINT ( 'NONE',  ( 37.80860065352476340, -6.369951085422017378, 26.19518044206995100 ) ) ;
#3331 = DIRECTION ( 'NONE',  ( 0.8647002625785822350, -0.4961795709444891123, 0.07809794666874331215 ) ) ;
#3332 = ADVANCED_FACE ( 'NONE', ( #2666, #1400 ), #5360, .T. ) ;
#3333 = ADVANCED_FACE ( 'NONE', ( #4488 ), #2554, .T. ) ;
#3334 = CARTESIAN_POINT ( 'NONE',  ( -33.34460751758986419, -7.121194250322530728, -26.37070009756887856 ) ) ;
#3335 = CARTESIAN_POINT ( 'NONE',  ( -41.50000000000000000, -52.00000000000000000, -39.89999999999999858 ) ) ;
#3336 = CARTESIAN_POINT ( 'NONE',  ( -37.53424505777915243, 4.216678765515302629, 25.18018020261629886 ) ) ;
#3337 = EDGE_LOOP ( 'NONE', ( #5574, #2546, #1252, #570 ) ) ;
#3338 = CARTESIAN_POINT ( 'NONE',  ( 34.33826971683839702, -8.053330544169861938, -26.75000000000000000 ) ) ;
#3339 = ORIENTED_EDGE ( 'NONE', *, *, #5649, .T. ) ;
#3340 = FACE_OUTER_BOUND ( 'NONE', #3970, .T. ) ;
#3341 = DIRECTION ( 'NONE',  ( 0.000000000000000000, 0.000000000000000000, -1.000000000000000000 ) ) ;
#3342 = ORIENTED_EDGE ( 'NONE', *, *, #2220, .F. ) ;
#3343 = EDGE_LOOP ( 'NONE', ( #4850, #93, #2579, #1146 ) ) ;
#3344 = CARTESIAN_POINT ( 'NONE',  ( -33.40189992810690711, 6.369847394845068678, 22.10448804923643706 ) ) ;
#3345 = CARTESIAN_POINT ( 'NONE',  ( 6.753134376769759584, 32.99270198061115167, -25.96009368636044812 ) ) ;
#3346 = CARTESIAN_POINT ( 'NONE',  ( 37.00513772243947841, 4.006640402559046521, 24.63089232494166581 ) ) ;
#3347 = FACE_OUTER_BOUND ( 'NONE', #5670, .T. ) ;
#3348 = CARTESIAN_POINT ( 'NONE',  ( 5.303858617567106748, 40.06009971478422926, 26.55298932686710245 ) ) ;
#3349 = TOROIDAL_SURFACE ( 'NONE', #819, 5.000000000000000000, 2.000000000000000000 ) ;
#3350 = DIRECTION ( 'NONE',  ( 0.000000000000000000, 0.000000000000000000, 1.000000000000000000 ) ) ;
#3351 = CARTESIAN_POINT ( 'NONE',  ( 5.770700466182510091, -40.87658581193579721, 26.70867566345909694 ) ) ;
#3352 = CARTESIAN_POINT ( 'NONE',  ( -3.584246563432889499, 35.95906216973053660, 22.83756811855583280 ) ) ;
#3353 = VERTEX_POINT ( 'NONE', #4519 ) ;
#3354 = CARTESIAN_POINT ( 'NONE',  ( -35.58499999999724395, -3.369524627571479858, 20.08342989349679897 ) ) ;
#3355 = FACE_OUTER_BOUND ( 'NONE', #3337, .T. ) ;
#3356 = EDGE_LOOP ( 'NONE', ( #1392, #4672 ) ) ;
#3357 = CARTESIAN_POINT ( 'NONE',  ( -6.370000000000000107, 41.58499999999999375, 26.75000000000000000 ) ) ;
#3358 = DIRECTION ( 'NONE',  ( 0.9996607535004063960, 0.000000000000000000, -0.02604568891390626056 ) ) ;
#3359 = ADVANCED_FACE ( 'NONE', ( #1760 ), #3549, .F. ) ;
#3360 = ORIENTED_EDGE ( 'NONE', *, *, #5079, .F. ) ;
#3361 = ADVANCED_FACE ( 'NONE', ( #2779 ), #62, .T. ) ;
#3362 = CARTESIAN_POINT ( 'NONE',  ( 38.10525666444780768, -6.369999202314898135, 26.30326717309083051 ) ) ;
#3363 = CARTESIAN_POINT ( 'NONE',  ( 32.65449433079565722, 6.370000000002770335, -24.75000000000000000 ) ) ;
#3364 = CARTESIAN_POINT ( 'NONE',  ( -33.18721256003806985, -6.959707614542447907, -26.21559809362919680 ) ) ;
#3365 = CARTESIAN_POINT ( 'NONE',  ( 40.39678599096720291, 6.369999999938680268, 26.74181602621399989 ) ) ;
#3366 = CARTESIAN_POINT ( 'NONE',  ( -38.22156841374420111, -6.369999999876919006, 26.34507798675645063 ) ) ;
#3367 = EDGE_LOOP ( 'NONE', ( #208, #3221, #3921, #1276 ) ) ;
#3368 = ORIENTED_EDGE ( 'NONE', *, *, #2203, .F. ) ;
#3369 = CARTESIAN_POINT ( 'NONE',  ( -6.370000000048610111, 39.80723392607755073, 26.69508090187214933 ) ) ;
#3370 = LINE ( 'NONE', #1992, #6 ) ;
#3371 = EDGE_LOOP ( 'NONE', ( #3088, #1121, #2924, #1780, #4831, #5159 ) ) ;
#3372 = EDGE_LOOP ( 'NONE', ( #5770, #3530 ) ) ;
#3373 = CARTESIAN_POINT ( 'NONE',  ( -38.66596692468206697, 6.369999971017875851, 26.49319366928268593 ) ) ;
#3374 = CARTESIAN_POINT ( 'NONE',  ( 6.444563289583076227, 32.71797080139779723, -25.30255772622085075 ) ) ;
#3375 = CARTESIAN_POINT ( 'NONE',  ( 35.62389061571611393, 3.428875536338585217, 21.53420139890224050 ) ) ;
#3376 = CARTESIAN_POINT ( 'NONE',  ( 32.65449433079565722, 6.370000000002770335, 18.75000000000000000 ) ) ;
#3377 = CARTESIAN_POINT ( 'NONE',  ( -32.81739289348234223, 6.370000000245519267, 20.37137683594314908 ) ) ;
#3378 = DIRECTION ( 'NONE',  ( -1.000000000000000000, -5.446541525829849398E-16, 0.000000000000000000 ) ) ;
#3379 = CARTESIAN_POINT ( 'NONE',  ( 6.369806506069939367, 35.05247021530498586, 24.42511928621642170 ) ) ;
#3380 = CARTESIAN_POINT ( 'NONE',  ( 39.27831405818955091, -4.940104320194127041, 26.28908046729274517 ) ) ;
#3381 = EDGE_LOOP ( 'NONE', ( #1469, #2185, #1525, #3510 ) ) ;
#3382 = CARTESIAN_POINT ( 'NONE',  ( 32.65449433079479746, 6.370000000002789875, 18.75000000000000000 ) ) ;
#3383 = B_SPLINE_CURVE_WITH_KNOTS ( 'NONE', 3,
 ( #844, #5326, #3098, #2223, #3570, #5356, #1334, #1427, #188, #2366 ),
 .UNSPECIFIED., .F., .F.,
 ( 4, 3, 3, 4 ),
 ( -1.556700298230075197E-05, 0.000000000000000000, 0.0004390277440794920143, 0.0006982593775272940510 ),
 .UNSPECIFIED. ) ;
#3384 = DIRECTION ( 'NONE',  ( 0.000000000000000000, 0.000000000000000000, 1.000000000000000000 ) ) ;
#3385 = AXIS2_PLACEMENT_3D ( 'NONE', #4956, #15, #5440 ) ;
#3386 = COORDINATED_UNIVERSAL_TIME_OFFSET ( 1, 0, .AHEAD. ) ;
#3387 = FACE_OUTER_BOUND ( 'NONE', #603, .T. ) ;
#3388 = ORIENTED_EDGE ( 'NONE', *, *, #3074, .F. ) ;
#3389 = VECTOR ( 'NONE', #3999, 1000.000000000000000 ) ;
#3390 = CARTESIAN_POINT ( 'NONE',  ( 39.15495629882787654, -6.370337550976532981, 26.60069846558063844 ) ) ;
#3391 = CARTESIAN_POINT ( 'NONE',  ( 34.33826971683699725, 8.053330544175910433, -26.75000000000000000 ) ) ;
#3392 = CARTESIAN_POINT ( 'NONE',  ( 6.369988721150663835, -36.95973054239298961, 25.80848929554025162 ) ) ;
#3393 = CARTESIAN_POINT ( 'NONE',  ( 40.91146100686875542, 6.138674064778030903, 26.71358963244345830 ) ) ;
#3394 = CARTESIAN_POINT ( 'NONE',  ( -38.45520708566048995, -5.608177709310679049, 25.87754706217733514 ) ) ;
#3395 = ORIENTED_EDGE ( 'NONE', *, *, #516, .F. ) ;
#3396 = EDGE_CURVE ( 'NONE', #1131, #661, #1848, .T. ) ;
#3397 = EDGE_LOOP ( 'NONE', ( #1545, #383, #3778, #615 ) ) ;
#3398 = ADVANCED_FACE ( 'NONE', ( #3657, #5438 ), #1431, .T. ) ;
#3399 = CARTESIAN_POINT ( 'NONE',  ( -4.188028593751240258, 37.46222370800279577, 25.12538896387640008 ) ) ;
#3400 = AXIS2_PLACEMENT_3D ( 'NONE', #4921, #482, #3149 ) ;
#3401 = CARTESIAN_POINT ( 'NONE',  ( 3.370805018351490379, -32.58500000000145036, -26.75000000000000000 ) ) ;
#3402 = ORIENTED_EDGE ( 'NONE', *, *, #986, .T. ) ;
#3403 = CIRCLE ( 'NONE', #4242, 82.65000000000000568 ) ;
#3404 = ORIENTED_EDGE ( 'NONE', *, *, #882, .F. ) ;
#3405 = DIRECTION ( 'NONE',  ( 0.000000000000000000, 0.000000000000000000, -1.000000000000000000 ) ) ;
#3406 = EDGE_CURVE ( 'NONE', #5233, #2854, #2029, .T. ) ;
#3407 = DIRECTION ( 'NONE',  ( -0.7071067811865420216, 0.000000000000000000, -0.7071067811865531239 ) ) ;
#3408 = CARTESIAN_POINT ( 'NONE',  ( 38.98531279861055054, 4.812844644329024923, 26.15763356555077479 ) ) ;
#3409 = DIRECTION ( 'NONE',  ( -1.000000000000000000, 0.000000000000000000, 0.000000000000000000 ) ) ;
#3410 = CARTESIAN_POINT ( 'NONE',  ( 4.703644529785241168, 38.73236685930974943, 26.04054405952763318 ) ) ;
#3411 = CARTESIAN_POINT ( 'NONE',  ( -3.386891796952119726, 35.58500000000000085, 20.75000000000000000 ) ) ;
#3412 = CARTESIAN_POINT ( 'NONE',  ( 6.369999860304575989, 36.89459183312843038, 25.77386701896104526 ) ) ;
#3413 = CARTESIAN_POINT ( 'NONE',  ( -4.328096936997867239, 37.81482607544401731, 25.43207300597231679 ) ) ;
#3414 = ORIENTED_EDGE ( 'NONE', *, *, #3437, .F. ) ;
#3415 = CARTESIAN_POINT ( 'NONE',  ( -7.545365076470056387, -33.77970155786677964, -26.63910525733528800 ) ) ;
#3416 = DIRECTION ( 'NONE',  ( 0.000000000000000000, 0.000000000000000000, 1.000000000000000000 ) ) ;
#3417 = DIRECTION ( 'NONE',  ( 0.000000000000000000, 0.000000000000000000, 1.000000000000000000 ) ) ;
#3418 = CARTESIAN_POINT ( 'NONE',  ( -40.70301548335764608, 5.655620126620219956, 26.68546709506174963 ) ) ;
#3419 = VECTOR ( 'NONE', #4434, 1000.000000000000000 ) ;
#3420 = VERTEX_POINT ( 'NONE', #228 ) ;
#3421 = CARTESIAN_POINT ( 'NONE',  ( 0.000000000000000000, 0.000000000000000000, -24.75000000000000000 ) ) ;
#3422 = CIRCLE ( 'NONE', #1827, 2.999999999999998668 ) ;
#3423 = CARTESIAN_POINT ( 'NONE',  ( 33.01742109741658027, 6.780348930058361034, -25.99904522652898109 ) ) ;
#3424 = CARTESIAN_POINT ( 'NONE',  ( 6.370000031112311945, -38.15164813281663925, 26.31906620747641412 ) ) ;
#3425 = CARTESIAN_POINT ( 'NONE',  ( 40.70301548335945085, 5.655620126622800115, 26.68546709506095027 ) ) ;
#3426 = CARTESIAN_POINT ( 'NONE',  ( -36.72014354162150340, -3.893735784604719807, 24.28162700625325243 ) ) ;
#3427 = ORIENTED_EDGE ( 'NONE', *, *, #4547, .F. ) ;
#3428 = ORIENTED_EDGE ( 'NONE', *, *, #5079, .T. ) ;
#3429 = DIRECTION ( 'NONE',  ( -0.4961795709445159241, -0.8647002625785967789, 0.07809794666841057831 ) ) ;
#3430 = ADVANCED_FACE ( 'NONE', ( #1963 ), #2173, .F. ) ;
#3431 = ORIENTED_EDGE ( 'NONE', *, *, #1781, .F. ) ;
#3432 = CARTESIAN_POINT ( 'NONE',  ( -36.97519820623130471, 6.370000009012462883, 25.81686562139024943 ) ) ;
#3433 = ADVANCED_FACE ( 'NONE', ( #1492 ), #3690, .F. ) ;
#3434 = DIRECTION ( 'NONE',  ( 0.7071067811865420216, 8.659560562354871228E-17, -0.7071067811865531239 ) ) ;
#3435 = CARTESIAN_POINT ( 'NONE',  ( 38.77464472270885665, 4.722982776765215718, 26.05245766245882777 ) ) ;
#3436 = CARTESIAN_POINT ( 'NONE',  ( -6.369999464981939141, -36.87001198272028546, 25.76062993182976513 ) ) ;
#3437 = EDGE_CURVE ( 'NONE', #4687, #2983, #1529, .T. ) ;
#3438 = CARTESIAN_POINT ( 'NONE',  ( 41.31504705301690450, -6.369999999997220108, 26.75000000000000000 ) ) ;
#3439 = CARTESIAN_POINT ( 'NONE',  ( 6.369868966281428513, 37.40389597693203427, 26.02593598906905115 ) ) ;
#3440 = CARTESIAN_POINT ( 'NONE',  ( 39.21237764559660377, -4.911128610138396411, 26.26133087103221442 ) ) ;
#3441 = ORIENTED_EDGE ( 'NONE', *, *, #4648, .T. ) ;
#3442 = ADVANCED_FACE ( 'NONE', ( #3314 ), #751, .T. ) ;
#3443 = EDGE_CURVE ( 'NONE', #1065, #407, #5268, .T. ) ;
#3444 = CARTESIAN_POINT ( 'NONE',  ( -7.516537199030976169, -33.74910792354973665, -26.62621842282064222 ) ) ;
#3445 = CARTESIAN_POINT ( 'NONE',  ( -6.370000000000000107, 32.89326045844074997, 20.67227652433000173 ) ) ;
#3446 = ADVANCED_FACE ( 'NONE', ( #2843 ), #2874, .T. ) ;
#3447 = DIRECTION ( 'NONE',  ( 0.000000000000000000, -1.000000000000000000, 0.000000000000000000 ) ) ;
#3448 = CIRCLE ( 'NONE', #725, 2.999999999999999556 ) ;
#3449 = ORIENTED_EDGE ( 'NONE', *, *, #204, .T. ) ;
#3450 = CARTESIAN_POINT ( 'NONE',  ( -6.369999999993000372, -35.58500000000150010, -24.75000000000000000 ) ) ;
#3451 = CARTESIAN_POINT ( 'NONE',  ( 35.56305378704065134, 41.28399214238000070, -57.89999999999999858 ) ) ;
#3452 = CARTESIAN_POINT ( 'NONE',  ( 6.370001667200818396, -38.20044959889435177, 26.33540011048351559 ) ) ;
#3453 = CARTESIAN_POINT ( 'NONE',  ( 0.000000000000000000, 0.000000000000000000, 26.75000000000000000 ) ) ;
#3454 = CARTESIAN_POINT ( 'NONE',  ( -36.06042247735400252, -5.568025807430021956, 23.10848827329579436 ) ) ;
#3455 = ORIENTED_EDGE ( 'NONE', *, *, #4833, .F. ) ;
#3456 = ADVANCED_FACE ( 'NONE', ( #2463 ), #5070, .T. ) ;
#3457 = EDGE_LOOP ( 'NONE', ( #412, #5287, #913, #3812 ) ) ;
#3458 = EDGE_LOOP ( 'NONE', ( #1672, #4988, #5097, #4643 ) ) ;
#3459 = CARTESIAN_POINT ( 'NONE',  ( -5.602407360472529518, 40.61505763568939642, 26.67175273582785167 ) ) ;
#3460 = VERTEX_POINT ( 'NONE', #3785 ) ;
#3461 = CARTESIAN_POINT ( 'NONE',  ( -38.12204242997451331, 6.369999712409716075, 26.30901128033465497 ) ) ;
#3462 = CARTESIAN_POINT ( 'NONE',  ( 41.50000000000000000, -41.50000000000000000, -41.89999999999999858 ) ) ;
#3463 = CARTESIAN_POINT ( 'NONE',  ( 40.05425398177487040, 5.300951346056690383, 26.55145064127289700 ) ) ;
#3464 = CARTESIAN_POINT ( 'NONE',  ( -6.369971295852268511, -36.39266103378609074, 25.48162000354871992 ) ) ;
#3465 = CARTESIAN_POINT ( 'NONE',  ( -6.370000000000000107, 41.58499999999999375, 26.75000000000000000 ) ) ;
#3466 = CARTESIAN_POINT ( 'NONE',  ( -50.00000000000000000, -41.50000000000000000, -41.89999999999999858 ) ) ;
#3467 = CARTESIAN_POINT ( 'NONE',  ( -5.112913288933341960, 39.66196504631697195, 26.43417387858269052 ) ) ;
#3468 = ORIENTED_EDGE ( 'NONE', *, *, #4090, .F. ) ;
#3469 = CARTESIAN_POINT ( 'NONE',  ( 3.370805018351494819, -35.58500000000145036, 19.41670979740765191 ) ) ;
#3470 = DIRECTION ( 'NONE',  ( 0.000000000000000000, 0.000000000000000000, -1.000000000000000000 ) ) ;
#3471 = CYLINDRICAL_SURFACE ( 'NONE', #1732, 5.461000000000000298 ) ;
#3472 = EDGE_CURVE ( 'NONE', #5683, #4064, #5039, .T. ) ;
#3473 = ORIENTED_EDGE ( 'NONE', *, *, #1777, .T. ) ;
#3474 = VECTOR ( 'NONE', #73, 1000.000000000000000 ) ;
#3475 = DIRECTION ( 'NONE',  ( 0.000000000000000000, 0.000000000000000000, -1.000000000000000000 ) ) ;
#3476 = CIRCLE ( 'NONE', #654, 9.524999999999998579 ) ;
#3477 = CARTESIAN_POINT ( 'NONE',  ( -32.65449433079537300, -6.370000000004250040, -24.88947043419876337 ) ) ;
#3478 = DIRECTION ( 'NONE',  ( 0.000000000000000000, 0.000000000000000000, -1.000000000000000000 ) ) ;
#3479 = CARTESIAN_POINT ( 'NONE',  ( -34.30215350257575579, -6.370000000071809332, 23.58057077360050258 ) ) ;
#3480 = EDGE_CURVE ( 'NONE', #2107, #817, #3832, .T. ) ;
#3481 = VERTEX_POINT ( 'NONE', #2060 ) ;
#3482 = VECTOR ( 'NONE', #3848, 1000.000000000000000 ) ;
#3483 = VERTEX_POINT ( 'NONE', #2588 ) ;
#3484 = ORIENTED_EDGE ( 'NONE', *, *, #3160, .T. ) ;
#3485 = CARTESIAN_POINT ( 'NONE',  ( -5.993611879614133997, 40.46313664331916726, 26.64692192519075320 ) ) ;
#3486 = VECTOR ( 'NONE', #5286, 1000.000000000000000 ) ;
#3487 = EDGE_CURVE ( 'NONE', #2567, #5581, #1445, .T. ) ;
#3488 = ORIENTED_EDGE ( 'NONE', *, *, #3573, .T. ) ;
#3489 = DIRECTION ( 'NONE',  ( 0.000000000000000000, 0.000000000000000000, -1.000000000000000000 ) ) ;
#3490 = AXIS2_PLACEMENT_3D ( 'NONE', #5755, #4039, #868 ) ;
#3491 = CARTESIAN_POINT ( 'NONE',  ( 7.877849041997625257, 34.13885500170032827, -26.75000000000000355 ) ) ;
#3492 = CARTESIAN_POINT ( 'NONE',  ( 40.04823509810602644, 5.297962480484077474, 26.54985859071506837 ) ) ;
#3493 =( BOUNDED_SURFACE ( )  B_SPLINE_SURFACE ( 3, 2, ( 
 ( #636, #5138, #3786 ),
 ( #2464, #135, #1113 ),
 ( #2432, #2902, #1934 ),
 ( #4257, #4695, #164 ),
 ( #2372, #5194, #4729 ),
 ( #3847, #2403, #2935 ) ),
 .UNSPECIFIED., .F., .F., .F. ) 
 B_SPLINE_SURFACE_WITH_KNOTS ( ( 4, 2, 4 ),
 ( 3, 3 ),
 ( 0.006856434198054340082, 0.007868423652445938679, 0.008880413106837539011 ),
 ( 0.000000000000000000, 1.000000000000000000 ),
 .UNSPECIFIED. ) 
 GEOMETRIC_REPRESENTATION_ITEM ( )  RATIONAL_B_SPLINE_SURFACE ( (
 ( 1.000000000000000000, 0.7425474685657900142, 1.000000000000000000),
 ( 1.000000000000000000, 0.7340242781236130387, 1.000000000000000000),
 ( 1.000000000000000000, 0.7271203083343970031, 1.000000000000000000),
 ( 1.000000000000000000, 0.7177217103484839766, 1.000000000000000000),
 ( 1.000000000000000000, 0.7152352449319160366, 1.000000000000000000),
 ( 1.000000000000000000, 0.7152498783404519500, 1.000000000000000000) ) ) 
 REPRESENTATION_ITEM ( '' )  SURFACE ( )  );
#3494 = CARTESIAN_POINT ( 'NONE',  ( -6.369976812578390657, -37.92875835601196144, 26.24035183757083445 ) ) ;
#3495 = AXIS2_PLACEMENT_3D ( 'NONE', #4667, #3719, #3409 ) ;
#3496 = CARTESIAN_POINT ( 'NONE',  ( 6.369931765165202542, 33.66570757487441057, 22.61207569200769640 ) ) ;
#3497 = AXIS2_PLACEMENT_3D ( 'NONE', #4864, #2115, #4350 ) ;
#3498 = CARTESIAN_POINT ( 'NONE',  ( -4.825860078652174145, 39.01558638218440223, 26.17201423278987349 ) ) ;
#3499 = LINE ( 'NONE', #3959, #5355 ) ;
#3500 = CARTESIAN_POINT ( 'NONE',  ( -3.370805018344575021, 32.58500000000000085, -24.75000000000000000 ) ) ;
#3501 = APPROVAL_STATUS ( 'not_yet_approved' ) ;
#3502 = CARTESIAN_POINT ( 'NONE',  ( -6.369999642284476238, 33.98446675055613753, 23.13115111330405327 ) ) ;
#3503 = CARTESIAN_POINT ( 'NONE',  ( 33.20207998356249846, -6.369999999732739226, 21.67598539906084909 ) ) ;
#3504 = ORIENTED_EDGE ( 'NONE', *, *, #1339, .T. ) ;
#3505 = AXIS2_PLACEMENT_3D ( 'NONE', #5602, #3350, #199 ) ;
#3506 = CARTESIAN_POINT ( 'NONE',  ( 0.3585035219581707011, 58.79990711068128917, 48.25000000000000000 ) ) ;
#3507 = DIRECTION ( 'NONE',  ( 0.000000000000000000, 0.000000000000000000, -1.000000000000000000 ) ) ;
#3508 = CARTESIAN_POINT ( 'NONE',  ( 6.302097268787732354, -35.58500000000150720, 19.08069851385843663 ) ) ;
#3509 = ORIENTED_EDGE ( 'NONE', *, *, #5085, .T. ) ;
#3510 = ORIENTED_EDGE ( 'NONE', *, *, #3948, .F. ) ;
#3511 = VERTEX_POINT ( 'NONE', #1232 ) ;
#3512 = EDGE_CURVE ( 'NONE', #5292, #4824, #5082, .T. ) ;
#3513 = VECTOR ( 'NONE', #3434, 999.9999999999998863 ) ;
#3514 = EDGE_CURVE ( 'NONE', #4750, #4724, #1281, .T. ) ;
#3515 = CARTESIAN_POINT ( 'NONE',  ( 35.56305378704065134, 41.28399214238000070, -26.75000000000000000 ) ) ;
#3516 = EDGE_LOOP ( 'NONE', ( #329, #5673, #5342, #917, #4198, #4659, #1670, #3488 ) ) ;
#3517 = CARTESIAN_POINT ( 'NONE',  ( 41.50000000000000000, 41.50000000000000000, -41.89999999999999858 ) ) ;
#3518 = CARTESIAN_POINT ( 'NONE',  ( 7.099947408461765974, 33.32318340920578237, -26.35141141114737096 ) ) ;
#3519 = CARTESIAN_POINT ( 'NONE',  ( 41.04528918709970498, 5.903547014042350050, 26.72567671803235001 ) ) ;
#3520 = CARTESIAN_POINT ( 'NONE',  ( 0.000000000000000000, 0.000000000000000000, 49.95000000000000284 ) ) ;
#3521 = DIRECTION ( 'NONE',  ( 0.9063077870366496036, -0.4226182617407002184, 0.000000000000000000 ) ) ;
#3522 = CARTESIAN_POINT ( 'NONE',  ( -6.370000000021970088, -32.75709115666295901, 20.05646898451584903 ) ) ;
#3523 = EDGE_CURVE ( 'NONE', #4149, #5016, #2524, .T. ) ;
#3524 =( BOUNDED_SURFACE ( )  B_SPLINE_SURFACE ( 3, 2, ( 
 ( #1533, #1564, #5140 ),
 ( #1115, #2904, #3620 ),
 ( #1655, #1680, #3438 ),
 ( #4351, #5351, #769 ) ),
 .UNSPECIFIED., .F., .F., .F. ) 
 B_SPLINE_SURFACE_WITH_KNOTS ( ( 4, 4 ),
 ( 3, 3 ),
 ( 0.01245777672655324145, 0.01339178868914856109 ),
 ( 0.000000000000000000, 1.000000000000000000 ),
 .UNSPECIFIED. ) 
 GEOMETRIC_REPRESENTATION_ITEM ( )  RATIONAL_B_SPLINE_SURFACE ( (
 ( 1.000000000000000000, 0.9959502448730349622, 1.000000000000000000),
 ( 1.000000000000000000, 0.9986434496490199653, 1.000000000000000000),
 ( 1.000000000000000000, 1.000002076451227850, 1.000000000000000000),
 ( 1.000000000000000000, 1.000000000000000000, 1.000000000000000000) ) ) 
 REPRESENTATION_ITEM ( '' )  SURFACE ( )  );
#3525 = CARTESIAN_POINT ( 'NONE',  ( -7.765774202687683925, -34.01782933405306153, -26.71513655096706685 ) ) ;
#3526 = CARTESIAN_POINT ( 'NONE',  ( -41.50000000000000000, 50.00000000000000000, -39.89999999999999858 ) ) ;
#3527 = PERSON_AND_ORGANIZATION ( #4234, #2280 ) ;
#3528 = CARTESIAN_POINT ( 'NONE',  ( -6.369818228101816082, 34.44964733030671766, 23.76497593667440711 ) ) ;
#3529 = CARTESIAN_POINT ( 'NONE',  ( 41.04528918710030183, -5.903547014037310525, 26.72567671803239620 ) ) ;
#3530 = ORIENTED_EDGE ( 'NONE', *, *, #4917, .T. ) ;
#3531 = CIRCLE ( 'NONE', #5484, 10.50000000000000178 ) ;
#3532 = CARTESIAN_POINT ( 'NONE',  ( 6.370000000007047802, -33.09822829338567374, 21.48520309793936178 ) ) ;
#3533 = CARTESIAN_POINT ( 'NONE',  ( 0.000000000000000000, 0.000000000000000000, -41.89999999999999858 ) ) ;
#3534 = CARTESIAN_POINT ( 'NONE',  ( 6.370000000036120547, -32.75709115665679860, 20.05646898451669813 ) ) ;
#3535 = ORIENTED_EDGE ( 'NONE', *, *, #574, .F. ) ;
#3536 = ORIENTED_EDGE ( 'NONE', *, *, #5712, .T. ) ;
#3537 = ORIENTED_EDGE ( 'NONE', *, *, #757, .T. ) ;
#3538 = CARTESIAN_POINT ( 'NONE',  ( 41.75000000000000000, 0.000000000000000000, -48.30079999999999529 ) ) ;
#3539 = CARTESIAN_POINT ( 'NONE',  ( -34.25821006082065878, -6.369903839128189915, 23.51811936901788869 ) ) ;
#3540 = VERTEX_POINT ( 'NONE', #3025 ) ;
#3541 = B_SPLINE_CURVE_WITH_KNOTS ( 'NONE', 3,
 ( #2272, #916, #2182, #4878 ),
 .UNSPECIFIED., .F., .F.,
 ( 4, 4 ),
 ( 0.000000000000000000, 1.000000000000000000 ),
 .UNSPECIFIED. ) ;
#3542 = DIRECTION ( 'NONE',  ( 0.000000000000000000, 0.000000000000000000, 1.000000000000000000 ) ) ;
#3543 = CARTESIAN_POINT ( 'NONE',  ( 32.99576844332463565, -6.369999999997242313, 21.07883526531809082 ) ) ;
#3544 = DIRECTION ( 'NONE',  ( 1.000000000000000000, -1.672022627447524747E-16, 0.000000000000000000 ) ) ;
#3545 = CARTESIAN_POINT ( 'NONE',  ( -6.369999999993000372, -32.89326045844189395, 20.67227652432920237 ) ) ;
#3546 = CARTESIAN_POINT ( 'NONE',  ( 33.88078986772924850, 6.369999999867400398, 22.99811133327369816 ) ) ;
#3547 = CARTESIAN_POINT ( 'NONE',  ( -41.50000000000000000, -41.50000000000000000, -41.89999999999999858 ) ) ;
#3548 = AXIS2_PLACEMENT_3D ( 'NONE', #1814, #5297, #3950 ) ;
#3549 = CYLINDRICAL_SURFACE ( 'NONE', #2560, 25.00000000000000000 ) ;
#3550 = CARTESIAN_POINT ( 'NONE',  ( -5.486810673074904443, -36.57108811507028179, 24.07463000796150610 ) ) ;
#3551 = CARTESIAN_POINT ( 'NONE',  ( -41.50000000000000000, 41.50000000000000000, -28.75000000000000000 ) ) ;
#3552 = CARTESIAN_POINT ( 'NONE',  ( 5.568025807433566676, -36.06042247735690864, 23.10848827329510158 ) ) ;
#3553 = COORDINATED_UNIVERSAL_TIME_OFFSET ( 1, 0, .AHEAD. ) ;
#3554 = EDGE_CURVE ( 'NONE', #1278, #2958, #881, .T. ) ;
#3555 = CARTESIAN_POINT ( 'NONE',  ( -6.369903839105647947, 34.25821006142052028, 23.51811936980962159 ) ) ;
#3556 = CARTESIAN_POINT ( 'NONE',  ( 34.30215350257909535, -6.370000000064549361, 23.58057077360225051 ) ) ;
#3557 = EDGE_LOOP ( 'NONE', ( #2739, #4119, #3289, #5084 ) ) ;
#3558 = CARTESIAN_POINT ( 'NONE',  ( 6.369772323915964485, -34.58825824417844785, 23.93051126828022745 ) ) ;
#3559 = CARTESIAN_POINT ( 'NONE',  ( 41.50000000000000000, -50.00000000000000000, -26.75000000000000000 ) ) ;
#3560 = DIRECTION ( 'NONE',  ( 0.000000000000000000, 0.000000000000000000, -1.000000000000000000 ) ) ;
#3561 = ORIENTED_EDGE ( 'NONE', *, *, #5034, .F. ) ;
#3562 = ORIENTED_EDGE ( 'NONE', *, *, #546, .T. ) ;
#3563 = VECTOR ( 'NONE', #1907, 1000.000000000000000 ) ;
#3564 = AXIS2_PLACEMENT_3D ( 'NONE', #386, #2244, #4031 ) ;
#3565 = FACE_OUTER_BOUND ( 'NONE', #2357, .T. ) ;
#3566 = VECTOR ( 'NONE', #4845, 1000.000000000000000 ) ;
#3567 = CARTESIAN_POINT ( 'NONE',  ( -35.38863082197651977, -6.370000178061355101, 24.75222993396242188 ) ) ;
#3568 = ORIENTED_EDGE ( 'NONE', *, *, #4894, .T. ) ;
#3569 = CARTESIAN_POINT ( 'NONE',  ( 35.82299214237989560, -40.07671307857690124, -41.89999999999999858 ) ) ;
#3570 = CARTESIAN_POINT ( 'NONE',  ( 6.264005567913000228, 41.46260784174335612, 26.74977149653825137 ) ) ;
#3571 = AXIS2_PLACEMENT_3D ( 'NONE', #1575, #1124, #2916 ) ;
#3572 = CARTESIAN_POINT ( 'NONE',  ( -32.91995511292658705, 6.673987457644410703, -25.83663952693406785 ) ) ;
#3573 = EDGE_CURVE ( 'NONE', #191, #3540, #2831, .T. ) ;
#3574 = CARTESIAN_POINT ( 'NONE',  ( 34.75834689509439812, 6.370000000199169676, 24.12179555331560010 ) ) ;
#3575 = CARTESIAN_POINT ( 'NONE',  ( -50.00000000000000000, 41.50000000000000000, -39.89999999999999858 ) ) ;
#3576 = CARTESIAN_POINT ( 'NONE',  ( -50.00000000000000000, -41.50000000000000000, -26.75000000000000000 ) ) ;
#3577 = EDGE_CURVE ( 'NONE', #644, #1223, #3581, .T. ) ;
#3578 = CARTESIAN_POINT ( 'NONE',  ( 5.486810673082097800, 36.57108811507081469, 24.07463000796160557 ) ) ;
#3579 = CARTESIAN_POINT ( 'NONE',  ( -37.81482607545785868, -4.328096937015611267, 25.43207300598567500 ) ) ;
#3580 = EDGE_CURVE ( 'NONE', #1597, #4201, #3191, .T. ) ;
#3581 = CIRCLE ( 'NONE', #5179, 37.50000000000000000 ) ;
#3582 = DIRECTION ( 'NONE',  ( -1.000000000000000000, 0.000000000000000000, 0.000000000000000000 ) ) ;
#3583 = CARTESIAN_POINT ( 'NONE',  ( -6.369999540479978961, 35.82379906169460071, 25.08594277420872487 ) ) ;
#3584 = CARTESIAN_POINT ( 'NONE',  ( 41.28399214237990122, -40.07671307857690124, -57.89999999999999858 ) ) ;
#3585 = CARTESIAN_POINT ( 'NONE',  ( 35.75443616475590147, -6.369999999850169736, 25.04805023947645282 ) ) ;
#3586 = ORIENTED_EDGE ( 'NONE', *, *, #125, .T. ) ;
#3587 = DIRECTION ( 'NONE',  ( -1.000000000000000000, 0.000000000000000000, 0.000000000000000000 ) ) ;
#3588 = CARTESIAN_POINT ( 'NONE',  ( 38.65472192715625255, 6.370108031304704710, 26.47219502339891051 ) ) ;
#3589 = DIRECTION ( 'NONE',  ( 0.000000000000000000, 0.000000000000000000, -1.000000000000000000 ) ) ;
#3590 = ORIENTED_EDGE ( 'NONE', *, *, #3577, .F. ) ;
#3591 = CARTESIAN_POINT ( 'NONE',  ( 35.58500000000424279, 3.369524627569660424, 20.08342989349679897 ) ) ;
#3592 = CARTESIAN_POINT ( 'NONE',  ( -4.997950617104632620, -39.40900152797606637, 26.34230547082130158 ) ) ;
#3593 = CARTESIAN_POINT ( 'NONE',  ( -36.92182410475538035, -6.369999664725481736, 25.78842467852553000 ) ) ;
#3594 = DIRECTION ( 'NONE',  ( 0.000000000000000000, 0.000000000000000000, -1.000000000000000000 ) ) ;
#3595 = DIRECTION ( 'NONE',  ( 0.4961795709445149249, 0.8647002625786007757, 0.07809794666837467647 ) ) ;
#3596 = AXIS2_PLACEMENT_3D ( 'NONE', #4992, #175, #4086 ) ;
#3597 = DIRECTION ( 'NONE',  ( 1.000000000000000000, 0.000000000000000000, 0.000000000000000000 ) ) ;
#3598 = CARTESIAN_POINT ( 'NONE',  ( 0.000000000000000000, 0.000000000000000000, 29.00000000000000000 ) ) ;
#3599 = AXIS2_PLACEMENT_3D ( 'NONE', #3049, #843, #3925 ) ;
#3600 = LINE ( 'NONE', #1371, #5534 ) ;
#3601 = ADVANCED_FACE ( 'NONE', ( #4814 ), #4403, .T. ) ;
#3602 = B_SPLINE_CURVE_WITH_KNOTS ( 'NONE', 3,
 ( #137, #1434, #3693, #3131, #905, #1021, #45, #2696, #1466, #582, #16, #1851, #3217, #5013, #1825, #5413, #992, #2758, #2784, #4986, #1404, #1906, #3251, #547, #5471, #5043, #517, #2374, #4108, #4167, #4550, #1347, #1936, #4930, #4492, #455, #4054, #3608, #5389, #2090, #5503, #5629, #4289, #3849, #4763, #1054, #1628, #706, #638 ),
 .UNSPECIFIED., .F., .F.,
 ( 4, 2, 2, 1, 1, 2, 2, 2, 2, 1, 2, 2, 2, 1, 1, 2, 2, 2, 2, 1, 1, 1, 2, 2, 2, 1, 2, 2, 4 ),
 ( 0.000000000000000000, 0.1249999999999617251, 0.1874999999999452660, 0.2187499999999370781, 0.2343749999999311662, 0.2421874999999282241, 0.2499999999999252820, 0.3124999999999351630, 0.3437499999999419353, 0.3593749999999443223, 0.3671874999999478750, 0.3749999999999513722, 0.4374999999999901190, 0.4687500000000068279, 0.4843750000000134892, 0.4921875000000177081, 0.5000000000000219824, 0.6250000000000678346, 0.6875000000000908162, 0.7187500000001035838, 0.7343750000001089129, 0.7421875000001100231, 0.7460937500001094680, 0.7500000000001089129, 0.8125000000000824896, 0.8437500000000706102, 0.8593750000000646150, 0.8750000000000586198, 1.000000000000000000 ),
 .UNSPECIFIED. ) ;
#3603 = EDGE_CURVE ( 'NONE', #4805, #3978, #2641, .T. ) ;
#3604 = DIRECTION ( 'NONE',  ( -1.000000000000000000, 0.000000000000000000, 0.000000000000000000 ) ) ;
#3605 = CARTESIAN_POINT ( 'NONE',  ( -3.893735784590929949, -36.72014354162480743, 24.28162700625184911 ) ) ;
#3606 = CARTESIAN_POINT ( 'NONE',  ( 6.370000000282090014, 35.40797844743649847, 24.76512582817935026 ) ) ;
#3607 = CARTESIAN_POINT ( 'NONE',  ( -40.83692971309732656, -5.724206752039018298, 26.70685811950507826 ) ) ;
#3608 = CARTESIAN_POINT ( 'NONE',  ( -6.541285261469278467, 32.80203724173465218, -25.57459864136101046 ) ) ;
#3609 = CARTESIAN_POINT ( 'NONE',  ( 5.478883174362838560, -36.78399264249612344, 24.37759065404852166 ) ) ;
#3610 = CARTESIAN_POINT ( 'NONE',  ( -6.369970381399205905, 34.10947078138406852, 23.31362810959856802 ) ) ;
#3611 = EDGE_CURVE ( 'NONE', #4024, #5795, #3768, .T. ) ;
#3612 = CARTESIAN_POINT ( 'NONE',  ( 6.912670892150154955, -33.14214040039286147, -26.16400927959459821 ) ) ;
#3613 = CARTESIAN_POINT ( 'NONE',  ( 40.18951802316048116, -5.922811532227957976, 26.59077587279834987 ) ) ;
#3614 = VERTEX_POINT ( 'NONE', #34 ) ;
#3615 = DIRECTION ( 'NONE',  ( 0.000000000000000000, 0.000000000000000000, -1.000000000000000000 ) ) ;
#3616 = CARTESIAN_POINT ( 'NONE',  ( 38.77862709018356213, 6.370154876748612693, 26.50420942109918698 ) ) ;
#3617 = CARTESIAN_POINT ( 'NONE',  ( -41.50000000000000000, -50.00000000000000000, -26.75000000000000000 ) ) ;
#3618 = ORIENTED_EDGE ( 'NONE', *, *, #4305, .F. ) ;
#3619 = DIRECTION ( 'NONE',  ( -1.000000000000000000, 0.000000000000000000, 0.000000000000000000 ) ) ;
#3620 = CARTESIAN_POINT ( 'NONE',  ( 41.04419041187939854, -6.369999999997140172, 26.75000000000000000 ) ) ;
#3621 = EDGE_CURVE ( 'NONE', #1514, #4662, #96, .T. ) ;
#3622 = CARTESIAN_POINT ( 'NONE',  ( -36.68945854972892562, -6.370000036607333271, 25.66444632475270993 ) ) ;
#3623 = CYLINDRICAL_SURFACE ( 'NONE', #3767, 9.525000000000000355 ) ;
#3624 = PLANE ( 'NONE',  #3715 ) ;
#3625 = CARTESIAN_POINT ( 'NONE',  ( -34.61571307857699509, -40.33665143391584706, -26.75000000000000000 ) ) ;
#3626 = DIRECTION ( 'NONE',  ( 0.000000000000000000, 0.000000000000000000, 1.000000000000000000 ) ) ;
#3627 = CARTESIAN_POINT ( 'NONE',  ( 35.58065414160707007, 5.986062400817379725, 21.02108994157936905 ) ) ;
#3628 = CARTESIAN_POINT ( 'NONE',  ( 35.58500000000424279, -3.386891796948949818, 20.75000000000000000 ) ) ;
#3629 = CARTESIAN_POINT ( 'NONE',  ( -3.546150813964350057, -35.86854469885920338, 22.61134870958195009 ) ) ;
#3630 = CARTESIAN_POINT ( 'NONE',  ( -4.479019300616879917, -38.18536040912910323, 25.69735837497635345 ) ) ;
#3631 = CARTESIAN_POINT ( 'NONE',  ( 5.922811532234866227, 40.18951802315906008, 26.59077587279841737 ) ) ;
#3632 = DIRECTION ( 'NONE',  ( 0.000000000000000000, 0.000000000000000000, 1.000000000000000000 ) ) ;
#3633 = CARTESIAN_POINT ( 'NONE',  ( 8.053330544171240390, 34.33826971683809859, -26.75000000000000000 ) ) ;
#3634 = CARTESIAN_POINT ( 'NONE',  ( 6.370000000269859797, -33.63101067088689433, 22.58044848908765090 ) ) ;
#3635 = CARTESIAN_POINT ( 'NONE',  ( -6.369999999993029682, -5.966624482699879498E-15, 26.75000000000000000 ) ) ;
#3636 = CARTESIAN_POINT ( 'NONE',  ( 40.87658581193674934, -5.770700466173699361, 26.70867566345884825 ) ) ;
#3637 = ORIENTED_EDGE ( 'NONE', *, *, #5036, .T. ) ;
#3638 = CARTESIAN_POINT ( 'NONE',  ( 41.02405378704064987, 41.28399214238000070, -57.89999999999999858 ) ) ;
#3639 = DIRECTION ( 'NONE',  ( 0.000000000000000000, 0.000000000000000000, 1.000000000000000000 ) ) ;
#3640 = ADVANCED_FACE ( 'NONE', ( #4540 ), #4483, .T. ) ;
#3641 = CARTESIAN_POINT ( 'NONE',  ( -40.00461954384054764, 6.369999999947959957, 26.71605156565915351 ) ) ;
#3642 = ORIENTED_EDGE ( 'NONE', *, *, #1742, .F. ) ;
#3643 = CARTESIAN_POINT ( 'NONE',  ( 32.81739289348294619, -6.370000000247129535, 20.37137683594399817 ) ) ;
#3644 = CARTESIAN_POINT ( 'NONE',  ( 41.04528918709970498, 5.903547014042350050, 26.72567671803235001 ) ) ;
#3645 = CARTESIAN_POINT ( 'NONE',  ( -4.003754379624378856, -36.99817354959331794, 24.63695431577487582 ) ) ;
#3646 = CARTESIAN_POINT ( 'NONE',  ( -40.24640150590992960, 5.398331915334054543, 26.59920736318874646 ) ) ;
#3647 = DIRECTION ( 'NONE',  ( 0.9063077870366496036, -0.4226182617407001074, 0.000000000000000000 ) ) ;
#3648 = CARTESIAN_POINT ( 'NONE',  ( 33.02290372485825287, -6.785785860963367000, -26.00672867472546201 ) ) ;
#3649 = FACE_BOUND ( 'NONE', #3995, .T. ) ;
#3650 = FACE_OUTER_BOUND ( 'NONE', #5316, .T. ) ;
#3651 = CIRCLE ( 'NONE', #1613, 3.000000000000000444 ) ;
#3652 = EDGE_CURVE ( 'NONE', #3930, #1118, #1241, .T. ) ;
#3653 = AXIS2_PLACEMENT_3D ( 'NONE', #4062, #5022, #3702 ) ;
#3654 = DIRECTION ( 'NONE',  ( 1.000000000000000000, 1.873351485936074764E-16, 0.000000000000000000 ) ) ;
#3655 = B_SPLINE_CURVE_WITH_KNOTS ( 'NONE', 3,
 ( #5412, #5470, #3186, #101, #1905, #4984, #3216, #2757, #4574, #1794, #2669, #2695, #4463, #4491, #5363, #491, #3579, #515, #454, #3692, #1346, #4106, #3130, #4079, #3156, #2290, #4929, #2258, #876, #71, #1876, #3659, #1464, #991, #2782, #4052, #4900, #429, #1824, #3607, #5388 ),
 .UNSPECIFIED., .F., .F.,
 ( 4, 2, 2, 2, 2, 2, 2, 2, 2, 2, 1, 1, 1, 2, 2, 2, 2, 1, 1, 1, 1, 2, 2, 4 ),
 ( 0.000000000000000000, 0.1250000000000554279, 0.1875000000000829059, 0.2187500000000966727, 0.2500000000001104117, 0.3750000000001597056, 0.4375000000001842415, 0.5000000000002087219, 0.6250000000002569056, 0.6875000000002809974, 0.7187500000002918776, 0.7343750000002969847, 0.7421875000002992051, 0.7460937500003004264, 0.7500000000003015366, 0.8125000000003115286, 0.8437500000003166356, 0.8593750000003191891, 0.8671875000003194112, 0.8710937500003185230, 0.8730468750003169687, 0.8740234375003149703, 0.8750000000003129719, 1.000000000000000000 ),
 .UNSPECIFIED. ) ;
#3656 = CARTESIAN_POINT ( 'NONE',  ( 6.057765550926240472, 41.22446196583270250, 26.74185923436069601 ) ) ;
#3657 = FACE_BOUND ( 'NONE', #4640, .T. ) ;
#3658 = CARTESIAN_POINT ( 'NONE',  ( 6.370000000048509747, 39.80723392607750100, 26.69508090187214933 ) ) ;
#3659 = CARTESIAN_POINT ( 'NONE',  ( -39.92311326349555145, -5.236526647623624520, 26.51550027134130261 ) ) ;
#3660 = DIRECTION ( 'NONE',  ( 0.000000000000000000, 0.000000000000000000, 1.000000000000000000 ) ) ;
#3661 = LINE ( 'NONE', #18, #5253 ) ;
#3662 = AXIS2_PLACEMENT_3D ( 'NONE', #587, #4171, #2882 ) ;
#3663 = CARTESIAN_POINT ( 'NONE',  ( 4.782653322266837925, -38.91484778040999259, 26.12343447323203449 ) ) ;
#3664 = EDGE_LOOP ( 'NONE', ( #2426, #1748 ) ) ;
#3665 = CARTESIAN_POINT ( 'NONE',  ( 52.00000000000000000, 41.50000000000000000, -28.75000000000000000 ) ) ;
#3666 = CARTESIAN_POINT ( 'NONE',  ( 40.35186322174455142, -5.451187110830949756, 26.62461899220529915 ) ) ;
#3667 = CIRCLE ( 'NONE', #1713, 10.50000000000000178 ) ;
#3668 = ORIENTED_EDGE ( 'NONE', *, *, #4739, .F. ) ;
#3669 = DIRECTION ( 'NONE',  ( 0.9063077870366496036, -0.4226182617407001074, 0.000000000000000000 ) ) ;
#3670 = CARTESIAN_POINT ( 'NONE',  ( 38.15164813279616141, 6.370000031107741378, 26.31906620746922698 ) ) ;
#3671 = CARTESIAN_POINT ( 'NONE',  ( -37.27482891462038594, 5.489327076798217853, 24.94815917564005403 ) ) ;
#3672 = ORIENTED_EDGE ( 'NONE', *, *, #882, .T. ) ;
#3673 = EDGE_CURVE ( 'NONE', #2893, #1912, #946, .T. ) ;
#3674 = CARTESIAN_POINT ( 'NONE',  ( 35.58500000000424279, -3.371078389166100031, 19.41695418761370107 ) ) ;
#3675 = CARTESIAN_POINT ( 'NONE',  ( 40.77543378064744672, 6.370000000002770335, 26.75000000000000000 ) ) ;
#3676 = CARTESIAN_POINT ( 'NONE',  ( -33.97846596217991788, -7.730562336787014210, -26.70573684986369400 ) ) ;
#3677 = CARTESIAN_POINT ( 'NONE',  ( -40.15356325982930485, 5.350792472489206197, 26.57686408936138989 ) ) ;
#3678 = CARTESIAN_POINT ( 'NONE',  ( 0.000000000000000000, 0.000000000000000000, 18.75000000000000000 ) ) ;
#3679 = CARTESIAN_POINT ( 'NONE',  ( 32.79722429725457289, -6.535808399127038371, -25.56171077593381114 ) ) ;
#3680 = EDGE_CURVE ( 'NONE', #5506, #1134, #1049, .T. ) ;
#3681 = EDGE_CURVE ( 'NONE', #1693, #661, #1710, .T. ) ;
#3682 = CARTESIAN_POINT ( 'NONE',  ( -5.665588989260652575, 35.80766466816246663, 22.42176019486990413 ) ) ;
#3683 = DIRECTION ( 'NONE',  ( -1.000000000000000000, 0.000000000000000000, 0.000000000000000000 ) ) ;
#3684 = EDGE_LOOP ( 'NONE', ( #664, #5658 ) ) ;
#3685 = CONICAL_SURFACE ( 'NONE', #5735, 25.50118145901929978, 0.7853981633974362886 ) ;
#3686 = AXIS2_PLACEMENT_3D ( 'NONE', #5191, #4315, #866 ) ;
#3687 = CARTESIAN_POINT ( 'NONE',  ( 32.89326045844030233, 6.370000000002770335, 20.67227652433030016 ) ) ;
#3688 = DIRECTION ( 'NONE',  ( -5.446541525829851370E-16, 1.000000000000000000, 0.000000000000000000 ) ) ;
#3689 = CIRCLE ( 'NONE', #2480, 25.00000000000000000 ) ;
#3690 = CYLINDRICAL_SURFACE ( 'NONE', #4345, 9.524999999999998579 ) ;
#3691 = CARTESIAN_POINT ( 'NONE',  ( 4.741503266661959870, 38.81887157606004735, 26.07750731349445061 ) ) ;
#3692 = CARTESIAN_POINT ( 'NONE',  ( -38.65583274207336473, -4.673057335538707058, 25.98719476951184149 ) ) ;
#3693 = CARTESIAN_POINT ( 'NONE',  ( -7.873530995737584526, 34.13530079861354238, -26.73968815411341993 ) ) ;
#3694 = CARTESIAN_POINT ( 'NONE',  ( 5.361047729730169742, -40.17680246839640290, 26.58517859900219804 ) ) ;
#3695 = CARTESIAN_POINT ( 'NONE',  ( 4.838418979389683017, -39.04475538306432725, 26.18574385392337334 ) ) ;
#3696 = ADVANCED_FACE ( 'NONE', ( #1783, #4098, #4072, #3649, #896, #1815 ), #4948, .F. ) ;
#3697 = EDGE_LOOP ( 'NONE', ( #1093, #5172, #5716, #2503 ) ) ;
#3698 = CARTESIAN_POINT ( 'NONE',  ( 6.514696062310032509, -32.77869832462969413, -25.50987593920164542 ) ) ;
#3699 = CARTESIAN_POINT ( 'NONE',  ( 40.39678599096755818, -6.369999999932610457, 26.74181602621385068 ) ) ;
#3700 = ORIENTED_EDGE ( 'NONE', *, *, #1200, .F. ) ;
#3701 = DIRECTION ( 'NONE',  ( -1.000000000000000000, -8.673617379884027583E-16, 0.000000000000000000 ) ) ;
#3702 = DIRECTION ( 'NONE',  ( 0.000000000000000000, 1.000000000000000000, 0.000000000000000000 ) ) ;
#3703 = CARTESIAN_POINT ( 'NONE',  ( -36.57108811506848411, 5.486810673079328460, 24.07463000796142794 ) ) ;
#3704 = ORIENTED_EDGE ( 'NONE', *, *, #1583, .T. ) ;
#3705 = DIRECTION ( 'NONE',  ( 0.000000000000000000, -1.000000000000000000, 0.000000000000000000 ) ) ;
#3706 = DIRECTION ( 'NONE',  ( 0.000000000000000000, 0.000000000000000000, 1.000000000000000000 ) ) ;
#3707 = CARTESIAN_POINT ( 'NONE',  ( -33.76141596598899497, -7.528137185955414701, -26.63117957591721918 ) ) ;
#3708 = CARTESIAN_POINT ( 'NONE',  ( -35.58499999999726526, 3.417677574206750890, 21.53772686444707318 ) ) ;
#3709 = FACE_OUTER_BOUND ( 'NONE', #439, .T. ) ;
#3710 = CARTESIAN_POINT ( 'NONE',  ( 33.35530646667861987, -7.132523395307805103, -26.37956636664183563 ) ) ;
#3711 = EDGE_LOOP ( 'NONE', ( #1499, #4962, #3945, #4216 ) ) ;
#3712 = DIRECTION ( 'NONE',  ( -1.000000000000000000, -1.873351485936074764E-16, 0.000000000000000000 ) ) ;
#3713 = DIRECTION ( 'NONE',  ( -1.000000000000000000, 0.000000000000000000, 0.000000000000000000 ) ) ;
#3714 = ORIENTED_EDGE ( 'NONE', *, *, #540, .T. ) ;
#3715 = AXIS2_PLACEMENT_3D ( 'NONE', #5062, #5523, #1516 ) ;
#3716 = CARTESIAN_POINT ( 'NONE',  ( -33.95521785356212519, 6.369999725254454681, 23.08691346381378295 ) ) ;
#3717 = CYLINDRICAL_SURFACE ( 'NONE', #4738, 5.461000000000000298 ) ;
#3718 = CARTESIAN_POINT ( 'NONE',  ( 41.58500000000424279, 6.370000000002770335, 26.75000000000000000 ) ) ;
#3719 = DIRECTION ( 'NONE',  ( 0.000000000000000000, 0.000000000000000000, -1.000000000000000000 ) ) ;
#3720 = DIRECTION ( 'NONE',  ( 0.000000000000000000, 0.000000000000000000, -1.000000000000000000 ) ) ;
#3721 = CARTESIAN_POINT ( 'NONE',  ( 0.000000000000000000, 0.000000000000000000, 18.75000000000000000 ) ) ;
#3722 = DIRECTION ( 'NONE',  ( -1.000000000000000000, 0.000000000000000000, 0.000000000000000000 ) ) ;
#3723 = DIRECTION ( 'NONE',  ( -1.000000000000000000, 0.000000000000000000, 0.000000000000000000 ) ) ;
#3724 = VERTEX_POINT ( 'NONE', #3625 ) ;
#3725 = AXIS2_PLACEMENT_3D ( 'NONE', #3218, #5014, #993 ) ;
#3726 = DIRECTION ( 'NONE',  ( -1.000000000000000000, 0.000000000000000000, 0.000000000000000000 ) ) ;
#3727 = B_SPLINE_CURVE_WITH_KNOTS ( 'NONE', 3,
 ( #75, #997, #552, #433, #2349, #4111, #21, #3698, #4553, #4905, #4022, #1829, #5792, #5367, #1355, #3135, #2700, #3612, #521, #5392, #3161, #2730, #496, #1882, #2379, #642, #1501, #2941, #142, #3286, #2818, #3796, #5508, #4170, #2438, #711, #3256, #2068, #5606, #1471, #5049, #1091 ),
 .UNSPECIFIED., .F., .F.,
 ( 4, 2, 2, 1, 1, 2, 2, 2, 2, 1, 1, 1, 2, 2, 2, 1, 1, 1, 2, 2, 2, 2, 2, 2, 4 ),
 ( 0.000000000000000000, 0.1250000000001287581, 0.1875000000001911249, 0.2187500000002214895, 0.2343750000002365608, 0.2421875000002428335, 0.2500000000002490785, 0.3750000000003397282, 0.4375000000003839151, 0.4687500000004046208, 0.4843750000004149459, 0.4921875000004209411, 0.4960937500004247713, 0.5000000000004285461, 0.5625000000004550804, 0.5937500000004659606, 0.6093750000004714007, 0.6171875000004721779, 0.6210937500004702905, 0.6250000000004682921, 0.6875000000003863576, 0.7187500000003470557, 0.7500000000003076428, 0.8750000000001540990, 1.000000000000000000 ),
 .UNSPECIFIED. ) ;
#3728 = DIRECTION ( 'NONE',  ( -4.336808689942015271E-16, 1.000000000000000000, 0.000000000000000000 ) ) ;
#3729 = ORIENTED_EDGE ( 'NONE', *, *, #4043, .F. ) ;
#3730 = EDGE_CURVE ( 'NONE', #53, #5581, #3951, .T. ) ;
#3731 = CARTESIAN_POINT ( 'NONE',  ( -32.58499999999725105, -3.370805018348849824, -24.75000000000000000 ) ) ;
#3732 = CARTESIAN_POINT ( 'NONE',  ( -38.33870111827769733, 4.541667107480679810, 25.79931481396269888 ) ) ;
#3733 = EDGE_LOOP ( 'NONE', ( #211, #1775, #585, #3473 ) ) ;
#3734 = CARTESIAN_POINT ( 'NONE',  ( 35.58500000000427121, -6.302097268894923054, 18.74999999999995381 ) ) ;
#3735 = LINE ( 'NONE', #3451, #2717 ) ;
#3736 = CARTESIAN_POINT ( 'NONE',  ( -33.47754761027298542, -7.254049680753561269, -26.47315011454417544 ) ) ;
#3737 = CARTESIAN_POINT ( 'NONE',  ( 36.72014354162745775, 3.893735784599255290, 24.28162700625184911 ) ) ;
#3738 = CARTESIAN_POINT ( 'NONE',  ( -39.13449499849306079, 4.877231632306508580, 26.22686747169898069 ) ) ;
#3739 = VERTEX_POINT ( 'NONE', #5405 ) ;
#3740 = DIRECTION ( 'NONE',  ( -0.8673494157388562664, -0.4976996996356986003, 0.000000000000000000 ) ) ;
#3741 = ORIENTED_EDGE ( 'NONE', *, *, #5790, .T. ) ;
#3742 = CARTESIAN_POINT ( 'NONE',  ( -34.61571307857699509, -40.33665143391584706, -57.89999999999999858 ) ) ;
#3743 = CARTESIAN_POINT ( 'NONE',  ( 6.359809012762600133, -41.57323245022789848, 26.74998846038660005 ) ) ;
#3744 = ORIENTED_EDGE ( 'NONE', *, *, #3245, .F. ) ;
#3745 = ORIENTED_EDGE ( 'NONE', *, *, #3652, .T. ) ;
#3746 = CARTESIAN_POINT ( 'NONE',  ( 36.68945854686251806, 6.370000036587378567, 25.66444632322149744 ) ) ;
#3747 = AXIS2_PLACEMENT_3D ( 'NONE', #401, #430, #1795 ) ;
#3748 = VECTOR ( 'NONE', #44, 1000.000000000000000 ) ;
#3749 = DIRECTION ( 'NONE',  ( 0.000000000000000000, 0.000000000000000000, 1.000000000000000000 ) ) ;
#3750 = DIRECTION ( 'NONE',  ( -1.000000000000000000, 0.000000000000000000, 0.000000000000000000 ) ) ;
#3751 = DIRECTION ( 'NONE',  ( -1.000000000000000000, 0.000000000000000000, 0.000000000000000000 ) ) ;
#3752 = CARTESIAN_POINT ( 'NONE',  ( 5.227233341788918075, 39.90603005207625387, 26.51243585479402753 ) ) ;
#3753 = DIRECTION ( 'NONE',  ( 0.000000000000000000, 0.000000000000000000, 1.000000000000000000 ) ) ;
#3754 = CARTESIAN_POINT ( 'NONE',  ( 5.903547014052159980, -41.04528918709679886, 26.72567671803235001 ) ) ;
#3755 = AXIS2_PLACEMENT_3D ( 'NONE', #904, #1433, #4018 ) ;
#3756 = CARTESIAN_POINT ( 'NONE',  ( -3.556950734602485120, 35.89548499948411120, 22.65749473880594422 ) ) ;
#3757 = VERTEX_POINT ( 'NONE', #5778 ) ;
#3758 = ADVANCED_FACE ( 'NONE', ( #2249 ), #1394, .F. ) ;
#3759 = CARTESIAN_POINT ( 'NONE',  ( 32.65449433090720532, 6.370000000000180407, 19.08058457314140099 ) ) ;
#3760 = CARTESIAN_POINT ( 'NONE',  ( -6.370000000000000107, 32.89326045844055102, 20.67227652432920237 ) ) ;
#3761 = AXIS2_PLACEMENT_3D ( 'NONE', #4873, #4389, #2126 ) ;
#3762 = ORIENTED_EDGE ( 'NONE', *, *, #3573, .F. ) ;
#3763 = CIRCLE ( 'NONE', #3213, 1.999999999999998224 ) ;
#3764 = CARTESIAN_POINT ( 'NONE',  ( -6.369999999993000372, -32.65449433079755437, 26.75000000000000000 ) ) ;
#3765 = CARTESIAN_POINT ( 'NONE',  ( -35.72060367003996362, 5.730493809362950941, 22.07621144685318271 ) ) ;
#3766 = ORIENTED_EDGE ( 'NONE', *, *, #927, .F. ) ;
#3767 = AXIS2_PLACEMENT_3D ( 'NONE', #2710, #4538, #3647 ) ;
#3768 = CIRCLE ( 'NONE', #2731, 3.000000000000001776 ) ;
#3769 = LOCAL_TIME ( 19, 49, 57.00000000000000000, #3133 ) ;
#3770 = CARTESIAN_POINT ( 'NONE',  ( 37.10128070458145544, -6.369896135787160851, 25.88452154376670578 ) ) ;
#3771 = CARTESIAN_POINT ( 'NONE',  ( 0.000000000000000000, 0.000000000000000000, 29.00000000000000000 ) ) ;
#3772 = VECTOR ( 'NONE', #189, 1000.000000000000000 ) ;
#3773 = CARTESIAN_POINT ( 'NONE',  ( -34.23856314553134439, -7.965590484984392816, -26.75000000000000711 ) ) ;
#3774 = CARTESIAN_POINT ( 'NONE',  ( 37.98639330361881150, 5.550584966306617574, 25.56066876210958938 ) ) ;
#3775 = CARTESIAN_POINT ( 'NONE',  ( -3.370805018337555303, -35.58500000000150010, 18.75000000000000000 ) ) ;
#3776 = ORIENTED_EDGE ( 'NONE', *, *, #174, .T. ) ;
#3777 = CARTESIAN_POINT ( 'NONE',  ( 33.51769973765478738, -7.293325014003655404, -26.50373606322737885 ) ) ;
#3778 = ORIENTED_EDGE ( 'NONE', *, *, #1856, .F. ) ;
#3779 = CARTESIAN_POINT ( 'NONE',  ( -1.193324896541799983E-15, 6.370000000002770335, 26.75000000000000000 ) ) ;
#3780 = DIRECTION ( 'NONE',  ( 0.000000000000000000, 0.000000000000000000, -1.000000000000000000 ) ) ;
#3781 = ORIENTED_EDGE ( 'NONE', *, *, #3083, .F. ) ;
#3782 = ORIENTED_EDGE ( 'NONE', *, *, #388, .F. ) ;
#3783 = CARTESIAN_POINT ( 'NONE',  ( 35.92650099544295728, 6.369993868040322305, 25.16293067650056514 ) ) ;
#3784 = CARTESIAN_POINT ( 'NONE',  ( -40.58929969001125215, -6.370000000068690049, 26.74845202696570112 ) ) ;
#3785 = CARTESIAN_POINT ( 'NONE',  ( -67.43248878220548193, 4.383942465038381364, 26.75000000000000000 ) ) ;
#3786 = CARTESIAN_POINT ( 'NONE',  ( 3.386891796952085087, 35.58500000000000085, 20.75000000000000000 ) ) ;
#3787 = CARTESIAN_POINT ( 'NONE',  ( 5.903547014042239915, 41.04528918709859653, 26.72567671803264844 ) ) ;
#3788 = EDGE_CURVE ( 'NONE', #5419, #2577, #1756, .T. ) ;
#3789 = CIRCLE ( 'NONE', #1257, 2.000000000000001776 ) ;
#3790 = CARTESIAN_POINT ( 'NONE',  ( 67.43248878220538245, -4.383942465038343173, 48.25000000000000000 ) ) ;
#3791 = CARTESIAN_POINT ( 'NONE',  ( 0.000000000000000000, 0.000000000000000000, 49.95000000000000284 ) ) ;
#3792 = CARTESIAN_POINT ( 'NONE',  ( 5.300951346062266367, -40.05425398177329299, 26.55145064127320254 ) ) ;
#3793 = EDGE_LOOP ( 'NONE', ( #1645, #1953, #722, #1587 ) ) ;
#3794 = ADVANCED_FACE ( 'NONE', ( #4511 ), #1327, .T. ) ;
#3795 = AXIS2_PLACEMENT_3D ( 'NONE', #3998, #2676, #4472 ) ;
#3796 = CARTESIAN_POINT ( 'NONE',  ( 7.238154015728535562, -33.46158804468928594, -26.46211795877170658 ) ) ;
#3797 = FACE_OUTER_BOUND ( 'NONE', #2898, .T. ) ;
#3798 = ORIENTED_EDGE ( 'NONE', *, *, #2631, .F. ) ;
#3799 = CARTESIAN_POINT ( 'NONE',  ( -5.903547014035050111, -41.04528918709979735, 26.72567671803259870 ) ) ;
#3800 = CARTESIAN_POINT ( 'NONE',  ( 0.000000000000000000, 0.000000000000000000, 49.95000000000000284 ) ) ;
#3801 = ORIENTED_EDGE ( 'NONE', *, *, #2021, .F. ) ;
#3802 = DIRECTION ( 'NONE',  ( -1.000000000000000000, 0.000000000000000000, 0.000000000000000000 ) ) ;
#3803 = CARTESIAN_POINT ( 'NONE',  ( 32.77869832463051125, 6.514696062305913138, -25.50987593920166319 ) ) ;
#3804 = CARTESIAN_POINT ( 'NONE',  ( -33.21557275942942766, -6.988969219370040342, -26.24622035181209156 ) ) ;
#3805 = CARTESIAN_POINT ( 'NONE',  ( 40.17680246839705660, 5.361047729724499611, 26.58517859900165092 ) ) ;
#3806 = CARTESIAN_POINT ( 'NONE',  ( 6.370000000006999841, -41.58500000000145036, 26.75000000000000000 ) ) ;
#3807 = ORIENTED_EDGE ( 'NONE', *, *, #3248, .F. ) ;
#3808 = ORIENTED_EDGE ( 'NONE', *, *, #4923, .F. ) ;
#3809 = CARTESIAN_POINT ( 'NONE',  ( -5.986062400806181572, 35.58065414160293471, 21.02108994157648070 ) ) ;
#3810 = CARTESIAN_POINT ( 'NONE',  ( 6.264005567920009732, -41.46260784174480563, 26.74977149653825137 ) ) ;
#3811 = ORIENTED_EDGE ( 'NONE', *, *, #1163, .T. ) ;
#3812 = ORIENTED_EDGE ( 'NONE', *, *, #4688, .F. ) ;
#3813 = DIRECTION ( 'NONE',  ( -1.000000000000000000, 0.000000000000000000, 0.000000000000000000 ) ) ;
#3814 = CARTESIAN_POINT ( 'NONE',  ( 6.370000000006999841, -32.65449433079479746, 18.75000000000000000 ) ) ;
#3815 = DIRECTION ( 'NONE',  ( 1.000000000000000000, 0.000000000000000000, 0.000000000000000000 ) ) ;
#3816 = CARTESIAN_POINT ( 'NONE',  ( -41.17598386478395156, 6.016165986335949789, 26.73640032031065061 ) ) ;
#3817 = FACE_OUTER_BOUND ( 'NONE', #5452, .T. ) ;
#3818 = AXIS2_PLACEMENT_3D ( 'NONE', #1753, #3542, #5324 ) ;
#3819 = CARTESIAN_POINT ( 'NONE',  ( -3.370805018344575021, 35.58500000000000085, 19.41670979740765191 ) ) ;
#3820 = CYLINDRICAL_SURFACE ( 'NONE', #5714, 10.50000000000000178 ) ;
#3821 = CARTESIAN_POINT ( 'NONE',  ( 40.32204947827685260, -5.438342957435239988, 26.61578405268403813 ) ) ;
#3822 = B_SPLINE_CURVE_WITH_KNOTS ( 'NONE', 3,
 ( #2245, #4033, #1234, #1390, #2117, #3172, #1811, #3028, #920, #4968, #2216, #3905, #4816, #947, #4536, #799, #3592, #5377, #4451, #1363, #3145, #979, #1100, #2389, #4651, #4094, #1863, #1983, #1008, #3645, #2418, #5553, #2771, #85, #4621, #1037, #4564, #3232 ),
 .UNSPECIFIED., .F., .F.,
 ( 4, 2, 2, 1, 1, 1, 1, 2, 2, 2, 2, 1, 1, 2, 2, 2, 2, 2, 2, 2, 2, 4 ),
 ( 0.000000000000000000, 0.06250000000002479961, 0.09375000000003633205, 0.1093750000000428824, 0.1171875000000469486, 0.1210937500000489192, 0.1230468750000500017, 0.1240234375000505013, 0.1250000000000509870, 0.1875000000000543454, 0.2187500000000560385, 0.2343750000000567602, 0.2421875000000560663, 0.2460937500000548728, 0.2500000000000536793, 0.3750000000000446865, 0.4375000000000399125, 0.5000000000000350830, 0.6250000000000264233, 0.6875000000000219824, 0.7500000000000175415, 1.000000000000000000 ),
 .UNSPECIFIED. ) ;
#3823 = ORIENTED_EDGE ( 'NONE', *, *, #4356, .F. ) ;
#3824 = CARTESIAN_POINT ( 'NONE',  ( 35.58500000000305619, 6.302097268782299366, 19.08069851385833360 ) ) ;
#3825 = CARTESIAN_POINT ( 'NONE',  ( 41.50000000000000000, -41.50000000000000000, -28.75000000000000000 ) ) ;
#3826 = UNCERTAINTY_MEASURE_WITH_UNIT (LENGTH_MEASURE( 1.000000000000000082E-05 ), #1185, 'distance_accuracy_value', 'NONE');
#3827 = APPLICATION_PROTOCOL_DEFINITION ( 'international standard', 'config_control_design', 1994, #724 ) ;
#3828 = DIRECTION ( 'NONE',  ( -1.000000000000000000, 0.000000000000000000, 0.000000000000000000 ) ) ;
#3829 = ORIENTED_EDGE ( 'NONE', *, *, #2655, .F. ) ;
#3830 = CARTESIAN_POINT ( 'NONE',  ( 37.73363618913177220, -6.369931297100076328, 26.16557161401193810 ) ) ;
#3831 = CARTESIAN_POINT ( 'NONE',  ( 33.84504809663707192, 7.607819237082893871, -26.67095026883235676 ) ) ;
#3832 = B_SPLINE_CURVE_WITH_KNOTS ( 'NONE', 3,
 ( #163, #5136, #3375, #4223, #2901, #196, #2000, #1112, #5568, #2809, #607, #2402, #1561, #3346, #4693, #3926, #5626, #2962, #1625, #1702, #3435, #767, #3408, #5730, #5193, #4727, #1204, #702, #4841, #5677, #5299, #1678, #732, #4285, #2496, #3492, #5651, #3463, #4318, #256, #3519 ),
 .UNSPECIFIED., .F., .F.,
 ( 4, 2, 2, 2, 2, 2, 2, 2, 2, 2, 1, 1, 1, 2, 2, 2, 2, 1, 1, 1, 1, 2, 2, 4 ),
 ( 0.000000000000000000, 0.1250000000000067724, 0.1875000000000099365, 0.2187500000000120459, 0.2500000000000141553, 0.3750000000000203171, 0.4375000000000228151, 0.5000000000000253131, 0.6250000000000289768, 0.6875000000000304201, 0.7187500000000310862, 0.7343750000000321965, 0.7421875000000340838, 0.7460937500000339728, 0.7500000000000338618, 0.8125000000000206501, 0.8437500000000142109, 0.8593750000000098810, 0.8671875000000088818, 0.8710937500000084377, 0.8730468750000093259, 0.8740234375000088818, 0.8750000000000083267, 1.000000000000000000 ),
 .UNSPECIFIED. ) ;
#3833 = EDGE_CURVE ( 'NONE', #2121, #2469, #3176, .T. ) ;
#3834 = AXIS2_PLACEMENT_3D ( 'NONE', #3453, #5238, #5289 ) ;
#3835 = CARTESIAN_POINT ( 'NONE',  ( 6.369916902570174955, -37.11798020874267223, 25.88983379695302034 ) ) ;
#3836 = CARTESIAN_POINT ( 'NONE',  ( 37.73990400502039932, 4.298525160568835268, 25.37069840418740085 ) ) ;
#3837 = CARTESIAN_POINT ( 'NONE',  ( -39.12120481990475440, -5.708038033585780546, 26.23758184240707791 ) ) ;
#3838 = ORIENTED_EDGE ( 'NONE', *, *, #3611, .T. ) ;
#3839 = VERTEX_POINT ( 'NONE', #1867 ) ;
#3840 = CARTESIAN_POINT ( 'NONE',  ( -6.103803483894024495, 40.82503573059475599, 26.70391456698252952 ) ) ;
#3841 = CARTESIAN_POINT ( 'NONE',  ( -40.33665143391569785, 41.02405378704104777, -41.89999999999999858 ) ) ;
#3842 = ORIENTED_EDGE ( 'NONE', *, *, #4114, .T. ) ;
#3843 = ORIENTED_EDGE ( 'NONE', *, *, #1608, .F. ) ;
#3844 = DIRECTION ( 'NONE',  ( 0.000000000000000000, 0.000000000000000000, 1.000000000000000000 ) ) ;
#3845 = LINE ( 'NONE', #820, #3513 ) ;
#3846 = CARTESIAN_POINT ( 'NONE',  ( 25.50118145901929978, 0.000000000000000000, -34.72660000000000480 ) ) ;
#3847 = CARTESIAN_POINT ( 'NONE',  ( 6.370000000000000107, 32.65449433079620434, 18.75000000000000000 ) ) ;
#3848 = DIRECTION ( 'NONE',  ( 0.000000000000000000, 0.000000000000000000, -1.000000000000000000 ) ) ;
#3849 = CARTESIAN_POINT ( 'NONE',  ( -6.428725295219396507, 32.70440182752730607, -25.23748733664326593 ) ) ;
#3850 = CARTESIAN_POINT ( 'NONE',  ( 6.369999995270521964, 33.96818730847680712, 23.10660678832414661 ) ) ;
#3851 = CARTESIAN_POINT ( 'NONE',  ( 39.90603005203777798, -5.227233341774302211, 26.51243585478272635 ) ) ;
#3852 = ORIENTED_EDGE ( 'NONE', *, *, #3000, .F. ) ;
#3853 = FACE_OUTER_BOUND ( 'NONE', #4756, .T. ) ;
#3854 = CARTESIAN_POINT ( 'NONE',  ( -6.366603003318550336, 41.58107748233109646, 26.75000000000000000 ) ) ;
#3855 = AXIS2_PLACEMENT_3D ( 'NONE', #4450, #1862, #2417 ) ;
#3856 = CARTESIAN_POINT ( 'NONE',  ( -41.50000000000000000, 50.00000000000000000, -28.75000000000000000 ) ) ;
#3857 = CARTESIAN_POINT ( 'NONE',  ( -6.370000000000072049, 40.43329962084618501, 26.75000000000001066 ) ) ;
#3858 = VERTEX_POINT ( 'NONE', #4456 ) ;
#3859 = EDGE_CURVE ( 'NONE', #1382, #1517, #3383, .T. ) ;
#3860 = TOROIDAL_SURFACE ( 'NONE', #86, 5.000000000000000000, 2.000000000000000000 ) ;
#3861 = CIRCLE ( 'NONE', #4599, 2.000000000000001776 ) ;
#3862 = CARTESIAN_POINT ( 'NONE',  ( 32.88855918214119356, 6.639574552065035107, -25.78245369718550606 ) ) ;
#3863 = ADVANCED_FACE ( 'NONE', ( #3340 ), #1337, .T. ) ;
#3864 = CARTESIAN_POINT ( 'NONE',  ( 6.369999993822312412, -36.91625570416062629, 25.78545671785948912 ) ) ;
#3865 = CARTESIAN_POINT ( 'NONE',  ( 39.65646864763284896, 5.105302807604060078, 26.44298560546274857 ) ) ;
#3866 = CARTESIAN_POINT ( 'NONE',  ( -38.02191694328395499, -6.370000000030890064, 26.27692598701455040 ) ) ;
#3867 = ORIENTED_EDGE ( 'NONE', *, *, #4547, .T. ) ;
#3868 = ADVANCED_FACE ( 'NONE', ( #4156 ), #1990, .F. ) ;
#3869 = VERTEX_POINT ( 'NONE', #2424 ) ;
#3870 = CARTESIAN_POINT ( 'NONE',  ( -5.361047729724569777, 40.17680246839635316, 26.58517859900254976 ) ) ;
#3871 = VECTOR ( 'NONE', #2431, 1000.000000000000000 ) ;
#3872 = EDGE_CURVE ( 'NONE', #2188, #4239, #127, .T. ) ;
#3873 = ORIENTED_EDGE ( 'NONE', *, *, #3915, .T. ) ;
#3874 = CARTESIAN_POINT ( 'NONE',  ( 35.58500000000424279, 3.386891796954385025, 20.75000000000000000 ) ) ;
#3875 = CARTESIAN_POINT ( 'NONE',  ( 0.000000000000000000, 0.000000000000000000, -42.07920000000000016 ) ) ;
#3876 = CARTESIAN_POINT ( 'NONE',  ( -6.369976243638948432, -36.49108749078561686, 25.54306005815758951 ) ) ;
#3877 = CARTESIAN_POINT ( 'NONE',  ( 4.852982274175804633, 39.07849572029409302, 26.20138407289487503 ) ) ;
#3878 = ADVANCED_FACE ( 'NONE', ( #2894 ), #4214, .F. ) ;
#3879 = CARTESIAN_POINT ( 'NONE',  ( -6.370000000000000107, 41.58499999999999375, 26.75000000000000000 ) ) ;
#3880 = CARTESIAN_POINT ( 'NONE',  ( 6.369999261028907789, 33.94304503962705155, 23.06834960578973082 ) ) ;
#3881 = CARTESIAN_POINT ( 'NONE',  ( -4.006640402555043501, 37.00513772242123167, 24.63089232492546898 ) ) ;
#3882 = EDGE_LOOP ( 'NONE', ( #310, #814, #4755, #2135 ) ) ;
#3883 = CARTESIAN_POINT ( 'NONE',  ( -7.160302294560246139, -33.38335128772644822, -26.40344219034317419 ) ) ;
#3884 = CARTESIAN_POINT ( 'NONE',  ( -6.302097268894204518, 35.58500000000005770, 18.75000000000003197 ) ) ;
#3885 = EDGE_CURVE ( 'NONE', #4855, #3724, #5561, .T. ) ;
#3886 = CARTESIAN_POINT ( 'NONE',  ( -6.370000000000000107, 40.77543378064790147, 26.75000000000000000 ) ) ;
#3887 = CIRCLE ( 'NONE', #2012, 9.525000000000005684 ) ;
#3888 = ORIENTED_EDGE ( 'NONE', *, *, #4923, .T. ) ;
#3889 = CARTESIAN_POINT ( 'NONE',  ( 35.40592848690260297, -6.369926564978570127, 24.74759602052590068 ) ) ;
#3890 = ADVANCED_FACE ( 'NONE', ( #2396 ), #5715, .T. ) ;
#3891 = CIRCLE ( 'NONE', #879, 35.27000000000000313 ) ;
#3892 = CARTESIAN_POINT ( 'NONE',  ( -32.81606898777914694, -6.557193198409947854, -25.61104206112700510 ) ) ;
#3893 = CARTESIAN_POINT ( 'NONE',  ( 37.50000000000000000, 0.000000000000000000, -42.07920000000000016 ) ) ;
#3894 = CARTESIAN_POINT ( 'NONE',  ( -38.81887157605714123, -4.741503266667579375, 26.07750731349440088 ) ) ;
#3895 = ORIENTED_EDGE ( 'NONE', *, *, #1200, .T. ) ;
#3896 = VERTEX_POINT ( 'NONE', #816 ) ;
#3897 = ORIENTED_EDGE ( 'NONE', *, *, #1175, .F. ) ;
#3898 = CARTESIAN_POINT ( 'NONE',  ( -5.881894752800022275, 40.00825131906489673, 26.54468578407487911 ) ) ;
#3899 = ORIENTED_EDGE ( 'NONE', *, *, #5323, .T. ) ;
#3900 = CARTESIAN_POINT ( 'NONE',  ( -40.77543378064855517, 6.369999999995749285, 26.75000000000000000 ) ) ;
#3901 = DIRECTION ( 'NONE',  ( 0.000000000000000000, 0.000000000000000000, -1.000000000000000000 ) ) ;
#3902 = CARTESIAN_POINT ( 'NONE',  ( 41.50000000000000000, 41.50000000000000000, -26.75000000000000000 ) ) ;
#3903 = CARTESIAN_POINT ( 'NONE',  ( -6.369847394837641730, -33.40189992804730679, 22.10448804910658538 ) ) ;
#3904 = B_SPLINE_CURVE_WITH_KNOTS ( 'NONE', 3,
 ( #3760, #1540, #5115, #5174 ),
 .UNSPECIFIED., .F., .F.,
 ( 4, 4 ),
 ( 0.000000000000000000, 1.000000000000000000 ),
 .UNSPECIFIED. ) ;
#3905 = CARTESIAN_POINT ( 'NONE',  ( -5.306135583027550062, -40.06467397811698561, 26.55419000325465362 ) ) ;
#3906 = CARTESIAN_POINT ( 'NONE',  ( 6.370302134992540388, 40.03850765849004745, 26.72900027112094890 ) ) ;
#3907 = CARTESIAN_POINT ( 'NONE',  ( -5.269633337818504515, 39.99087934053219584, 26.53441642870931716 ) ) ;
#3908 = ORIENTED_EDGE ( 'NONE', *, *, #4356, .T. ) ;
#3909 = CARTESIAN_POINT ( 'NONE',  ( 25.00000000000000000, 3.061616997868384620E-15, -34.72660000000000480 ) ) ;
#3910 = CARTESIAN_POINT ( 'NONE',  ( -6.369999999993078532, -32.73296161925498637, 20.03651244881955051 ) ) ;
#3911 = FACE_OUTER_BOUND ( 'NONE', #3224, .T. ) ;
#3912 = CARTESIAN_POINT ( 'NONE',  ( -34.87565143391569222, 41.02405378704104777, -41.89999999999999858 ) ) ;
#3913 = VERTEX_POINT ( 'NONE', #1616 ) ;
#3914 = CARTESIAN_POINT ( 'NONE',  ( 36.21378689280391683, -5.532527689339264754, 23.44028736243420141 ) ) ;
#3915 = EDGE_CURVE ( 'NONE', #222, #4293, #3651, .T. ) ;
#3916 = CARTESIAN_POINT ( 'NONE',  ( 6.369973683884989413, -36.99433016799767415, 25.82660671813577835 ) ) ;
#3917 = CARTESIAN_POINT ( 'NONE',  ( 3.370805018351490379, -32.58500000000145036, 26.75000000000000000 ) ) ;
#3918 = CARTESIAN_POINT ( 'NONE',  ( -36.86086500838725044, -6.369999999842500316, 25.76815908326589977 ) ) ;
#3919 = VERTEX_POINT ( 'NONE', #3016 ) ;
#3920 = ORIENTED_EDGE ( 'NONE', *, *, #4401, .F. ) ;
#3921 = ORIENTED_EDGE ( 'NONE', *, *, #657, .T. ) ;
#3922 = CARTESIAN_POINT ( 'NONE',  ( -5.478883174353911478, 36.78399264249929956, 24.37759065404809888 ) ) ;
#3923 = ORIENTED_EDGE ( 'NONE', *, *, #1636, .T. ) ;
#3924 = DIRECTION ( 'NONE',  ( -1.000000000000000000, 0.000000000000000000, 0.000000000000000000 ) ) ;
#3925 = DIRECTION ( 'NONE',  ( 0.9063077870366496036, -0.4226182617407002184, 0.000000000000000000 ) ) ;
#3926 = CARTESIAN_POINT ( 'NONE',  ( 37.52872151818135649, 4.214494276764225056, 25.18751249228459343 ) ) ;
#3927 = CARTESIAN_POINT ( 'NONE',  ( -32.65449433079535879, -6.370000000004250040, -24.75000000000000000 ) ) ;
#3928 = CARTESIAN_POINT ( 'NONE',  ( 6.369999941371125907, 38.13327399501930870, 26.31284107227531166 ) ) ;
#3929 = CARTESIAN_POINT ( 'NONE',  ( -4.920942984718905677, 39.23603880541453037, 26.27465337359172537 ) ) ;
#3930 = VERTEX_POINT ( 'NONE', #4279 ) ;
#3931 = CARTESIAN_POINT ( 'NONE',  ( -6.600359449059713945, -32.85413298675650395, -25.70151426901891156 ) ) ;
#3932 = CARTESIAN_POINT ( 'NONE',  ( -6.370000000250690242, 32.81739289347535049, 20.37137683594574966 ) ) ;
#3933 = DIRECTION ( 'NONE',  ( 0.000000000000000000, 0.000000000000000000, -1.000000000000000000 ) ) ;
#3934 = EDGE_CURVE ( 'NONE', #4201, #626, #2814, .T. ) ;
#3935 = CARTESIAN_POINT ( 'NONE',  ( -82.65000000000000568, 0.000000000000000000, 29.00000000000000000 ) ) ;
#3936 = CIRCLE ( 'NONE', #4874, 5.461000000000000298 ) ;
#3937 = AXIS2_PLACEMENT_3D ( 'NONE', #4828, #1720, #1271 ) ;
#3938 = EDGE_LOOP ( 'NONE', ( #631, #1908, #2544, #3852 ) ) ;
#3939 = CARTESIAN_POINT ( 'NONE',  ( -41.50000000000000000, -50.00000000000000000, -28.75000000000000000 ) ) ;
#3940 = CARTESIAN_POINT ( 'NONE',  ( 35.58500000000424279, -3.370805018341700432, 18.75000000000000000 ) ) ;
#3941 = CARTESIAN_POINT ( 'NONE',  ( -36.21378689279641350, -5.532527689345267063, 23.44028736243568645 ) ) ;
#3942 = ORIENTED_EDGE ( 'NONE', *, *, #353, .F. ) ;
#3943 = AXIS2_PLACEMENT_3D ( 'NONE', #5536, #1593, #1114 ) ;
#3944 = EDGE_LOOP ( 'NONE', ( #1273, #2026 ) ) ;
#3945 = ORIENTED_EDGE ( 'NONE', *, *, #4690, .F. ) ;
#3946 = FACE_OUTER_BOUND ( 'NONE', #5445, .T. ) ;
#3947 = AXIS2_PLACEMENT_3D ( 'NONE', #4813, #4758, #731 ) ;
#3948 = EDGE_CURVE ( 'NONE', #995, #1109, #1841, .T. ) ;
#3949 = EDGE_LOOP ( 'NONE', ( #3084, #3271, #4663, #105 ) ) ;
#3950 = DIRECTION ( 'NONE',  ( -1.000000000000000000, 0.000000000000000000, 0.000000000000000000 ) ) ;
#3951 = CIRCLE ( 'NONE', #1419, 2.999999999999999556 ) ;
#3952 = CYLINDRICAL_SURFACE ( 'NONE', #1515, 5.461000000000000298 ) ;
#3953 = DIRECTION ( 'NONE',  ( -1.000000000000000000, 0.000000000000000000, 0.000000000000000000 ) ) ;
#3954 = CARTESIAN_POINT ( 'NONE',  ( -6.369997999172682057, -36.82126671168248322, 25.73410213069685071 ) ) ;
#3955 = AXIS2_PLACEMENT_3D ( 'NONE', #5544, #3728, #743 ) ;
#3956 = CARTESIAN_POINT ( 'NONE',  ( 0.000000000000000000, 0.000000000000000000, -40.57920000000000016 ) ) ;
#3957 = CIRCLE ( 'NONE', #4810, 3.000000000000000000 ) ;
#3958 = FACE_OUTER_BOUND ( 'NONE', #4475, .T. ) ;
#3959 = CARTESIAN_POINT ( 'NONE',  ( -50.16732543915724563, -3.666935421121977345, 5.100000000000000533 ) ) ;
#3960 = CARTESIAN_POINT ( 'NONE',  ( -6.281802516823344007, 35.58499999999999375, 19.40896185967607934 ) ) ;
#3961 = APPROVAL_STATUS ( 'not_yet_approved' ) ;
#3962 = DIRECTION ( 'NONE',  ( 0.000000000000000000, 0.000000000000000000, 1.000000000000000000 ) ) ;
#3963 = DIRECTION ( 'NONE',  ( -1.000000000000000000, 0.000000000000000000, 0.000000000000000000 ) ) ;
#3964 = VERTEX_POINT ( 'NONE', #5187 ) ;
#3965 = AXIS2_PLACEMENT_3D ( 'NONE', #1358, #5796, #3587 ) ;
#3966 = CARTESIAN_POINT ( 'NONE',  ( 41.28399214237990122, -40.07671307857690124, -57.89999999999999858 ) ) ;
#3967 = CIRCLE ( 'NONE', #1440, 3.000000000000000444 ) ;
#3968 = DIRECTION ( 'NONE',  ( 0.000000000000000000, 0.000000000000000000, -1.000000000000000000 ) ) ;
#3969 = DIRECTION ( 'NONE',  ( 1.000000000000000000, -2.508033941171289955E-16, 0.000000000000000000 ) ) ;
#3970 = EDGE_LOOP ( 'NONE', ( #4701, #802, #3562 ) ) ;
#3971 = EDGE_LOOP ( 'NONE', ( #1888, #4186, #865, #241 ) ) ;
#3972 = EDGE_LOOP ( 'NONE', ( #3504, #184, #3535, #3741, #5644, #3089 ) ) ;
#3973 = AXIS2_PLACEMENT_3D ( 'NONE', #828, #2616, #5765 ) ;
#3974 = AXIS2_PLACEMENT_3D ( 'NONE', #3956, #4924, #4074 ) ;
#3975 = AXIS2_PLACEMENT_3D ( 'NONE', #436, #1412, #5546 ) ;
#3976 = CARTESIAN_POINT ( 'NONE',  ( -41.50000000000000000, -52.00000000000000000, -41.89999999999999858 ) ) ;
#3977 = CARTESIAN_POINT ( 'NONE',  ( -36.91712761117283748, -6.369999999718364059, 25.78592198799676183 ) ) ;
#3978 = VERTEX_POINT ( 'NONE', #3515 ) ;
#3979 = CARTESIAN_POINT ( 'NONE',  ( -6.370000000000000107, 0.000000000000000000, 26.75000000000000000 ) ) ;
#3980 = LINE ( 'NONE', #4150, #2169 ) ;
#3981 = DIRECTION ( 'NONE',  ( 1.506068933585929867E-17, -0.02604568891427284233, 0.9996607535003967371 ) ) ;
#3982 = CARTESIAN_POINT ( 'NONE',  ( -6.369874706333207293, -33.50116788169538040, 22.30854536029826818 ) ) ;
#3983 = CARTESIAN_POINT ( 'NONE',  ( -41.50000000000000000, -50.00000000000000000, -26.75000000000000000 ) ) ;
#3984 = CARTESIAN_POINT ( 'NONE',  ( -6.281802516818464355, -35.58500000000265118, 19.40896185967714160 ) ) ;
#3985 = CARTESIAN_POINT ( 'NONE',  ( -6.369999999845319394, -35.75443616475389774, 25.04805023947355025 ) ) ;
#3986 = DIRECTION ( 'NONE',  ( 1.000000000000000000, 0.000000000000000000, 0.000000000000000000 ) ) ;
#3987 = CARTESIAN_POINT ( 'NONE',  ( -80.40000000000000568, 9.983933030048799677E-15, 26.75000000000000000 ) ) ;
#3988 = CARTESIAN_POINT ( 'NONE',  ( 5.986062400022916563, -35.58065414161251283, 21.02108994133299191 ) ) ;
#3990 = B_SPLINE_CURVE_WITH_KNOTS ( 'NONE', 3,
 ( #4228, #2848, #1595, #1704, #1262, #3496, #3052, #2993, #5198, #3880, #2967, #5655, #3850, #5630, #346, #5603, #3379, #2938, #4734, #2559, #5278, #5170, #4290, #770, #707, #4788, #1178, #4352, #4843, #1629, #1143, #322, #290, #1235, #3412, #2501, #4764, #1656, #1681, #3029, #737, #3439, #2528, #5223, #1207, #2064, #2612, #260, #5250, #2142, #3928, #4322, #2091, #2118, #3906, #5681, #367 ),
 .UNSPECIFIED., .F., .F.,
 ( 4, 2, 2, 1, 1, 1, 1, 2, 2, 2, 2, 2, 1, 1, 1, 2, 2, 2, 2, 1, 1, 1, 1, 1, 2, 2, 2, 2, 2, 1, 1, 1, 2, 2, 2, 4 ),
 ( 0.000000000000000000, 0.1250000000004165557, 0.1875000000006252221, 0.2187500000007291390, 0.2343750000007810974, 0.2421875000008079648, 0.2460937500008222867, 0.2480468750008289480, 0.2500000000008356094, 0.3750000000013248291, 0.4375000000015700774, 0.4687500000016917023, 0.4843750000017515434, 0.4921875000017814639, 0.4960937500017967294, 0.4980468750018040569, 0.5000000000018114399, 0.5625000000020382585, 0.5937500000021521673, 0.6093750000022085667, 0.6171875000022375435, 0.6210937500022517543, 0.6230468750022597479, 0.6240234375022636337, 0.6245117187522655211, 0.6250000000022675195, 0.6875000000018729462, 0.7187500000016754376, 0.7343750000015761836, 0.7421875000015264456, 0.7460937500015015766, 0.7480468750014895862, 0.7490234375014837021, 0.7500000000014777068, 0.8750000000007388534, 1.000000000000000000 ),
 .UNSPECIFIED. ) ;
#3989 = DATE_AND_TIME ( #2698, #3769 ) ;
#3991 = CARTESIAN_POINT ( 'NONE',  ( -40.03833620736471488, -6.370302795742810886, 26.72899508883712727 ) ) ;
#3992 = VECTOR ( 'NONE', #2988, 1000.000000000000000 ) ;
#3993 = CARTESIAN_POINT ( 'NONE',  ( 33.63101067088869200, -6.370000000260019668, 22.58044848908690128 ) ) ;
#3994 = ADVANCED_FACE ( 'NONE', ( #3946 ), #848, .F. ) ;
#3995 = EDGE_LOOP ( 'NONE', ( #3310, #2858 ) ) ;
#3996 = EDGE_CURVE ( 'NONE', #5233, #2121, #3178, .T. ) ;
#3997 = AXIS2_PLACEMENT_3D ( 'NONE', #502, #3589, #4446 ) ;
#3998 = CARTESIAN_POINT ( 'NONE',  ( 41.50000000000000000, 50.00000000000000000, -28.75000000000000000 ) ) ;
#3999 = DIRECTION ( 'NONE',  ( 1.000000000000000000, 9.366757429680381217E-16, 0.000000000000000000 ) ) ;
#4000 = CARTESIAN_POINT ( 'NONE',  ( 0.000000000000000000, 0.000000000000000000, -42.07920000000000016 ) ) ;
#4001 = ORIENTED_EDGE ( 'NONE', *, *, #1583, .F. ) ;
#4002 = EDGE_LOOP ( 'NONE', ( #2493, #4453, #3823, #1297, #5213, #3808 ) ) ;
#4003 = DIRECTION ( 'NONE',  ( 0.000000000000000000, 0.000000000000000000, 1.000000000000000000 ) ) ;
#4004 = EDGE_CURVE ( 'NONE', #723, #1514, #2740, .T. ) ;
#4005 = CARTESIAN_POINT ( 'NONE',  ( -6.370000000000000107, 41.58499999999999375, 26.75000000000000000 ) ) ;
#4006 = DIRECTION ( 'NONE',  ( -6.505213034913020688E-16, 1.000000000000000000, 0.000000000000000000 ) ) ;
#4007 = VERTEX_POINT ( 'NONE', #413 ) ;
#4008 = DIRECTION ( 'NONE',  ( -1.000000000000000000, 0.000000000000000000, 0.000000000000000000 ) ) ;
#4009 = ADVANCED_FACE ( 'NONE', ( #3565 ), #5338, .T. ) ;
#4010 = CIRCLE ( 'NONE', #2516, 25.00000000000000000 ) ;
#4011 = DIRECTION ( 'NONE',  ( 0.9996607535004006229, 0.000000000000000000, 0.02604568891412365264 ) ) ;
#4012 = CARTESIAN_POINT ( 'NONE',  ( -33.18542774640931725, 6.957907863848568297, -26.21364665208311351 ) ) ;
#4013 = DIRECTION ( 'NONE',  ( 0.000000000000000000, 0.000000000000000000, 1.000000000000000000 ) ) ;
#4014 = DIRECTION ( 'NONE',  ( 0.000000000000000000, -1.000000000000000000, 0.000000000000000000 ) ) ;
#4015 = CARTESIAN_POINT ( 'NONE',  ( -5.889510143152426380, -35.60577517269496894, 21.37782218919709365 ) ) ;
#4016 = CARTESIAN_POINT ( 'NONE',  ( -6.369999999945069824, -40.00461954384224583, 26.71605156565919970 ) ) ;
#4017 = CARTESIAN_POINT ( 'NONE',  ( 4.188028593750465767, 37.46222370800284551, 25.12538896387640008 ) ) ;
#4018 = DIRECTION ( 'NONE',  ( 1.000000000000000000, 0.000000000000000000, 0.000000000000000000 ) ) ;
#4019 = CARTESIAN_POINT ( 'NONE',  ( 35.58500000000424279, -3.370805018341700432, 19.41670979740765191 ) ) ;
#4020 = APPROVAL_ROLE ( '' ) ;
#4021 = CARTESIAN_POINT ( 'NONE',  ( -6.369998677350650063, 36.92876712892481805, 25.79211885429853623 ) ) ;
#4022 = CARTESIAN_POINT ( 'NONE',  ( 6.535954146371548923, -32.79735213120306980, -25.56205396436964250 ) ) ;
#4023 = CARTESIAN_POINT ( 'NONE',  ( 35.86854469886144869, -3.546150813967424931, 22.61134870958069953 ) ) ;
#4024 = VERTEX_POINT ( 'NONE', #3067 ) ;
#4025 = CARTESIAN_POINT ( 'NONE',  ( 6.369985909904793964, -34.06661763680202171, 23.25256388424090659 ) ) ;
#4026 = DIRECTION ( 'NONE',  ( 0.000000000000000000, 0.000000000000000000, -1.000000000000000000 ) ) ;
#4027 = CARTESIAN_POINT ( 'NONE',  ( 3.371078389176129786, -35.58500000000150010, 19.41695418761370107 ) ) ;
#4028 = VERTEX_POINT ( 'NONE', #1776 ) ;
#4029 = CIRCLE ( 'NONE', #3747, 9.524999999999998579 ) ;
#4030 = AXIS2_PLACEMENT_3D ( 'NONE', #4335, #2127, #302 ) ;
#4031 = DIRECTION ( 'NONE',  ( -1.000000000000000000, 0.000000000000000000, 0.000000000000000000 ) ) ;
#4032 = EDGE_CURVE ( 'NONE', #4991, #4625, #1810, .T. ) ;
#4033 = CARTESIAN_POINT ( 'NONE',  ( -5.813884986720140979, -40.94111886503574738, 26.71626826910635799 ) ) ;
#4034 = CIRCLE ( 'NONE', #2446, 2.000000000000001776 ) ;
#4035 = CARTESIAN_POINT ( 'NONE',  ( -34.19714210988549041, -6.369934340664183736, 23.43607084676617447 ) ) ;
#4036 = CARTESIAN_POINT ( 'NONE',  ( 50.16732543915720299, 3.666935421121998218, 5.100000000000000533 ) ) ;
#4037 = EDGE_CURVE ( 'NONE', #4855, #1046, #3936, .T. ) ;
#4038 = DIRECTION ( 'NONE',  ( 0.000000000000000000, 0.000000000000000000, -1.000000000000000000 ) ) ;
#4039 = DIRECTION ( 'NONE',  ( 0.000000000000000000, 0.000000000000000000, 1.000000000000000000 ) ) ;
#4040 = CIRCLE ( 'NONE', #1040, 46.10499999999999687 ) ;
#4041 = CARTESIAN_POINT ( 'NONE',  ( -32.89184852553916727, 6.642720093172470364, -25.78232848444246272 ) ) ;
#4042 = EDGE_CURVE ( 'NONE', #110, #3839, #440, .T. ) ;
#4043 = EDGE_CURVE ( 'NONE', #3460, #5146, #3476, .T. ) ;
#4044 = CARTESIAN_POINT ( 'NONE',  ( 33.02234269658769961, 6.369999999841919447, 21.18423187738875058 ) ) ;
#4045 = DIRECTION ( 'NONE',  ( -1.000000000000000000, 0.000000000000000000, 0.000000000000000000 ) ) ;
#4046 = AXIS2_PLACEMENT_3D ( 'NONE', #1422, #3203, #3235 ) ;
#4047 = AXIS2_PLACEMENT_3D ( 'NONE', #4926, #1430, #3604 ) ;
#4048 = AXIS2_PLACEMENT_3D ( 'NONE', #5167, #3315, #2844 ) ;
#4049 = DIRECTION ( 'NONE',  ( -1.000000000000000000, -1.672022627447524747E-16, 0.000000000000000000 ) ) ;
#4050 = CARTESIAN_POINT ( 'NONE',  ( -5.361047729717819621, -40.17680246839765346, 26.58517859900250002 ) ) ;
#4051 = CARTESIAN_POINT ( 'NONE',  ( 5.518419796274657507, 36.29788994329862817, 23.60260554851770820 ) ) ;
#4052 = CARTESIAN_POINT ( 'NONE',  ( -40.04823509810756121, -5.297962480491651860, 26.54985859071732790 ) ) ;
#4053 = CIRCLE ( 'NONE', #1715, 82.65000000000000568 ) ;
#4054 = CARTESIAN_POINT ( 'NONE',  ( -6.543876012812894771, 32.80431759343216669, -25.58062906356459010 ) ) ;
#4055 = CARTESIAN_POINT ( 'NONE',  ( 3.893735784605925065, -36.72014354162545402, 24.28162700625300019 ) ) ;
#4056 = CARTESIAN_POINT ( 'NONE',  ( -6.369859693986878568, 37.50350105367272846, 26.07254006046306927 ) ) ;
#4057 = DIRECTION ( 'NONE',  ( 0.8647002625785923380, 0.4961795709444582481, 0.07809794666882742542 ) ) ;
#4058 = CARTESIAN_POINT ( 'NONE',  ( 39.12120481990848475, -5.708038033576871229, 26.23758184240443470 ) ) ;
#4059 = ADVANCED_FACE ( 'NONE', ( #4504, #5750, #504, #2654, #472, #2275 ), #3116, .T. ) ;
#4060 = EDGE_LOOP ( 'NONE', ( #1450, #340, #1718, #1808 ) ) ;
#4061 = CYLINDRICAL_SURFACE ( 'NONE', #5560, 82.65000000000000568 ) ;
#4062 = CARTESIAN_POINT ( 'NONE',  ( -41.50000000000000000, -50.00000000000000000, -39.89999999999999858 ) ) ;
#4063 = CARTESIAN_POINT ( 'NONE',  ( -34.33826971683939888, 8.053330544165561378, -26.75000000000000000 ) ) ;
#4064 = VERTEX_POINT ( 'NONE', #29 ) ;
#4065 = DIRECTION ( 'NONE',  ( 0.000000000000000000, 0.000000000000000000, 1.000000000000000000 ) ) ;
#4066 = AXIS2_PLACEMENT_3D ( 'NONE', #414, #893, #321 ) ;
#4067 = CARTESIAN_POINT ( 'NONE',  ( -35.79678614807059489, -6.369999997222156374, 25.06533687079081929 ) ) ;
#4068 = DIRECTION ( 'NONE',  ( 0.000000000000000000, 0.000000000000000000, -1.000000000000000000 ) ) ;
#4069 = B_SPLINE_CURVE_WITH_KNOTS ( 'NONE', 3,
 ( #5330, #2750, #898, #1338 ),
 .UNSPECIFIED., .F., .F.,
 ( 4, 4 ),
 ( 0.000000000000000000, 0.002000064695065124996 ),
 .UNSPECIFIED. ) ;
#4070 = LINE ( 'NONE', #3979, #5305 ) ;
#4071 = CIRCLE ( 'NONE', #1822, 27.75118145901925359 ) ;
#4072 = FACE_BOUND ( 'NONE', #5206, .T. ) ;
#4073 = DIRECTION ( 'NONE',  ( -1.000000000000000000, 0.000000000000000000, 0.000000000000000000 ) ) ;
#4074 = DIRECTION ( 'NONE',  ( -1.000000000000000000, 0.000000000000000000, 0.000000000000000000 ) ) ;
#4075 = FACE_BOUND ( 'NONE', #4879, .T. ) ;
#4076 = CARTESIAN_POINT ( 'NONE',  ( 6.370000000000000107, 41.58499999999999375, 26.75000000000000000 ) ) ;
#4077 = CARTESIAN_POINT ( 'NONE',  ( -6.103803483886388825, -40.82503573059526758, 26.70391456698266808 ) ) ;
#4078 = CARTESIAN_POINT ( 'NONE',  ( 5.708038033582239379, 39.12120481990440624, 26.23758184240550762 ) ) ;
#4079 = CARTESIAN_POINT ( 'NONE',  ( -39.01558638218402564, -4.825860078658745778, 26.17201423279099615 ) ) ;
#4080 = EDGE_CURVE ( 'NONE', #4188, #354, #892, .T. ) ;
#4081 = CARTESIAN_POINT ( 'NONE',  ( 32.58500000000420016, 3.370805018347220017, -26.75000000000000000 ) ) ;
#4082 = CARTESIAN_POINT ( 'NONE',  ( 3.984032293526030166, -36.94834784636555014, 24.57658721908294908 ) ) ;
#4083 = CARTESIAN_POINT ( 'NONE',  ( 3.676029721037541886, 36.17902304974737859, 23.35980865144173535 ) ) ;
#4084 = CARTESIAN_POINT ( 'NONE',  ( 40.96267973622944680, -5.832443026311340262, 26.71821560258275241 ) ) ;
#4085 = EDGE_LOOP ( 'NONE', ( #4881, #4253, #3561, #5346 ) ) ;
#4086 = DIRECTION ( 'NONE',  ( 0.9996607535004008449, 0.000000000000000000, 0.02604568891411209591 ) ) ;
#4087 = DIRECTION ( 'NONE',  ( 0.000000000000000000, -1.000000000000000000, 0.000000000000000000 ) ) ;
#4088 = CARTESIAN_POINT ( 'NONE',  ( -38.13877324201715169, 5.567873153221190030, 25.67092839607178689 ) ) ;
#4089 = VERTEX_POINT ( 'NONE', #1329 ) ;
#4090 = EDGE_CURVE ( 'NONE', #2469, #2854, #2344, .T. ) ;
#4091 = DIRECTION ( 'NONE',  ( 0.000000000000000000, 0.000000000000000000, 1.000000000000000000 ) ) ;
#4092 = CARTESIAN_POINT ( 'NONE',  ( 41.11063729280180468, 5.959793779168680139, 26.73157882434005117 ) ) ;
#4093 = AXIS2_PLACEMENT_3D ( 'NONE', #1372, #39, #450 ) ;
#4094 = CARTESIAN_POINT ( 'NONE',  ( -4.389263163643153831, -37.96533773923066235, 25.53874199363627184 ) ) ;
#4095 = CARTESIAN_POINT ( 'NONE',  ( -32.89326045843964863, -6.370000000004250040, 20.67227652432875118 ) ) ;
#4096 = DIRECTION ( 'NONE',  ( 1.000000000000000000, 0.000000000000000000, 0.000000000000000000 ) ) ;
#4097 = CARTESIAN_POINT ( 'NONE',  ( 32.65755575293177770, -6.373583713013810659, -24.89009466076999999 ) ) ;
#4098 = FACE_BOUND ( 'NONE', #859, .T. ) ;
#4099 = CARTESIAN_POINT ( 'NONE',  ( -33.50091841661173220, 7.277032069320751084, -26.48920299091322050 ) ) ;
#4100 = B_SPLINE_CURVE_WITH_KNOTS ( 'NONE', 3,
 ( #3081, #4872, #3991, #4959, #2728, #494, #935, #4526, #2293, #5775, #5352, #4859, #4423, #1421, #476, #840, #2277, #5428, #5378, #389, #2628, #949, #921, #2187, #3593, #3173, #4970, #1301, #3977, #3622, #2246, #2656, #4479, #2743, #5751, #1751, #3, #4537, #3118, #4067, #3567, #31, #5321, #415, #3539, #4035, #4507, #3093, #4883, #1838, #864, #3146, #4944, #4918, #2683, #4095 ),
 .UNSPECIFIED., .F., .F.,
 ( 4, 2, 2, 2, 1, 1, 1, 1, 2, 2, 2, 2, 2, 1, 1, 1, 1, 2, 2, 2, 2, 1, 1, 1, 2, 2, 2, 2, 2, 1, 1, 1, 2, 2, 4 ),
 ( 0.000000000000000000, 0.1250000000004507228, 0.1875000000006750434, 0.2187500000007881473, 0.2343750000008447132, 0.2421875000008729961, 0.2460937500008870404, 0.2480468750008940348, 0.2490234375008969214, 0.2500000000008997803, 0.3125000000011192158, 0.3437500000012278512, 0.3593750000012804757, 0.3671875000013086199, 0.3710937500013227197, 0.3730468750013323231, 0.3740234375013370971, 0.3745117187513358759, 0.3750000000013345991, 0.4375000000012448931, 0.4687500000011997625, 0.4843750000011780577, 0.4921875000011663448, 0.4960937500011604606, 0.4980468750011566303, 0.5000000000011527446, 0.6250000000008917311, 0.6875000000007606138, 0.7187500000006949996, 0.7343750000006616929, 0.7421875000006461498, 0.7460937500006383782, 0.7480468750006333822, 0.7500000000006283862, 1.000000000000000000 ),
 .UNSPECIFIED. ) ;
#4101 = CARTESIAN_POINT ( 'NONE',  ( 39.12120481990795895, 5.708038033582701232, 26.23758184240612934 ) ) ;
#4102 = CARTESIAN_POINT ( 'NONE',  ( -35.40592849026461408, 6.369926565102399074, 24.74759602344691345 ) ) ;
#4103 = CARTESIAN_POINT ( 'NONE',  ( 5.903547014046630181, 41.04528918709700491, 26.72567671803249922 ) ) ;
#4104 = CARTESIAN_POINT ( 'NONE',  ( -6.370000000041740051, -39.80723392607860234, 26.69508090187224880 ) ) ;
#4105 = CARTESIAN_POINT ( 'NONE',  ( 6.369999999973559923, 37.62939739159345010, 26.12567189972019932 ) ) ;
#4106 = CARTESIAN_POINT ( 'NONE',  ( -38.91484778035079728, -4.782653322251452899, 26.12343447320496992 ) ) ;
#4107 = CIRCLE ( 'NONE', #4694, 41.75000000000000000 ) ;
#4108 = CARTESIAN_POINT ( 'NONE',  ( -6.852333007701475687, 33.08320561074872757, -26.10025160322681259 ) ) ;
#4109 = CARTESIAN_POINT ( 'NONE',  ( 5.506903573105402572, -37.54458594253591741, 25.20875611328571253 ) ) ;
#4110 = ORIENTED_EDGE ( 'NONE', *, *, #2137, .T. ) ;
#4111 = CARTESIAN_POINT ( 'NONE',  ( 6.475039420091015074, -32.74405667892551719, -25.39969425072794351 ) ) ;
#4112 = CARTESIAN_POINT ( 'NONE',  ( 36.48654928224350158, -6.370000000142630014, 25.55346655363310049 ) ) ;
#4113 = ORIENTED_EDGE ( 'NONE', *, *, #1385, .F. ) ;
#4114 = EDGE_CURVE ( 'NONE', #3353, #2107, #1649, .T. ) ;
#4115 = EDGE_CURVE ( 'NONE', #2854, #755, #2159, .T. ) ;
#4116 = CARTESIAN_POINT ( 'NONE',  ( -40.33665143391569785, 41.02405378704104777, -26.75000000000000000 ) ) ;
#4117 = DIRECTION ( 'NONE',  ( -1.000000000000000000, 0.000000000000000000, 0.000000000000000000 ) ) ;
#4118 = CARTESIAN_POINT ( 'NONE',  ( -40.17680246839460523, 5.361047729723959598, 26.58517859900275226 ) ) ;
#4119 = ORIENTED_EDGE ( 'NONE', *, *, #5500, .F. ) ;
#4120 =( BOUNDED_SURFACE ( )  B_SPLINE_SURFACE ( 3, 2, ( 
 ( #1947, #4427, #3229 ),
 ( #3643, #2796, #4617 ),
 ( #4888, #418, #4588 ),
 ( #867, #5426, #3674 ),
 ( #562, #2358, #4455 ),
 ( #5754, #3734, #2328 ) ),
 .UNSPECIFIED., .F., .F., .T. ) 
 B_SPLINE_SURFACE_WITH_KNOTS ( ( 4, 2, 4 ),
 ( 3, 3 ),
 ( 0.006856434198058839954, 0.007868423652450419470, 0.008880413106842009394 ),
 ( 0.000000000000000000, 1.000000000000000000 ),
 .UNSPECIFIED. ) 
 GEOMETRIC_REPRESENTATION_ITEM ( )  RATIONAL_B_SPLINE_SURFACE ( (
 ( 1.000000000000000000, 0.7425474685653979945, 1.000000000000000000),
 ( 1.000000000000000000, 0.7340242781230130742, 1.000000000000000000),
 ( 1.000000000000000000, 0.7271203083342550055, 1.000000000000000000),
 ( 1.000000000000000000, 0.7177217103477869786, 1.000000000000000000),
 ( 1.000000000000000000, 0.7152352449317670446, 1.000000000000000000),
 ( 1.000000000000000000, 0.7152498783399239279, 1.000000000000000000) ) ) 
 REPRESENTATION_ITEM ( '' )  SURFACE ( )  );
#4121 = DIRECTION ( 'NONE',  ( -1.000000000000000000, 0.000000000000000000, 0.000000000000000000 ) ) ;
#4122 = CARTESIAN_POINT ( 'NONE',  ( 41.24132100175270210, -6.072609891978090424, 26.74014897528940082 ) ) ;
#4123 = CARTESIAN_POINT ( 'NONE',  ( 36.00000000000000000, 4.500576986866519850E-15, -40.57920000000000016 ) ) ;
#4124 = CARTESIAN_POINT ( 'NONE',  ( -40.08196616553058078, 5.314761686855714373, 26.55869850155833589 ) ) ;
#4125 = CARTESIAN_POINT ( 'NONE',  ( -50.00000000000000000, 41.50000000000000000, -41.89999999999999858 ) ) ;
#4126 = CARTESIAN_POINT ( 'NONE',  ( 32.65449433079675146, -6.369999999997229878, -24.81972225487652040 ) ) ;
#4127 = CARTESIAN_POINT ( 'NONE',  ( -3.499309520444385146, 35.76352620303965324, 22.25081759593035002 ) ) ;
#4128 = CARTESIAN_POINT ( 'NONE',  ( -33.96158849892492526, 7.714382700394311065, -26.70159993012887156 ) ) ;
#4129 = VECTOR ( 'NONE', #4065, 1000.000000000000000 ) ;
#4130 = EDGE_CURVE ( 'NONE', #591, #1224, #2186, .T. ) ;
#4131 = ORIENTED_EDGE ( 'NONE', *, *, #4837, .F. ) ;
#4132 = CARTESIAN_POINT ( 'NONE',  ( 36.91853324609616038, 6.369999915426952874, 25.78667121136864182 ) ) ;
#4133 = VECTOR ( 'NONE', #1324, 1000.000000000000000 ) ;
#4134 = CARTESIAN_POINT ( 'NONE',  ( 6.370000000000000107, 41.31504705301394864, 26.75000000000000000 ) ) ;
#4135 = DIRECTION ( 'NONE',  ( 0.000000000000000000, 0.000000000000000000, 1.000000000000000000 ) ) ;
#4136 = CARTESIAN_POINT ( 'NONE',  ( 5.105302807602180692, 39.65646864762915413, 26.44298560546305055 ) ) ;
#4137 = DIRECTION ( 'NONE',  ( 0.000000000000000000, 0.000000000000000000, 1.000000000000000000 ) ) ;
#4138 = DIRECTION ( 'NONE',  ( 1.000000000000000000, 1.776356839400250070E-15, 0.000000000000000000 ) ) ;
#4139 = CARTESIAN_POINT ( 'NONE',  ( -34.33826971683724594, -8.053330544174821526, -26.75000000000000000 ) ) ;
#4140 = DIRECTION ( 'NONE',  ( 1.000000000000000000, 0.000000000000000000, 0.000000000000000000 ) ) ;
#4141 = ORIENTED_EDGE ( 'NONE', *, *, #1929, .T. ) ;
#4142 = LINE ( 'NONE', #106, #1789 ) ;
#4143 = CARTESIAN_POINT ( 'NONE',  ( 40.58929969001290061, -6.370000000061749823, 26.74845202696574731 ) ) ;
#4144 = AXIS2_PLACEMENT_3D ( 'NONE', #712, #2505, #4296 ) ;
#4145 = ORIENTED_EDGE ( 'NONE', *, *, #1958, .F. ) ;
#4146 = CARTESIAN_POINT ( 'NONE',  ( 0.000000000000000000, 0.000000000000000000, -32.47660000000000480 ) ) ;
#4147 = CARTESIAN_POINT ( 'NONE',  ( -41.04528918709725360, -5.903547014047710206, 26.72567671803274791 ) ) ;
#4148 = CARTESIAN_POINT ( 'NONE',  ( -36.86086500838850100, 6.369999999834589310, 25.76815908326634741 ) ) ;
#4149 = VERTEX_POINT ( 'NONE', #3538 ) ;
#4150 = CARTESIAN_POINT ( 'NONE',  ( -3.370805018337555303, -35.58500000000150010, -26.75000000000000000 ) ) ;
#4151 = FACE_OUTER_BOUND ( 'NONE', #1000, .T. ) ;
#4152 = CARTESIAN_POINT ( 'NONE',  ( -33.80742222706834355, -7.571573888009808684, -26.65031606097720029 ) ) ;
#4153 = CARTESIAN_POINT ( 'NONE',  ( 6.370000000006999841, -40.77543378064444823, 26.75000000000000000 ) ) ;
#4154 = DIRECTION ( 'NONE',  ( 0.000000000000000000, 0.000000000000000000, 1.000000000000000000 ) ) ;
#4155 = CARTESIAN_POINT ( 'NONE',  ( 32.89326045844030233, 6.370000000002770335, 20.67227652433030016 ) ) ;
#4156 = FACE_OUTER_BOUND ( 'NONE', #1357, .T. ) ;
#4157 = FACE_OUTER_BOUND ( 'NONE', #57, .T. ) ;
#4158 = ORIENTED_EDGE ( 'NONE', *, *, #4187, .F. ) ;
#4159 = AXIS2_PLACEMENT_3D ( 'NONE', #4957, #3660, #1877 ) ;
#4160 = CARTESIAN_POINT ( 'NONE',  ( 36.91716156437323804, 6.369999969635608217, 25.78593983155690594 ) ) ;
#4161 = ADVANCED_FACE ( 'NONE', ( #5318 ), #1299, .F. ) ;
#4162 = CARTESIAN_POINT ( 'NONE',  ( 6.785785861280941411, 33.02290372514128336, -26.00672867515752529 ) ) ;
#4163 = AXIS2_PLACEMENT_3D ( 'NONE', #269, #2071, #3002 ) ;
#4164 = CARTESIAN_POINT ( 'NONE',  ( 41.36003397524509495, 6.292069547971814281, 26.75000000000006395 ) ) ;
#4165 = CARTESIAN_POINT ( 'NONE',  ( 0.000000000000000000, 0.000000000000000000, 48.25000000000000000 ) ) ;
#4166 = CARTESIAN_POINT ( 'NONE',  ( 4.940104320208801525, 39.27831405822592359, 26.28908046730970227 ) ) ;
#4167 = CARTESIAN_POINT ( 'NONE',  ( -6.768389182551304728, 33.00638192889056199, -25.98736007099848067 ) ) ;
#4168 = CARTESIAN_POINT ( 'NONE',  ( 4.825860078663164465, -39.01558638220346609, 26.17201423279817973 ) ) ;
#4169 = ORIENTED_EDGE ( 'NONE', *, *, #4656, .T. ) ;
#4170 = CARTESIAN_POINT ( 'NONE',  ( 7.343235171446678144, -33.56850106111131993, -26.53242648436118145 ) ) ;
#4171 = DIRECTION ( 'NONE',  ( 0.000000000000000000, 0.000000000000000000, 1.000000000000000000 ) ) ;
#4172 = EDGE_LOOP ( 'NONE', ( #2702, #4675, #2347, #2624 ) ) ;
#4173 = DIRECTION ( 'NONE',  ( 0.000000000000000000, 0.000000000000000000, 1.000000000000000000 ) ) ;
#4174 = CARTESIAN_POINT ( 'NONE',  ( -32.89326045844120472, 6.369999999995749285, 20.67227652432839946 ) ) ;
#4175 = ORIENTED_EDGE ( 'NONE', *, *, #4476, .F. ) ;
#4176 = CARTESIAN_POINT ( 'NONE',  ( 34.18490945396571590, -6.370000302682816695, 23.43412838167287759 ) ) ;
#4177 = CARTESIAN_POINT ( 'NONE',  ( 41.57323245023070513, -6.359809012752810631, 26.74998846038660005 ) ) ;
#4178 = DIRECTION ( 'NONE',  ( -4.336808689942013792E-16, 1.000000000000000000, 0.000000000000000000 ) ) ;
#4179 = CARTESIAN_POINT ( 'NONE',  ( -38.73236685937144586, 4.703644529806117802, 26.04054405955767137 ) ) ;
#4180 = VERTEX_POINT ( 'NONE', #4650 ) ;
#4181 = FACE_BOUND ( 'NONE', #3356, .T. ) ;
#4182 = CIRCLE ( 'NONE', #3143, 9.524999999999998579 ) ;
#4183 = EDGE_CURVE ( 'NONE', #4838, #4447, #2807, .T. ) ;
#4184 = DIRECTION ( 'NONE',  ( 0.000000000000000000, 0.000000000000000000, 1.000000000000000000 ) ) ;
#4185 = DIRECTION ( 'NONE',  ( 0.000000000000000000, 0.000000000000000000, 1.000000000000000000 ) ) ;
#4186 = ORIENTED_EDGE ( 'NONE', *, *, #1577, .F. ) ;
#4187 = EDGE_CURVE ( 'NONE', #4281, #2318, #4596, .T. ) ;
#4188 = VERTEX_POINT ( 'NONE', #1982 ) ;
#4189 = AXIS2_PLACEMENT_3D ( 'NONE', #123, #90, #2865 ) ;
#4190 = CARTESIAN_POINT ( 'NONE',  ( -35.61859423005782332, 6.369983780170990428, 24.92546324008047520 ) ) ;
#4191 = DIRECTION ( 'NONE',  ( 1.000000000000000000, 0.000000000000000000, 0.000000000000000000 ) ) ;
#4192 = CARTESIAN_POINT ( 'NONE',  ( 0.000000000000000000, 0.000000000000000000, 26.75000000000000000 ) ) ;
#4193 = CARTESIAN_POINT ( 'NONE',  ( -41.57323245022369917, 6.359809012751339807, 26.74998846038660005 ) ) ;
#4194 = CARTESIAN_POINT ( 'NONE',  ( 5.398331915357656996, 40.24640150593511123, 26.59920736319398671 ) ) ;
#4195 = CARTESIAN_POINT ( 'NONE',  ( 6.370000000000000107, 35.58500000000000085, -24.75000000000000000 ) ) ;
#4196 = CARTESIAN_POINT ( 'NONE',  ( 5.105302807609329641, -39.65646864762935309, 26.44298560546265264 ) ) ;
#4197 = CARTESIAN_POINT ( 'NONE',  ( 3.507259046026503846, -35.78307133657585126, 22.29091457739507831 ) ) ;
#4198 = ORIENTED_EDGE ( 'NONE', *, *, #1620, .T. ) ;
#4199 = CARTESIAN_POINT ( 'NONE',  ( 32.67561422019394968, 6.369999999973759763, 19.41103761873895195 ) ) ;
#4200 = CARTESIAN_POINT ( 'NONE',  ( -41.50000000000000000, -41.50000000000000000, -28.75000000000000000 ) ) ;
#4201 = VERTEX_POINT ( 'NONE', #2860 ) ;
#4202 = DIRECTION ( 'NONE',  ( 0.000000000000000000, 0.000000000000000000, 1.000000000000000000 ) ) ;
#4203 = CARTESIAN_POINT ( 'NONE',  ( -35.80766466815776283, 5.665588989255748054, 22.42176019486806382 ) ) ;
#4204 = ORIENTED_EDGE ( 'NONE', *, *, #5085, .F. ) ;
#4205 = CARTESIAN_POINT ( 'NONE',  ( 36.91223414539119574, -6.369999986505585632, 25.78331042380326821 ) ) ;
#4206 = CARTESIAN_POINT ( 'NONE',  ( 0.000000000000000000, 0.000000000000000000, -26.75000000000000000 ) ) ;
#4207 = CARTESIAN_POINT ( 'NONE',  ( -33.72859994374663728, -7.497016945402863008, -26.61659923389932914 ) ) ;
#4208 = CARTESIAN_POINT ( 'NONE',  ( 39.31592603352720516, 4.954623790328909649, 26.31655242200394795 ) ) ;
#4209 = CARTESIAN_POINT ( 'NONE',  ( -40.77543378064855517, 6.369999999995749285, 26.75000000000000000 ) ) ;
#4210 = ORIENTED_EDGE ( 'NONE', *, *, #1070, .F. ) ;
#4211 = CARTESIAN_POINT ( 'NONE',  ( 32.68905464630250890, -6.410769032465776007, -25.15681675342940693 ) ) ;
#4212 = ORIENTED_EDGE ( 'NONE', *, *, #1070, .T. ) ;
#4213 = EDGE_CURVE ( 'NONE', #3757, #3511, #561, .T. ) ;
#4214 = CYLINDRICAL_SURFACE ( 'NONE', #5706, 9.525000000000005684 ) ;
#4215 = DIRECTION ( 'NONE',  ( 0.000000000000000000, 0.000000000000000000, 1.000000000000000000 ) ) ;
#4216 = ORIENTED_EDGE ( 'NONE', *, *, #3480, .F. ) ;
#4217 = EDGE_CURVE ( 'NONE', #2269, #2487, #1028, .T. ) ;
#4218 = ORIENTED_EDGE ( 'NONE', *, *, #5042, .T. ) ;
#4219 = CARTESIAN_POINT ( 'NONE',  ( -33.96335398164067954, 6.369999937093022702, 23.09928375365502617 ) ) ;
#4220 = AXIS2_PLACEMENT_3D ( 'NONE', #5400, #4003, #1277 ) ;
#4221 = CARTESIAN_POINT ( 'NONE',  ( -40.07671307857700072, -40.33665143391584706, -57.89999999999999858 ) ) ;
#4222 = ADVANCED_FACE ( 'NONE', ( #4997 ), #3092, .F. ) ;
#4223 = CARTESIAN_POINT ( 'NONE',  ( 35.73650706825767998, 3.485563181853074344, 22.10372805935408991 ) ) ;
#4224 = EDGE_CURVE ( 'NONE', #817, #2188, #3091, .T. ) ;
#4225 = CARTESIAN_POINT ( 'NONE',  ( -41.11063729279840118, 5.959793779164760608, 26.73157882434029986 ) ) ;
#4226 = CARTESIAN_POINT ( 'NONE',  ( -35.58499999999724395, 3.370805018332005076, 19.08348030398610007 ) ) ;
#4227 = CARTESIAN_POINT ( 'NONE',  ( 46.10499999999999687, 5.646234067468869875E-15, 49.95000000000000284 ) ) ;
#4228 = CARTESIAN_POINT ( 'NONE',  ( 6.370000000000000107, 32.89326045844055102, 20.67227652432920237 ) ) ;
#4229 = AXIS2_PLACEMENT_3D ( 'NONE', #968, #4495, #1380 ) ;
#4230 = CARTESIAN_POINT ( 'NONE',  ( 4.006640402560035952, -37.00513772242092614, 24.63089232492339065 ) ) ;
#4231 = ORIENTED_EDGE ( 'NONE', *, *, #4890, .F. ) ;
#4232 = FACE_OUTER_BOUND ( 'NONE', #5271, .T. ) ;
#4233 = DIRECTION ( 'NONE',  ( 0.000000000000000000, 1.000000000000000000, 0.000000000000000000 ) ) ;
#4234 = PERSON ( 'NON SPECIFICATO', 'NON SPECIFICATO', 'NON SPECIFICATO', ('NON SPECIFICATO'), ('NON SPECIFICATO'), ('NON SPECIFICATO') ) ;
#4235 = CIRCLE ( 'NONE', #5800, 41.27000000000000313 ) ;
#4236 = ORIENTED_EDGE ( 'NONE', *, *, #710, .F. ) ;
#4237 = DATE_AND_TIME ( #2974, #4517 ) ;
#4238 = LINE ( 'NONE', #210, #3326 ) ;
#4239 = VERTEX_POINT ( 'NONE', #3675 ) ;
#4240 = AXIS2_PLACEMENT_3D ( 'NONE', #5431, #3071, #2714 ) ;
#4241 = DIRECTION ( 'NONE',  ( 1.000000000000000000, 5.446541525829849398E-16, 0.000000000000000000 ) ) ;
#4242 = AXIS2_PLACEMENT_3D ( 'NONE', #3079, #3470, #3986 ) ;
#4243 = CARTESIAN_POINT ( 'NONE',  ( 32.70144742685064188, 6.425787057201198138, -25.22842914610918896 ) ) ;
#4244 = CIRCLE ( 'NONE', #4985, 5.000000000000000000 ) ;
#4245 = CARTESIAN_POINT ( 'NONE',  ( -32.91351058888972148, -6.666116478769462006, -25.82398116567779311 ) ) ;
#4246 = CARTESIAN_POINT ( 'NONE',  ( 36.32716489140334915, 3.736275300549809941, 23.64665700931025327 ) ) ;
#4247 = CARTESIAN_POINT ( 'NONE',  ( -38.41669966478460907, 4.572688387219931094, 25.85860959954350591 ) ) ;
#4248 = ORIENTED_EDGE ( 'NONE', *, *, #2970, .T. ) ;
#4249 = ORIENTED_EDGE ( 'NONE', *, *, #3073, .F. ) ;
#4250 = CARTESIAN_POINT ( 'NONE',  ( 58.79990711068128917, -0.3585035219581707011, 5.100000000000000533 ) ) ;
#4251 = DIRECTION ( 'NONE',  ( -5.446541525829849398E-16, 1.000000000000000000, 0.000000000000000000 ) ) ;
#4252 = ORIENTED_EDGE ( 'NONE', *, *, #4890, .T. ) ;
#4253 = ORIENTED_EDGE ( 'NONE', *, *, #1809, .F. ) ;
#4254 = DIRECTION ( 'NONE',  ( -1.000000000000000000, 1.672022627447524747E-16, 0.000000000000000000 ) ) ;
#4255 = CARTESIAN_POINT ( 'NONE',  ( 6.895207876011356873, 33.12562866064351397, -26.14386412433500340 ) ) ;
#4256 = CARTESIAN_POINT ( 'NONE',  ( 41.40502975199240154, 6.214141323178919762, 26.75000000000000000 ) ) ;
#4257 = CARTESIAN_POINT ( 'NONE',  ( 6.369999999970919369, 32.67561422019560524, 19.41103761873895195 ) ) ;
#4258 = CARTESIAN_POINT ( 'NONE',  ( 4.877231632318249410, 39.13449499851935087, 26.22686747170958910 ) ) ;
#4259 = CIRCLE ( 'NONE', #2659, 25.50118145901929978 ) ;
#4260 = DIRECTION ( 'NONE',  ( 0.000000000000000000, 0.000000000000000000, -1.000000000000000000 ) ) ;
#4261 = CARTESIAN_POINT ( 'NONE',  ( 6.369999999879479624, -38.22156841374474823, 26.34507798675664958 ) ) ;
#4262 = CARTESIAN_POINT ( 'NONE',  ( 5.297962480492993009, -40.04823509811106419, 26.54985859071713605 ) ) ;
#4263 = EDGE_LOOP ( 'NONE', ( #3427, #3807, #885, #2957 ) ) ;
#4264 = AXIS2_PLACEMENT_3D ( 'NONE', #3035, #2914, #3828 ) ;
#4265 = EDGE_CURVE ( 'NONE', #3483, #2398, #282, .T. ) ;
#4266 = CARTESIAN_POINT ( 'NONE',  ( 35.58500000000422858, 6.207242184593338763, 20.05572867702359474 ) ) ;
#4267 = CARTESIAN_POINT ( 'NONE',  ( -6.168188170249639946, 41.35195847424324711, 26.74649669316304923 ) ) ;
#4268 = PERSON_AND_ORGANIZATION ( #4234, #2280 ) ;
#4269 = CYLINDRICAL_SURFACE ( 'NONE', #4264, 2.999999999999999112 ) ;
#4270 = VERTEX_POINT ( 'NONE', #5454 ) ;
#4271 = CARTESIAN_POINT ( 'NONE',  ( 35.70438881482725435, -6.369995676334414547, 24.99366876482383759 ) ) ;
#4272 = CARTESIAN_POINT ( 'NONE',  ( 32.83896993951304211, 6.583320605899452005, -25.67367670784706490 ) ) ;
#4273 = CARTESIAN_POINT ( 'NONE',  ( -33.25068545403804166, -7.025144565358730553, -26.28265241385367901 ) ) ;
#4274 = CARTESIAN_POINT ( 'NONE',  ( 40.46313664331933779, 5.993611879615587057, 26.64692192519000713 ) ) ;
#4275 = CARTESIAN_POINT ( 'NONE',  ( -40.00461954383934682, -6.369999999956480252, 26.71605156565915351 ) ) ;
#4276 = EDGE_LOOP ( 'NONE', ( #4819, #1723, #3066, #5216 ) ) ;
#4277 = ADVANCED_FACE ( 'NONE', ( #1007 ), #4562, .T. ) ;
#4278 = ORIENTED_EDGE ( 'NONE', *, *, #2141, .F. ) ;
#4279 = CARTESIAN_POINT ( 'NONE',  ( -35.58499999999724395, -3.386891796956549960, 20.75000000000000000 ) ) ;
#4280 = LINE ( 'NONE', #5526, #2738 ) ;
#4281 = VERTEX_POINT ( 'NONE', #2830 ) ;
#4282 = ORIENTED_EDGE ( 'NONE', *, *, #5494, .T. ) ;
#4283 = CARTESIAN_POINT ( 'NONE',  ( -36.72542745383869800, 6.369992967193141453, 25.68085533591700553 ) ) ;
#4284 = DIRECTION ( 'NONE',  ( -6.505213034913020688E-16, 1.000000000000000000, 0.000000000000000000 ) ) ;
#4285 = CARTESIAN_POINT ( 'NONE',  ( 40.02441970606600563, 5.286164085100861776, 26.54351016697910026 ) ) ;
#4286 = CARTESIAN_POINT ( 'NONE',  ( 0.000000000000000000, 0.000000000000000000, 29.00000000000000000 ) ) ;
#4287 = CARTESIAN_POINT ( 'NONE',  ( -35.58499999999724395, 3.386891796948024780, 20.75000000000000000 ) ) ;
#4288 = CIRCLE ( 'NONE', #1754, 41.27000000000000313 ) ;
#4289 = CARTESIAN_POINT ( 'NONE',  ( -6.440806796468242723, 32.71476483686390679, -25.28630637291605154 ) ) ;
#4290 = CARTESIAN_POINT ( 'NONE',  ( 6.369998877408922233, 35.74782502523643757, 25.02758584451945723 ) ) ;
#4291 = EDGE_CURVE ( 'NONE', #758, #2398, #4789, .T. ) ;
#4292 = CARTESIAN_POINT ( 'NONE',  ( -5.297962480484684988, 40.04823509810539406, 26.54985859071602761 ) ) ;
#4293 = VERTEX_POINT ( 'NONE', #2359 ) ;
#4294 = DIRECTION ( 'NONE',  ( 0.000000000000000000, 0.000000000000000000, -1.000000000000000000 ) ) ;
#4295 = ADVANCED_FACE ( 'NONE', ( #4151 ), #118, .F. ) ;
#4296 = DIRECTION ( 'NONE',  ( -1.000000000000000000, 0.000000000000000000, 0.000000000000000000 ) ) ;
#4297 = DESIGN_CONTEXT ( 'detailed design', #724, 'design' ) ;
#4298 = ADVANCED_FACE ( 'NONE', ( #150 ), #5789, .F. ) ;
#4299 = APPROVAL_STATUS ( 'not_yet_approved' ) ;
#4300 = DIRECTION ( 'NONE',  ( 0.000000000000000000, 0.000000000000000000, -1.000000000000000000 ) ) ;
#4301 = EDGE_LOOP ( 'NONE', ( #3307, #5548 ) ) ;
#4302 = CARTESIAN_POINT ( 'NONE',  ( 40.43335048251527297, -6.369999999997272511, 26.75000000000001066 ) ) ;
#4303 = EDGE_CURVE ( 'NONE', #1912, #3978, #3735, .T. ) ;
#4304 = DIRECTION ( 'NONE',  ( 0.000000000000000000, 0.000000000000000000, 1.000000000000000000 ) ) ;
#4305 = EDGE_CURVE ( 'NONE', #3353, #2958, #369, .T. ) ;
#4306 = CARTESIAN_POINT ( 'NONE',  ( -32.80431759344627096, -6.543876012832359201, -25.58062906360037303 ) ) ;
#4307 = CARTESIAN_POINT ( 'NONE',  ( 39.47008758432333764, 5.769103640484054552, 26.38081540440353479 ) ) ;
#4308 = CARTESIAN_POINT ( 'NONE',  ( -38.62011465385198505, -5.631291378836828621, 25.97449334110051922 ) ) ;
#4309 = EDGE_LOOP ( 'NONE', ( #2508, #4158 ) ) ;
#4310 = CIRCLE ( 'NONE', #5773, 2.000000000000001776 ) ;
#4311 = ORIENTED_EDGE ( 'NONE', *, *, #1385, .T. ) ;
#4312 = CARTESIAN_POINT ( 'NONE',  ( -6.369999999872550056, 38.22156841374620484, 26.34507798675674906 ) ) ;
#4313 = CARTESIAN_POINT ( 'NONE',  ( 52.00000000000000000, -41.50000000000000000, -41.89999999999999858 ) ) ;
#4314 = VERTEX_POINT ( 'NONE', #2481 ) ;
#4315 = DIRECTION ( 'NONE',  ( -0.8647002625786097685, 0.4961795709445507851, 0.07809794666804537044 ) ) ;
#4316 = CARTESIAN_POINT ( 'NONE',  ( -35.58499999999724395, -3.386891796956549960, 20.75000000000000000 ) ) ;
#4317 = EDGE_CURVE ( 'NONE', #4752, #3481, #5336, .T. ) ;
#4318 = CARTESIAN_POINT ( 'NONE',  ( 40.50258451720868891, 5.523917669685664222, 26.66945803824321359 ) ) ;
#4319 = CARTESIAN_POINT ( 'NONE',  ( -6.369983780105911819, -35.61859422843260603, 24.92546323876314318 ) ) ;
#4320 = CARTESIAN_POINT ( 'NONE',  ( 4.003754379642582073, 36.99817354964613969, 24.63695431583125028 ) ) ;
#4321 = CARTESIAN_POINT ( 'NONE',  ( 6.370000000000000107, 32.65449433079620434, 26.75000000000000000 ) ) ;
#4322 = CARTESIAN_POINT ( 'NONE',  ( 6.370000000226285763, 38.14049373664451537, 26.31529224024386693 ) ) ;
#4323 = CARTESIAN_POINT ( 'NONE',  ( 39.40900152806067069, -4.997950617146503127, 26.34230547085343233 ) ) ;
#4324 = ORIENTED_EDGE ( 'NONE', *, *, #3487, .T. ) ;
#4325 = AXIS2_PLACEMENT_3D ( 'NONE', #4566, #4945, #922 ) ;
#4326 = EDGE_CURVE ( 'NONE', #4180, #4607, #5181, .T. ) ;
#4327 = CARTESIAN_POINT ( 'NONE',  ( -7.420571055215990697, -33.64824581967174311, -26.57918431004234350 ) ) ;
#4328 = DIRECTION ( 'NONE',  ( -1.000000000000000000, 0.000000000000000000, 0.000000000000000000 ) ) ;
#4329 = VECTOR ( 'NONE', #5072, 1000.000000000000000 ) ;
#4330 = CARTESIAN_POINT ( 'NONE',  ( -6.264005567905980065, -41.46260784174485536, 26.74977149653825137 ) ) ;
#4331 = CARTESIAN_POINT ( 'NONE',  ( 41.02405378704064987, 41.28399214238000070, -57.89999999999999858 ) ) ;
#4332 = ORIENTED_EDGE ( 'NONE', *, *, #1856, .T. ) ;
#4333 = CIRCLE ( 'NONE', #2551, 46.10499999999999687 ) ;
#4334 = CARTESIAN_POINT ( 'NONE',  ( 35.94298495271012683, -6.370000067479216099, 25.17744825027384081 ) ) ;
#4335 = CARTESIAN_POINT ( 'NONE',  ( 0.000000000000000000, 0.000000000000000000, 26.75000000000000000 ) ) ;
#4336 = CARTESIAN_POINT ( 'NONE',  ( 6.369988315445930027, -35.98805332552251457, 25.20757047200292433 ) ) ;
#4337 = FACE_OUTER_BOUND ( 'NONE', #3397, .T. ) ;
#4338 = CARTESIAN_POINT ( 'NONE',  ( -35.80766466815973104, -5.665588989266045594, 22.42176019486985439 ) ) ;
#4339 = ORIENTED_EDGE ( 'NONE', *, *, #4440, .T. ) ;
#4340 = LOCAL_TIME ( 19, 49, 57.00000000000000000, #3386 ) ;
#4341 = ORIENTED_EDGE ( 'NONE', *, *, #3242, .F. ) ;
#4342 = AXIS2_PLACEMENT_3D ( 'NONE', #264, #2908, #1635 ) ;
#4343 = ORIENTED_EDGE ( 'NONE', *, *, #1221, .T. ) ;
#4344 = CARTESIAN_POINT ( 'NONE',  ( -5.708038033580809412, 39.12120481990634602, 26.23758184240649882 ) ) ;
#4345 = AXIS2_PLACEMENT_3D ( 'NONE', #1139, #4135, #668 ) ;
#4346 = VERTEX_POINT ( 'NONE', #717 ) ;
#4347 = CARTESIAN_POINT ( 'NONE',  ( -37.73363620091768666, 6.369931297104145074, 26.16557161870187542 ) ) ;
#4348 = CARTESIAN_POINT ( 'NONE',  ( 7.165625086385452924, 33.38839386717454261, -26.40633090241487935 ) ) ;
#4349 = DIRECTION ( 'NONE',  ( -1.000000000000000000, 0.000000000000000000, 0.000000000000000000 ) ) ;
#4350 = DIRECTION ( 'NONE',  ( -1.000000000000000000, 0.000000000000000000, 0.000000000000000000 ) ) ;
#4351 = CARTESIAN_POINT ( 'NONE',  ( 41.58500000000424279, -6.369999999997220108, 26.75000000000000000 ) ) ;
#4352 = CARTESIAN_POINT ( 'NONE',  ( 6.369972515146154812, 36.11153135555095872, 25.29829319014783096 ) ) ;
#4353 = APPROVAL_PERSON_ORGANIZATION ( #1349, #1061, #4020 ) ;
#4354 = CARTESIAN_POINT ( 'NONE',  ( -4.574834107198455513, 38.42033977327783134, 25.85076907575573912 ) ) ;
#4355 = VERTEX_POINT ( 'NONE', #3987 ) ;
#4356 = EDGE_CURVE ( 'NONE', #4239, #252, #5522, .T. ) ;
#4357 = CARTESIAN_POINT ( 'NONE',  ( 34.33826971683839702, -8.053330544169861938, -26.75000000000000000 ) ) ;
#4358 = AXIS2_PLACEMENT_3D ( 'NONE', #3506, #3615, #4910 ) ;
#4359 = CARTESIAN_POINT ( 'NONE',  ( 6.369999999839819793, 33.02234269658144683, 21.18423187738860136 ) ) ;
#4360 = DIRECTION ( 'NONE',  ( 1.000000000000000000, 0.000000000000000000, 0.000000000000000000 ) ) ;
#4361 = CARTESIAN_POINT ( 'NONE',  ( -40.82503573059547364, 6.103803483888241566, 26.70391456698137134 ) ) ;
#4362 = CIRCLE ( 'NONE', #3795, 1.999999999999998224 ) ;
#4363 = ORIENTED_EDGE ( 'NONE', *, *, #1103, .F. ) ;
#4364 = CARTESIAN_POINT ( 'NONE',  ( 36.32716489140344862, -3.736275300544319666, 23.64665700931040249 ) ) ;
#4365 = CIRCLE ( 'NONE', #223, 2.000000000000001776 ) ;
#4366 = CARTESIAN_POINT ( 'NONE',  ( 32.98273853495275176, 6.742799116415464589, -25.94499442842424486 ) ) ;
#4367 = CARTESIAN_POINT ( 'NONE',  ( 6.370006455628487885, -38.25718143170637120, 26.35402232099889019 ) ) ;
#4368 = CARTESIAN_POINT ( 'NONE',  ( 37.50000000000000000, 0.000000000000000000, -48.30079999999999529 ) ) ;
#4369 = CARTESIAN_POINT ( 'NONE',  ( -36.07730396453965227, -3.634090523935475492, 23.13765668347854998 ) ) ;
#4370 = ORIENTED_EDGE ( 'NONE', *, *, #1341, .T. ) ;
#4371 = ORIENTED_EDGE ( 'NONE', *, *, #551, .T. ) ;
#4372 = ORIENTED_EDGE ( 'NONE', *, *, #1335, .T. ) ;
#4373 = CARTESIAN_POINT ( 'NONE',  ( -6.369999999849159877, 35.75443616475649833, 25.04805023947170284 ) ) ;
#4374 = ORIENTED_EDGE ( 'NONE', *, *, #4042, .T. ) ;
#4375 = CARTESIAN_POINT ( 'NONE',  ( -36.91223414585162033, 6.369999986505594514, 25.78331042404915152 ) ) ;
#4376 = CARTESIAN_POINT ( 'NONE',  ( -32.89326045843984758, -6.370000000004250040, 20.67227652432960028 ) ) ;
#4377 = DIRECTION ( 'NONE',  ( 1.000000000000000000, 5.446541525829849398E-16, 0.000000000000000000 ) ) ;
#4378 = CARTESIAN_POINT ( 'NONE',  ( -6.369868966263674714, -37.40389595695543790, 26.02593598006124154 ) ) ;
#4379 = EDGE_CURVE ( 'NONE', #4752, #358, #2440, .T. ) ;
#4380 = CARTESIAN_POINT ( 'NONE',  ( 32.58500000000420016, 3.386891796954380141, 20.75000000000000000 ) ) ;
#4381 = ADVANCED_FACE ( 'NONE', ( #2101 ), #4792, .T. ) ;
#4382 = CARTESIAN_POINT ( 'NONE',  ( 40.06009971478713538, -5.303858617562175581, 26.55298932686675073 ) ) ;
#4383 = ORIENTED_EDGE ( 'NONE', *, *, #2838, .F. ) ;
#4384 = CARTESIAN_POINT ( 'NONE',  ( -6.777207036221594372, -33.01413214788866668, -25.99917477113455533 ) ) ;
#4385 = CIRCLE ( 'NONE', #5129, 3.000000000000000000 ) ;
#4386 = CARTESIAN_POINT ( 'NONE',  ( -3.386891796952119726, 35.58500000000000085, 20.75000000000000000 ) ) ;
#4387 = B_SPLINE_CURVE_WITH_KNOTS ( 'NONE', 3,
 ( #5117, #4769, #1543, #5176, #4330, #2010, #2913, #645, #2097, #3799 ),
 .UNSPECIFIED., .F., .F.,
 ( 4, 3, 3, 4 ),
 ( -1.556700298231000157E-05, 0.000000000000000000, 0.0004390277440794565608, 0.0006982593775276071685 ),
 .UNSPECIFIED. ) ;
#4388 = CARTESIAN_POINT ( 'NONE',  ( -6.370000000000034746, 33.09822829303827518, 21.48520309655641825 ) ) ;
#4389 = DIRECTION ( 'NONE',  ( 0.000000000000000000, 0.000000000000000000, -1.000000000000000000 ) ) ;
#4390 = ORIENTED_EDGE ( 'NONE', *, *, #3788, .T. ) ;
#4391 = CYLINDRICAL_SURFACE ( 'NONE', #4443, 9.525000000000000355 ) ;
#4392 = CARTESIAN_POINT ( 'NONE',  ( 3.370805018344545267, 32.58500000000000085, -24.75000000000000000 ) ) ;
#4393 = CARTESIAN_POINT ( 'NONE',  ( -38.65505634856909722, -4.672740176736789763, 25.98922386612874647 ) ) ;
#4394 = VERTEX_POINT ( 'NONE', #4799 ) ;
#4395 = ORIENTED_EDGE ( 'NONE', *, *, #1717, .F. ) ;
#4396 = ORIENTED_EDGE ( 'NONE', *, *, #2749, .T. ) ;
#4397 = B_SPLINE_CURVE_WITH_KNOTS ( 'NONE', 3,
 ( #2491, #5593, #1133, #2927, #3273, #3810, #3743, #2895, #4685, #5158 ),
 .UNSPECIFIED., .F., .F.,
 ( 4, 3, 3, 4 ),
 ( 0.000000000000000000, 0.0002592685389380670240, 0.0006983587851625599119, 0.0007139257881448730610 ),
 .UNSPECIFIED. ) ;
#4398 = CARTESIAN_POINT ( 'NONE',  ( -5.486810673083359902, 36.57108811506886781, 24.07463000796261099 ) ) ;
#4399 = ORIENTED_EDGE ( 'NONE', *, *, #4217, .F. ) ;
#4400 = PLANE ( 'NONE',  #1465 ) ;
#4401 = EDGE_CURVE ( 'NONE', #4686, #202, #1406, .T. ) ;
#4402 = CARTESIAN_POINT ( 'NONE',  ( 7.132523395304775526, 33.35530646669327837, -26.37956636664046428 ) ) ;
#4403 = PLANE ( 'NONE',  #4516 ) ;
#4404 = DIRECTION ( 'NONE',  ( -1.000000000000000000, 0.000000000000000000, 0.000000000000000000 ) ) ;
#4405 = EDGE_CURVE ( 'NONE', #5103, #2946, #545, .T. ) ;
#4406 = DIRECTION ( 'NONE',  ( 0.000000000000000000, -0.9996607535004101708, 0.02604568891375590861 ) ) ;
#4407 = FACE_BOUND ( 'NONE', #2457, .T. ) ;
#4408 = CARTESIAN_POINT ( 'NONE',  ( -6.542277900084229714, -32.80290810620736863, -25.57695605883009193 ) ) ;
#4409 = CARTESIAN_POINT ( 'NONE',  ( -3.378215731341875028, 35.58500000000000085, 20.41700341931170115 ) ) ;
#4410 = DATE_AND_TIME ( #907, #4710 ) ;
#4411 = CARTESIAN_POINT ( 'NONE',  ( -6.369916902575504025, 37.11798024143259767, 25.88983381330640654 ) ) ;
#4412 = CARTESIAN_POINT ( 'NONE',  ( 35.58500000000424279, -3.401644651190570467, 21.12748665268834714 ) ) ;
#4413 = AXIS2_PLACEMENT_3D ( 'NONE', #1725, #5294, #3619 ) ;
#4414 = ORIENTED_EDGE ( 'NONE', *, *, #710, .T. ) ;
#4415 = CARTESIAN_POINT ( 'NONE',  ( 6.369996260827176293, -34.01829980765590733, 23.18165352356399822 ) ) ;
#4416 = DIRECTION ( 'NONE',  ( 0.000000000000000000, 0.000000000000000000, 1.000000000000000000 ) ) ;
#4417 = CARTESIAN_POINT ( 'NONE',  ( 41.02405378704064987, 41.28399214238000070, -26.75000000000000000 ) ) ;
#4418 = VERTEX_POINT ( 'NONE', #1850 ) ;
#4419 = ORIENTED_EDGE ( 'NONE', *, *, #965, .T. ) ;
#4420 = VERTEX_POINT ( 'NONE', #2341 ) ;
#4421 = DIRECTION ( 'NONE',  ( 0.000000000000000000, 0.000000000000000000, 1.000000000000000000 ) ) ;
#4422 = AXIS2_PLACEMENT_3D ( 'NONE', #1919, #4996, #3705 ) ;
#4423 = CARTESIAN_POINT ( 'NONE',  ( -38.15979172525734953, -6.370000152527834913, 26.32181024421350202 ) ) ;
#4424 = ORIENTED_EDGE ( 'NONE', *, *, #2646, .T. ) ;
#4425 = CARTESIAN_POINT ( 'NONE',  ( -32.89326045844120472, 6.369999999995749285, 20.67227652432839946 ) ) ;
#4426 = CIRCLE ( 'NONE', #4709, 2.000000000000001776 ) ;
#4427 = CARTESIAN_POINT ( 'NONE',  ( 35.58500000000425700, -6.092036909184820104, 20.67951872141363978 ) ) ;
#4428 = DIRECTION ( 'NONE',  ( 0.000000000000000000, 1.000000000000000000, 0.000000000000000000 ) ) ;
#4429 = CARTESIAN_POINT ( 'NONE',  ( -6.369997203818598130, -33.91486129659131166, 23.02497577390552053 ) ) ;
#4430 = AXIS2_PLACEMENT_3D ( 'NONE', #3526, #5257, #1709 ) ;
#4431 = CARTESIAN_POINT ( 'NONE',  ( 35.58500000000424279, 3.401644651194600133, 21.12748665268789594 ) ) ;
#4432 = AXIS2_PLACEMENT_3D ( 'NONE', #573, #1459, #2425 ) ;
#4433 = CARTESIAN_POINT ( 'NONE',  ( -6.092036909177693360, -35.58500000000145747, 20.67951872141299319 ) ) ;
#4434 = DIRECTION ( 'NONE',  ( -1.000000000000000000, -9.366757429680381217E-16, 0.000000000000000000 ) ) ;
#4435 = EDGE_CURVE ( 'NONE', #723, #2577, #2627, .T. ) ;
#4436 = FACE_OUTER_BOUND ( 'NONE', #815, .T. ) ;
#4437 = CARTESIAN_POINT ( 'NONE',  ( 35.58500000000424279, -3.386891796948949818, 20.75000000000000000 ) ) ;
#4438 = CALENDAR_DATE ( 2026, 29, 8 ) ;
#4439 = CARTESIAN_POINT ( 'NONE',  ( -6.370024200762921751, 38.36997326345630910, 26.38988076433052044 ) ) ;
#4440 = EDGE_CURVE ( 'NONE', #2067, #2969, #764, .T. ) ;
#4441 = DIRECTION ( 'NONE',  ( 0.000000000000000000, 0.000000000000000000, 1.000000000000000000 ) ) ;
#4442 = ORIENTED_EDGE ( 'NONE', *, *, #4187, .T. ) ;
#4443 = AXIS2_PLACEMENT_3D ( 'NONE', #2703, #2152, #2649 ) ;
#4444 = FACE_OUTER_BOUND ( 'NONE', #4060, .T. ) ;
#4445 = DIRECTION ( 'NONE',  ( 0.000000000000000000, 0.000000000000000000, 1.000000000000000000 ) ) ;
#4446 = DIRECTION ( 'NONE',  ( -1.000000000000000000, 0.000000000000000000, 0.000000000000000000 ) ) ;
#4447 = VERTEX_POINT ( 'NONE', #4549 ) ;
#4448 = ORIENTED_EDGE ( 'NONE', *, *, #273, .F. ) ;
#4449 = CIRCLE ( 'NONE', #1913, 5.000000000000000888 ) ;
#4450 = CARTESIAN_POINT ( 'NONE',  ( 58.79990711068128917, -0.3585035219581707011, 5.100000000000000533 ) ) ;
#4451 = CARTESIAN_POINT ( 'NONE',  ( -4.911128610114178450, -39.21237764554950900, 26.26133087101293384 ) ) ;
#4452 = DIRECTION ( 'NONE',  ( -1.000000000000000000, 0.000000000000000000, 0.000000000000000000 ) ) ;
#4453 = ORIENTED_EDGE ( 'NONE', *, *, #388, .T. ) ;
#4454 = DIRECTION ( 'NONE',  ( 0.000000000000000000, 0.000000000000000000, -1.000000000000000000 ) ) ;
#4455 = CARTESIAN_POINT ( 'NONE',  ( 35.58500000000424279, -3.370805018333095315, 19.08348030398610007 ) ) ;
#4456 = CARTESIAN_POINT ( 'NONE',  ( -6.369999999993000372, -41.58500000000149299, 26.75000000000000000 ) ) ;
#4457 = CARTESIAN_POINT ( 'NONE',  ( -33.33755376870127662, 7.114163637697891396, -26.36470295938274688 ) ) ;
#4458 = CARTESIAN_POINT ( 'NONE',  ( -40.77543378064719803, -5.903547014047710206, 29.71351507704914852 ) ) ;
#4459 = DIRECTION ( 'NONE',  ( 0.000000000000000000, 0.000000000000000000, -1.000000000000000000 ) ) ;
#4460 = CARTESIAN_POINT ( 'NONE',  ( -3.386891796945089794, -35.58500000000150010, 20.75000000000000000 ) ) ;
#4461 = CARTESIAN_POINT ( 'NONE',  ( -5.489327076795862403, -37.27482891462362602, 24.94815917564081786 ) ) ;
#4462 = CARTESIAN_POINT ( 'NONE',  ( 6.370000000254679939, 38.81793372241310180, 26.52378888771900023 ) ) ;
#4463 = CARTESIAN_POINT ( 'NONE',  ( -36.76763104986148534, -3.912398520561456206, 24.33181799056278294 ) ) ;
#4464 = DATE_TIME_ROLE ( 'classification_date' ) ;
#4465 = CARTESIAN_POINT ( 'NONE',  ( -6.369999993815255834, 36.91625570452731608, 25.78545671805444783 ) ) ;
#4466 = EDGE_CURVE ( 'NONE', #2983, #5720, #5258, .T. ) ;
#4467 = FACE_OUTER_BOUND ( 'NONE', #1683, .T. ) ;
#4468 = CARTESIAN_POINT ( 'NONE',  ( 33.88078986772809742, -6.369999999862539397, 22.99811133327339974 ) ) ;
#4469 = EDGE_CURVE ( 'NONE', #4418, #3511, #962, .T. ) ;
#4470 = ORIENTED_EDGE ( 'NONE', *, *, #4183, .F. ) ;
#4471 = AXIS2_PLACEMENT_3D ( 'NONE', #5290, #3560, #5345 ) ;
#4472 = DIRECTION ( 'NONE',  ( 0.000000000000000000, 0.000000000000000000, 1.000000000000000000 ) ) ;
#4473 = LINE ( 'NONE', #974, #2912 ) ;
#4474 = DIRECTION ( 'NONE',  ( -1.000000000000000000, 0.000000000000000000, 0.000000000000000000 ) ) ;
#4475 = EDGE_LOOP ( 'NONE', ( #709, #1663, #1567, #3360 ) ) ;
#4476 = EDGE_CURVE ( 'NONE', #3930, #4394, #3655, .T. ) ;
#4477 = DIRECTION ( 'NONE',  ( -5.446541525829849398E-16, 1.000000000000000000, 0.000000000000000000 ) ) ;
#4478 = CARTESIAN_POINT ( 'NONE',  ( -6.213682913127136942, 41.13373057025259527, 26.73769913457493530 ) ) ;
#4479 = CARTESIAN_POINT ( 'NONE',  ( -36.11451811790493593, -6.369977924633249522, 25.29742555385037051 ) ) ;
#4480 = DIRECTION ( 'NONE',  ( 0.000000000000000000, 0.000000000000000000, -1.000000000000000000 ) ) ;
#4481 = CARTESIAN_POINT ( 'NONE',  ( -50.00000000000000000, 41.50000000000000000, -26.75000000000000000 ) ) ;
#4482 = EDGE_CURVE ( 'NONE', #995, #5131, #1230, .T. ) ;
#4483 = CYLINDRICAL_SURFACE ( 'NONE', #3490, 10.50000000000000178 ) ;
#4484 = CARTESIAN_POINT ( 'NONE',  ( -34.26521301275064246, 7.989041907448187985, -26.75000000000000355 ) ) ;
#4485 = DIRECTION ( 'NONE',  ( 0.000000000000000000, 0.000000000000000000, 1.000000000000000000 ) ) ;
#4486 = CARTESIAN_POINT ( 'NONE',  ( 3.370805018351490379, -32.58500000000145036, -24.75000000000000000 ) ) ;
#4487 = EDGE_CURVE ( 'NONE', #1693, #3757, #3316, .T. ) ;
#4488 = FACE_OUTER_BOUND ( 'NONE', #2381, .T. ) ;
#4489 = CARTESIAN_POINT ( 'NONE',  ( -5.478883174350142049, -36.78399264249849665, 24.37759065404586067 ) ) ;
#4490 = CARTESIAN_POINT ( 'NONE',  ( 6.370000000000000107, 40.77543378064624591, 26.75000000000000000 ) ) ;
#4491 = CARTESIAN_POINT ( 'NONE',  ( -37.00513772243710520, -4.006640402564173087, 24.63089232494705172 ) ) ;
#4492 = CARTESIAN_POINT ( 'NONE',  ( -6.557193198352956998, 32.81606898772953684, -25.61104206100790748 ) ) ;
#4493 = CARTESIAN_POINT ( 'NONE',  ( 3.634090523936484907, -36.07730396454370236, 23.13765668347815208 ) ) ;
#4494 = CARTESIAN_POINT ( 'NONE',  ( -6.369993868033888340, 35.92650099599194391, 25.16293067690516239 ) ) ;
#4495 = DIRECTION ( 'NONE',  ( 0.000000000000000000, 0.000000000000000000, 1.000000000000000000 ) ) ;
#4496 = CARTESIAN_POINT ( 'NONE',  ( 36.86086500839169844, -6.369999999835170179, 25.76815908326719651 ) ) ;
#4497 = ORIENTED_EDGE ( 'NONE', *, *, #3443, .F. ) ;
#4498 = DIRECTION ( 'NONE',  ( 0.000000000000000000, 0.000000000000000000, 1.000000000000000000 ) ) ;
#4499 = FACE_OUTER_BOUND ( 'NONE', #3882, .T. ) ;
#4500 = DIRECTION ( 'NONE',  ( 0.000000000000000000, 0.000000000000000000, 1.000000000000000000 ) ) ;
#4501 = ORIENTED_EDGE ( 'NONE', *, *, #303, .F. ) ;
#4502 = CIRCLE ( 'NONE', #1973, 1.999999999999998224 ) ;
#4503 = AXIS2_PLACEMENT_3D ( 'NONE', #2707, #4882, #2680 ) ;
#4504 = FACE_BOUND ( 'NONE', #1646, .T. ) ;
#4505 = CARTESIAN_POINT ( 'NONE',  ( -41.31504705301230018, 6.369999999995749285, 26.75000000000000000 ) ) ;
#4506 = AXIS2_PLACEMENT_3D ( 'NONE', #4989, #2294, #5446 ) ;
#4507 = CARTESIAN_POINT ( 'NONE',  ( -34.10947078105997576, -6.369970381415786420, 23.31362810914320960 ) ) ;
#4508 = CARTESIAN_POINT ( 'NONE',  ( 35.58500000000424279, -6.369999999997229878, -24.75000000000000000 ) ) ;
#4509 = CARTESIAN_POINT ( 'NONE',  ( -37.50000000000000000, 4.592425496802579889E-15, -42.07920000000000016 ) ) ;
#4510 = ADVANCED_FACE ( 'NONE', ( #1053 ), #2923, .T. ) ;
#4511 = FACE_OUTER_BOUND ( 'NONE', #1460, .T. ) ;
#4512 = AXIS2_PLACEMENT_3D ( 'NONE', #529, #5483, #4121 ) ;
#4513 = CARTESIAN_POINT ( 'NONE',  ( -33.44613429689463402, 7.222771239252902653, -26.45044809710798361 ) ) ;
#4514 = DIRECTION ( 'NONE',  ( 6.505213034913019702E-16, -1.000000000000000000, 0.000000000000000000 ) ) ;
#4515 = DIRECTION ( 'NONE',  ( 0.000000000000000000, 0.000000000000000000, 1.000000000000000000 ) ) ;
#4516 = AXIS2_PLACEMENT_3D ( 'NONE', #796, #4377, #365 ) ;
#4517 = LOCAL_TIME ( 19, 49, 57.00000000000000000, #2443 ) ;
#4518 = CIRCLE ( 'NONE', #1523, 9.525000000000000355 ) ;
#4519 = CARTESIAN_POINT ( 'NONE',  ( 35.58500000000424279, 3.370805018347220017, 18.75000000000000000 ) ) ;
#4520 = CARTESIAN_POINT ( 'NONE',  ( -6.370000000073799740, -37.43558719850115324, 26.04233634654880092 ) ) ;
#4521 = CARTESIAN_POINT ( 'NONE',  ( 6.370000000196210266, 34.75834689509394337, 24.12179555331405112 ) ) ;
#4522 = DIRECTION ( 'NONE',  ( -1.000000000000000000, 0.000000000000000000, 0.000000000000000000 ) ) ;
#4523 = CARTESIAN_POINT ( 'NONE',  ( 0.3585035219581707011, 58.79990711068128917, 48.25000000000000000 ) ) ;
#4524 = CARTESIAN_POINT ( 'NONE',  ( 5.518419796281063938, -36.29788994329881291, 23.60260554851623027 ) ) ;
#4525 = EDGE_CURVE ( 'NONE', #2864, #2836, #3283, .T. ) ;
#4526 = CARTESIAN_POINT ( 'NONE',  ( -38.46545669670928191, -6.370049987273094239, 26.41829815044824770 ) ) ;
#4527 = CARTESIAN_POINT ( 'NONE',  ( 3.386891796952085087, 35.58500000000000085, 20.75000000000000000 ) ) ;
#4528 = CARTESIAN_POINT ( 'NONE',  ( 40.91146100686954412, -6.138674064772729366, 26.71358963244359330 ) ) ;
#4529 = ORIENTED_EDGE ( 'NONE', *, *, #3231, .T. ) ;
#4530 = DIRECTION ( 'NONE',  ( 0.000000000000000000, 0.000000000000000000, -1.000000000000000000 ) ) ;
#4531 = CARTESIAN_POINT ( 'NONE',  ( 32.65449433079665198, -6.369999999997229878, 18.75000000000000000 ) ) ;
#4532 = DIRECTION ( 'NONE',  ( -1.000000000000000000, 0.000000000000000000, 0.000000000000000000 ) ) ;
#4533 = ORIENTED_EDGE ( 'NONE', *, *, #1918, .F. ) ;
#4534 = CARTESIAN_POINT ( 'NONE',  ( -41.50000000000000000, -50.00000000000000000, -41.89999999999999858 ) ) ;
#4535 = VECTOR ( 'NONE', #3378, 1000.000000000000000 ) ;
#4536 = CARTESIAN_POINT ( 'NONE',  ( -5.151226259489191328, -39.74577241262095129, 26.46391515005357675 ) ) ;
#4537 = CARTESIAN_POINT ( 'NONE',  ( -35.80948082879574201, -6.369999830338745284, 25.07503383324119639 ) ) ;
#4538 = DIRECTION ( 'NONE',  ( 0.000000000000000000, 0.000000000000000000, 1.000000000000000000 ) ) ;
#4539 = CARTESIAN_POINT ( 'NONE',  ( 32.96527840131978593, -6.723188401477858456, -25.91436819257869573 ) ) ;
#4540 = FACE_OUTER_BOUND ( 'NONE', #861, .T. ) ;
#4541 = DIRECTION ( 'NONE',  ( 0.000000000000000000, -0.9996607535003935174, 0.02604568891439892203 ) ) ;
#4542 = DIRECTION ( 'NONE',  ( 0.000000000000000000, 1.000000000000000000, 0.000000000000000000 ) ) ;
#4543 = CARTESIAN_POINT ( 'NONE',  ( 34.44964732927729756, 6.369818228116068681, 23.76497593540670294 ) ) ;
#4544 = ADVANCED_FACE ( 'NONE', ( #3817 ), #4636, .T. ) ;
#4545 = CARTESIAN_POINT ( 'NONE',  ( -5.568025807418507611, -36.06042247735907580, 23.10848827329494171 ) ) ;
#4546 = CARTESIAN_POINT ( 'NONE',  ( -6.370000000019329534, -38.02191694328704585, 26.27692598701474935 ) ) ;
#4547 = EDGE_CURVE ( 'NONE', #624, #3019, #5502, .T. ) ;
#4548 = CARTESIAN_POINT ( 'NONE',  ( 5.608177709306739089, 38.45520708566323265, 25.87754706217623379 ) ) ;
#4549 = CARTESIAN_POINT ( 'NONE',  ( 8.053330544179450712, -34.33826971683615170, -26.75000000000000000 ) ) ;
#4550 = CARTESIAN_POINT ( 'NONE',  ( -6.666116478525349720, 32.91351058868924895, -25.82398116527091858 ) ) ;
#4551 = LINE ( 'NONE', #1348, #3474 ) ;
#4552 = ORIENTED_EDGE ( 'NONE', *, *, #4865, .F. ) ;
#4553 = CARTESIAN_POINT ( 'NONE',  ( 6.524829870135861576, -32.78758659508740436, -25.53509422622834535 ) ) ;
#4554 = CARTESIAN_POINT ( 'NONE',  ( 39.21431344851615108, -6.369999999900369581, 26.60993602499085142 ) ) ;
#4555 = ORIENTED_EDGE ( 'NONE', *, *, #766, .F. ) ;
#4556 = DIRECTION ( 'NONE',  ( 0.000000000000000000, 0.000000000000000000, -1.000000000000000000 ) ) ;
#4557 = DIRECTION ( 'NONE',  ( -1.000000000000000000, 0.000000000000000000, 0.000000000000000000 ) ) ;
#4558 = CARTESIAN_POINT ( 'NONE',  ( -36.42009448152409590, 3.773695274605744832, 23.80917560843109726 ) ) ;
#4559 = ORIENTED_EDGE ( 'NONE', *, *, #1614, .T. ) ;
#4560 = EDGE_CURVE ( 'NONE', #2083, #4420, #609, .T. ) ;
#4561 = CARTESIAN_POINT ( 'NONE',  ( 32.89326045844129709, -6.369999999997229878, 20.67227652433005147 ) ) ;
#4562 = PLANE ( 'NONE',  #761 ) ;
#4563 = CIRCLE ( 'NONE', #49, 5.000000000000000000 ) ;
#4564 = CARTESIAN_POINT ( 'NONE',  ( -3.417677574203854540, -35.58500000000150010, 21.53772686446180984 ) ) ;
#4565 = CARTESIAN_POINT ( 'NONE',  ( -39.40900152802557699, 4.997950617130171302, 26.34230547084239404 ) ) ;
#4566 = CARTESIAN_POINT ( 'NONE',  ( 0.000000000000000000, 0.000000000000000000, -34.72660000000000480 ) ) ;
#4567 = DIRECTION ( 'NONE',  ( 0.9063077870366496036, -0.4226182617407001074, 0.000000000000000000 ) ) ;
#4568 = CYLINDRICAL_SURFACE ( 'NONE', #1527, 3.000000000000002665 ) ;
#4569 = CARTESIAN_POINT ( 'NONE',  ( 34.19714210978974478, 6.369934340658605088, 23.43607084663375417 ) ) ;
#4570 = CC_DESIGN_DATE_AND_TIME_ASSIGNMENT ( #4410, #4464, ( #1993 ) ) ;
#4571 = CARTESIAN_POINT ( 'NONE',  ( -3.736275300543014932, -36.32716489140059934, 23.64665700931025327 ) ) ;
#4572 = CARTESIAN_POINT ( 'NONE',  ( -5.608177709299196678, -38.45520708566454715, 25.87754706217610945 ) ) ;
#4573 = CARTESIAN_POINT ( 'NONE',  ( 6.369999999803759749, 34.45114492800395567, 23.76796895712509894 ) ) ;
#4574 = CARTESIAN_POINT ( 'NONE',  ( -35.99335298405002703, -3.598772062567360042, 22.92768403123711352 ) ) ;
#4575 = VECTOR ( 'NONE', #4416, 1000.000000000000000 ) ;
#4576 = DIRECTION ( 'NONE',  ( 0.000000000000000000, 0.000000000000000000, -1.000000000000000000 ) ) ;
#4577 = CARTESIAN_POINT ( 'NONE',  ( 6.103803483900109406, -40.82503573059325674, 26.70391456698401456 ) ) ;
#4578 = CONICAL_SURFACE ( 'NONE', #2057, 25.50118145901929978, 0.7853981633974362886 ) ;
#4579 = CARTESIAN_POINT ( 'NONE',  ( 4.057111519523759036, -37.13249755700064725, 24.77634450282395306 ) ) ;
#4580 = ORIENTED_EDGE ( 'NONE', *, *, #2571, .T. ) ;
#4581 = LINE ( 'NONE', #3635, #938 ) ;
#4582 = CARTESIAN_POINT ( 'NONE',  ( 37.98639330361913835, -5.550584966300714740, 25.56066876211034256 ) ) ;
#4583 = VERTEX_POINT ( 'NONE', #198 ) ;
#4584 = FACE_OUTER_BOUND ( 'NONE', #1724, .T. ) ;
#4585 = DIRECTION ( 'NONE',  ( 0.000000000000000000, 0.000000000000000000, -1.000000000000000000 ) ) ;
#4586 = CARTESIAN_POINT ( 'NONE',  ( -34.45114492800485095, 6.369999999798900525, 23.76796895712329771 ) ) ;
#4587 = EDGE_LOOP ( 'NONE', ( #1081, #5394, #5647, #3113 ) ) ;
#4588 = CARTESIAN_POINT ( 'NONE',  ( 35.58500000000424279, -3.374767283359825232, 20.08371539900699787 ) ) ;
#4589 = CARTESIAN_POINT ( 'NONE',  ( 41.58107748233534551, -6.366603003315749909, 26.75000000000000000 ) ) ;
#4590 = CARTESIAN_POINT ( 'NONE',  ( -34.33826971683724594, -8.053330544174821526, -26.75000000000000000 ) ) ;
#4591 = CARTESIAN_POINT ( 'NONE',  ( -36.35390986753670717, 3.747103206458261226, 23.69472138068783451 ) ) ;
#4592 = CARTESIAN_POINT ( 'NONE',  ( 0.000000000000000000, 0.000000000000000000, -48.30079999999999529 ) ) ;
#4593 = CARTESIAN_POINT ( 'NONE',  ( 33.09498888294588426, -6.862797360597198804, -26.10550600071860572 ) ) ;
#4594 = CARTESIAN_POINT ( 'NONE',  ( -6.370000000000000107, 32.89326045844055102, 20.67227652432920237 ) ) ;
#4595 = CARTESIAN_POINT ( 'NONE',  ( -32.70002630971573154, 6.425174038821778844, -25.30100237430162835 ) ) ;
#4596 = CIRCLE ( 'NONE', #2538, 9.524999999999998579 ) ;
#4597 = VERTEX_POINT ( 'NONE', #637 ) ;
#4598 = CARTESIAN_POINT ( 'NONE',  ( -33.66570757490624288, 6.369931765163799220, 22.61207569206376178 ) ) ;
#4599 = AXIS2_PLACEMENT_3D ( 'NONE', #2222, #2192, #4091 ) ;
#4600 = CARTESIAN_POINT ( 'NONE',  ( 6.660118105793105592, 32.90792024814702188, -25.81273559026724129 ) ) ;
#4601 = CARTESIAN_POINT ( 'NONE',  ( -41.57715496681495182, 6.363206001966009495, 26.74999615346959914 ) ) ;
#4602 = CARTESIAN_POINT ( 'NONE',  ( 5.350792472502837072, 40.15356325984320307, 26.57686408936415390 ) ) ;
#4603 = CARTESIAN_POINT ( 'NONE',  ( 3.370805018344539938, 35.58500000000000085, -26.75000000000000000 ) ) ;
#4604 = CARTESIAN_POINT ( 'NONE',  ( 5.832443026321949553, -40.96267973622774861, 26.71821560258285189 ) ) ;
#4605 = AXIS2_PLACEMENT_3D ( 'NONE', #1895, #5487, #1923 ) ;
#4606 = CARTESIAN_POINT ( 'NONE',  ( 3.485563181857572967, -35.73650706825360146, 22.10372805934829543 ) ) ;
#4607 = VERTEX_POINT ( 'NONE', #2404 ) ;
#4608 = DIRECTION ( 'NONE',  ( -1.000000000000000000, 0.000000000000000000, 0.000000000000000000 ) ) ;
#4609 = AXIS2_PLACEMENT_3D ( 'NONE', #2661, #2193, #2747 ) ;
#4610 = DIRECTION ( 'NONE',  ( 0.000000000000000000, 0.000000000000000000, 1.000000000000000000 ) ) ;
#4611 = ORIENTED_EDGE ( 'NONE', *, *, #4303, .F. ) ;
#4612 = DIRECTION ( 'NONE',  ( -1.000000000000000000, -5.446541525829849398E-16, 0.000000000000000000 ) ) ;
#4613 = CARTESIAN_POINT ( 'NONE',  ( 36.95973054922477274, 6.369988721144180133, 25.80848929913345913 ) ) ;
#4614 = EDGE_CURVE ( 'NONE', #1517, #2567, #234, .T. ) ;
#4615 = CARTESIAN_POINT ( 'NONE',  ( -36.78399264249515710, 5.478883174353495811, 24.37759065404887338 ) ) ;
#4616 = ORIENTED_EDGE ( 'NONE', *, *, #3934, .T. ) ;
#4617 = CARTESIAN_POINT ( 'NONE',  ( 35.58500000000424279, -3.378215731338004790, 20.41700341931174734 ) ) ;
#4618 = DIRECTION ( 'NONE',  ( -1.000000000000000000, 0.000000000000000000, 0.000000000000000000 ) ) ;
#4619 = ADVANCED_FACE ( 'NONE', ( #4467 ), #50, .F. ) ;
#4620 = EDGE_CURVE ( 'NONE', #3839, #407, #5527, .T. ) ;
#4621 = CARTESIAN_POINT ( 'NONE',  ( -3.643737698366127375, -36.10056294791441900, 23.19071503662573974 ) ) ;
#4622 = DIRECTION ( 'NONE',  ( 0.000000000000000000, 0.000000000000000000, 1.000000000000000000 ) ) ;
#4623 = ORIENTED_EDGE ( 'NONE', *, *, #1103, .T. ) ;
#4624 = CARTESIAN_POINT ( 'NONE',  ( 32.68030684199518277, -6.400472847899123074, -25.10215636559170704 ) ) ;
#4625 = VERTEX_POINT ( 'NONE', #883 ) ;
#4626 = AXIS2_PLACEMENT_3D ( 'NONE', #4523, #4576, #932 ) ;
#4627 = CARTESIAN_POINT ( 'NONE',  ( -6.369999999803979129, 34.45114492800389883, 23.76796895712559632 ) ) ;
#4628 = CARTESIAN_POINT ( 'NONE',  ( 0.000000000000000000, 0.000000000000000000, -32.47660000000000480 ) ) ;
#4629 = ORIENTED_EDGE ( 'NONE', *, *, #4183, .T. ) ;
#4630 = AXIS2_PLACEMENT_3D ( 'NONE', #531, #4680, #4178 ) ;
#4631 = CARTESIAN_POINT ( 'NONE',  ( 35.38863082182339781, 6.370000178049659567, 24.75222993384342018 ) ) ;
#4632 = CARTESIAN_POINT ( 'NONE',  ( 6.941301945250025085, 33.16951099471209119, -26.19576061644971787 ) ) ;
#4633 = CIRCLE ( 'NONE', #2663, 33.27000000000000313 ) ;
#4634 = CARTESIAN_POINT ( 'NONE',  ( -41.58499999999725105, -2.264944293516195014E-14, 26.75000000000000000 ) ) ;
#4635 = DIRECTION ( 'NONE',  ( 0.000000000000000000, 0.000000000000000000, 1.000000000000000000 ) ) ;
#4636 = CYLINDRICAL_SURFACE ( 'NONE', #3943, 10.50000000000000178 ) ;
#4637 = CARTESIAN_POINT ( 'NONE',  ( -41.50000000000000000, -37.58500000000150010, -26.75000000000000000 ) ) ;
#4638 = CARTESIAN_POINT ( 'NONE',  ( 6.370000000087609138, -37.43558719850040006, 26.04233634654935159 ) ) ;
#4639 = CARTESIAN_POINT ( 'NONE',  ( 4.328096937072664296, -37.81482607564156240, 25.43207300613016741 ) ) ;
#4640 = EDGE_LOOP ( 'NONE', ( #5529, #3404 ) ) ;
#4641 = CARTESIAN_POINT ( 'NONE',  ( 35.58500000000421437, 6.092036909191187455, 20.67951872141381742 ) ) ;
#4642 = CARTESIAN_POINT ( 'NONE',  ( -6.072609891980890851, 41.24132100174844595, 26.74014897528940082 ) ) ;
#4643 = ORIENTED_EDGE ( 'NONE', *, *, #4379, .F. ) ;
#4644 = FACE_OUTER_BOUND ( 'NONE', #3367, .T. ) ;
#4645 = CARTESIAN_POINT ( 'NONE',  ( -38.81887157605765282, 4.741503266660210159, 26.07750731349469930 ) ) ;
#4646 = EDGE_CURVE ( 'NONE', #222, #3858, #4581, .T. ) ;
#4647 = EDGE_LOOP ( 'NONE', ( #1135, #4470, #653, #3311 ) ) ;
#4648 = EDGE_CURVE ( 'NONE', #2415, #1675, #2255, .T. ) ;
#4649 = CARTESIAN_POINT ( 'NONE',  ( 35.77906949618697752, -6.369999913302780037, 25.05173465877192740 ) ) ;
#4650 = CARTESIAN_POINT ( 'NONE',  ( -8.274078149565912810, 62.82534605376145720, 26.75000000000000000 ) ) ;
#4651 = CARTESIAN_POINT ( 'NONE',  ( -4.572688387150380507, -38.41669966465384789, 25.85860959945975424 ) ) ;
#4652 = CARTESIAN_POINT ( 'NONE',  ( 41.04528918709814889, 5.903547014046730546, 26.72567671803220080 ) ) ;
#4653 = CARTESIAN_POINT ( 'NONE',  ( 6.057765550936220045, -41.22446196582975375, 26.74185923436035139 ) ) ;
#4654 = EDGE_LOOP ( 'NONE', ( #292, #3843 ) ) ;
#4655 = CARTESIAN_POINT ( 'NONE',  ( 32.84428497649840750, -6.589126432966441627, -25.68104135449071990 ) ) ;
#4656 = EDGE_CURVE ( 'NONE', #2121, #838, #4142, .T. ) ;
#4657 = ADVANCED_FACE ( 'NONE', ( #5416 ), #2788, .T. ) ;
#4658 = CIRCLE ( 'NONE', #851, 3.000000000000000000 ) ;
#4659 = ORIENTED_EDGE ( 'NONE', *, *, #273, .T. ) ;
#4660 = CARTESIAN_POINT ( 'NONE',  ( -3.773695274608594996, 36.42009448152600015, 23.80917560842975078 ) ) ;
#4661 = CARTESIAN_POINT ( 'NONE',  ( -41.75000000000000000, 5.112900386440199535E-15, -48.30079999999999529 ) ) ;
#4662 = VERTEX_POINT ( 'NONE', #3665 ) ;
#4663 = ORIENTED_EDGE ( 'NONE', *, *, #4837, .T. ) ;
#4664 = LINE ( 'NONE', #1960, #718 ) ;
#4665 = CARTESIAN_POINT ( 'NONE',  ( 6.400472847905596119, 32.68030684199474223, -25.10215636561239094 ) ) ;
#4666 = DIRECTION ( 'NONE',  ( 0.000000000000000000, -1.000000000000000000, 0.000000000000000000 ) ) ;
#4667 = CARTESIAN_POINT ( 'NONE',  ( 0.000000000000000000, 0.000000000000000000, -34.72660000000000480 ) ) ;
#4668 = CARTESIAN_POINT ( 'NONE',  ( -35.58499999999612129, 6.207242184579083499, 20.05572867702212037 ) ) ;
#4669 = CARTESIAN_POINT ( 'NONE',  ( 6.369999999909599531, -39.21431344851429657, 26.60993602499059918 ) ) ;
#4670 = CARTESIAN_POINT ( 'NONE',  ( -3.386891796952119726, 35.58500000000000085, 20.75000000000000000 ) ) ;
#4671 = EDGE_CURVE ( 'NONE', #1168, #2469, #2545, .T. ) ;
#4672 = ORIENTED_EDGE ( 'NONE', *, *, #5656, .F. ) ;
#4673 = CARTESIAN_POINT ( 'NONE',  ( 35.58500000000424279, 3.374767283365105008, 20.08371539900695169 ) ) ;
#4674 = CARTESIAN_POINT ( 'NONE',  ( 32.58500000000420016, 3.370805018347220017, -24.75000000000000000 ) ) ;
#4675 = ORIENTED_EDGE ( 'NONE', *, *, #3996, .T. ) ;
#4676 = CARTESIAN_POINT ( 'NONE',  ( -40.61505763568824534, 5.602407360469559450, 26.67175273582810036 ) ) ;
#4677 = EDGE_LOOP ( 'NONE', ( #4110, #5618, #3455, #5116 ) ) ;
#4678 = CARTESIAN_POINT ( 'NONE',  ( 36.90693365871739218, -6.369999963572328561, 25.78047849051553442 ) ) ;
#4679 = DIRECTION ( 'NONE',  ( 0.000000000000000000, 0.000000000000000000, 1.000000000000000000 ) ) ;
#4680 = DIRECTION ( 'NONE',  ( 1.000000000000000000, 4.336808689942015271E-16, 0.000000000000000000 ) ) ;
#4681 = CARTESIAN_POINT ( 'NONE',  ( -3.370805018344575021, 32.58500000000000085, -24.75000000000000000 ) ) ;
#4682 = CARTESIAN_POINT ( 'NONE',  ( -35.58499999999724395, -6.092036909187735105, 20.67951872141184566 ) ) ;
#4683 = EDGE_LOOP ( 'NONE', ( #2239, #4145, #1612, #141 ) ) ;
#4684 = DIRECTION ( 'NONE',  ( 0.000000000000000000, 0.000000000000000000, 1.000000000000000000 ) ) ;
#4685 = CARTESIAN_POINT ( 'NONE',  ( 6.366603003325530530, -41.58107748233255307, 26.75000000000000000 ) ) ;
#4686 = VERTEX_POINT ( 'NONE', #2761 ) ;
#4687 = VERTEX_POINT ( 'NONE', #936 ) ;
#4688 = EDGE_CURVE ( 'NONE', #2763, #5095, #1910, .T. ) ;
#4689 = CARTESIAN_POINT ( 'NONE',  ( 0.000000000000000000, 0.000000000000000000, -32.47660000000000480 ) ) ;
#4690 = EDGE_CURVE ( 'NONE', #817, #4239, #463, .T. ) ;
#4691 = AXIS2_PLACEMENT_3D ( 'NONE', #5592, #4809, #5619 ) ;
#4692 = CARTESIAN_POINT ( 'NONE',  ( 6.384567555507253189, 32.66684598959421493, -24.99602526865792385 ) ) ;
#4693 = CARTESIAN_POINT ( 'NONE',  ( 37.13249755705560062, 4.057111519537898836, 24.77634450287809287 ) ) ;
#4694 = AXIS2_PLACEMENT_3D ( 'NONE', #3533, #2542, #5312 ) ;
#4695 = CARTESIAN_POINT ( 'NONE',  ( 6.281802516823144167, 35.58499999999999375, 19.40896185967609711 ) ) ;
#4696 = CARTESIAN_POINT ( 'NONE',  ( 4.911128610150843343, 39.21237764562358308, 26.26133087104578578 ) ) ;
#4697 = LINE ( 'NONE', #736, #5281 ) ;
#4698 = CARTESIAN_POINT ( 'NONE',  ( 6.370000000055700440, -39.80723392607670519, 26.69508090187224880 ) ) ;
#4699 = TOROIDAL_SURFACE ( 'NONE', #4969, 8.500000000000000000, 2.000000000000000000 ) ;
#4700 = CARTESIAN_POINT ( 'NONE',  ( 4.722982776800609628, -38.77464472280981767, 26.05245766251293205 ) ) ;
#4701 = ORIENTED_EDGE ( 'NONE', *, *, #965, .F. ) ;
#4702 = CARTESIAN_POINT ( 'NONE',  ( 35.58500000000424279, 3.378215731344430317, 20.41700341931170115 ) ) ;
#4703 = CARTESIAN_POINT ( 'NONE',  ( 0.3585035219581707011, 58.79990711068128917, 26.75000000000000000 ) ) ;
#4704 = AXIS2_PLACEMENT_3D ( 'NONE', #376, #4798, #2647 ) ;
#4705 = ORIENTED_EDGE ( 'NONE', *, *, #2550, .F. ) ;
#4706 = EDGE_CURVE ( 'NONE', #3919, #4447, #3727, .T. ) ;
#4707 = DIRECTION ( 'NONE',  ( 1.000000000000000000, 0.000000000000000000, 0.000000000000000000 ) ) ;
#4708 = ORIENTED_EDGE ( 'NONE', *, *, #2970, .F. ) ;
#4709 = AXIS2_PLACEMENT_3D ( 'NONE', #3575, #2312, #4897 ) ;
#4710 = LOCAL_TIME ( 19, 49, 57.00000000000000000, #3553 ) ;
#4711 = FACE_OUTER_BOUND ( 'NONE', #4085, .T. ) ;
#4712 = AXIS2_PLACEMENT_3D ( 'NONE', #3103, #4870, #875 ) ;
#4713 = CARTESIAN_POINT ( 'NONE',  ( 33.56850106070359629, 7.343235171046906373, -26.53242648411482207 ) ) ;
#4714 = B_SPLINE_CURVE_WITH_KNOTS ( 'NONE', 3,
 ( #1568, #3323, #3354, #2881 ),
 .UNSPECIFIED., .F., .F.,
 ( 4, 4 ),
 ( 0.000000000000000000, 0.002000064695065130200 ),
 .UNSPECIFIED. ) ;
#4715 = AXIS2_PLACEMENT_3D ( 'NONE', #602, #2803, #4251 ) ;
#4716 = CARTESIAN_POINT ( 'NONE',  ( 6.370000000319405942, -38.14915503008714381, 26.31822534732116381 ) ) ;
#4717 = CARTESIAN_POINT ( 'NONE',  ( 40.55461482426903785, 6.018802013294936692, 26.66347199710222071 ) ) ;
#4718 = CARTESIAN_POINT ( 'NONE',  ( -35.86854469885500407, -3.546150813975144533, 22.61134870958209930 ) ) ;
#4719 = ORIENTED_EDGE ( 'NONE', *, *, #5415, .T. ) ;
#4720 = ORIENTED_EDGE ( 'NONE', *, *, #80, .T. ) ;
#4721 = CARTESIAN_POINT ( 'NONE',  ( -5.105302807604419790, 39.65646864762915413, 26.44298560546305055 ) ) ;
#4722 = FACE_OUTER_BOUND ( 'NONE', #5353, .T. ) ;
#4723 = EDGE_LOOP ( 'NONE', ( #5066, #3329, #283, #4236 ) ) ;
#4724 = VERTEX_POINT ( 'NONE', #5543 ) ;
#4725 = CARTESIAN_POINT ( 'NONE',  ( -36.91887349842779287, 6.369999999925350487, 25.78685244768309559 ) ) ;
#4726 = CARTESIAN_POINT ( 'NONE',  ( 6.406954248749872960, 32.68580977554319844, -25.13752845723471196 ) ) ;
#4727 = CARTESIAN_POINT ( 'NONE',  ( 39.04475538307258375, 4.838418979387570040, 26.18574385392591708 ) ) ;
#4728 =( BOUNDED_SURFACE ( )  B_SPLINE_SURFACE ( 3, 2, ( 
 ( #2682, #5774, #5680 ),
 ( #30, #4478, #474 ),
 ( #3117, #2708, #4916 ),
 ( #4005, #3879, #3465 ) ),
 .UNSPECIFIED., .F., .F., .T. ) 
 B_SPLINE_SURFACE_WITH_KNOTS ( ( 4, 4 ),
 ( 3, 3 ),
 ( 0.01245777672655764071, 0.01339178868914856109 ),
 ( 0.000000000000000000, 1.000000000000000000 ),
 .UNSPECIFIED. ) 
 GEOMETRIC_REPRESENTATION_ITEM ( )  RATIONAL_B_SPLINE_SURFACE ( (
 ( 1.000000000000000000, 0.9959502448730729318, 1.000000000000000000),
 ( 1.000000000000000000, 0.9986434496490320667, 1.000000000000000000),
 ( 1.000000000000000000, 1.000002076451227850, 1.000000000000000000),
 ( 1.000000000000000000, 1.000000000000000000, 1.000000000000000000) ) ) 
 REPRESENTATION_ITEM ( '' )  SURFACE ( )  );
#4729 = CARTESIAN_POINT ( 'NONE',  ( 3.370805018336009873, 35.58500000000000085, 19.08348030398610007 ) ) ;
#4730 = CARTESIAN_POINT ( 'NONE',  ( -32.75709115666119686, 6.370000000024769626, 20.05646898451539784 ) ) ;
#4731 = AXIS2_PLACEMENT_3D ( 'NONE', #2270, #5288, #3061 ) ;
#4732 = AXIS2_PLACEMENT_3D ( 'NONE', #226, #3813, #3844 ) ;
#4733 = DIRECTION ( 'NONE',  ( -1.000000000000000000, 0.000000000000000000, 0.000000000000000000 ) ) ;
#4734 = CARTESIAN_POINT ( 'NONE',  ( 6.369926565071327040, 35.40592848925205516, 24.74759602256814972 ) ) ;
#4735 = CARTESIAN_POINT ( 'NONE',  ( -5.300321325593740696, 40.05298536186960945, 26.55111516732360499 ) ) ;
#4736 = ORIENTED_EDGE ( 'NONE', *, *, #5583, .F. ) ;
#4737 = ADVANCED_FACE ( 'NONE', ( #4232 ), #4699, .T. ) ;
#4738 = AXIS2_PLACEMENT_3D ( 'NONE', #4221, #3749, #4191 ) ;
#4739 = EDGE_CURVE ( 'NONE', #4188, #1255, #4034, .T. ) ;
#4740 = DIRECTION ( 'NONE',  ( 0.000000000000000000, 0.000000000000000000, -1.000000000000000000 ) ) ;
#4741 = CYLINDRICAL_SURFACE ( 'NONE', #4144, 33.27000000000000313 ) ;
#4742 = CARTESIAN_POINT ( 'NONE',  ( 0.000000000000000000, 0.000000000000000000, 0.000000000000000000 ) ) ;
#4743 = CARTESIAN_POINT ( 'NONE',  ( 0.000000000000000000, 0.000000000000000000, -26.75000000000000000 ) ) ;
#4744 = VERTEX_POINT ( 'NONE', #1148 ) ;
#4745 = CARTESIAN_POINT ( 'NONE',  ( 36.39266103305948974, -6.369971295858472438, 25.48162000308965602 ) ) ;
#4746 = CARTESIAN_POINT ( 'NONE',  ( 33.68317503120668732, 7.453805035947842939, -26.59547429807864560 ) ) ;
#4747 = CARTESIAN_POINT ( 'NONE',  ( 6.369998677358681860, -36.92876712395018757, 25.79211885165510054 ) ) ;
#4748 = CARTESIAN_POINT ( 'NONE',  ( 37.27482891462925352, 5.489327076807023253, 24.94815917563865071 ) ) ;
#4749 = CARTESIAN_POINT ( 'NONE',  ( -39.21431344851599476, -6.369999999906760024, 26.60993602499070221 ) ) ;
#4750 = VERTEX_POINT ( 'NONE', #5475 ) ;
#4751 = EDGE_CURVE ( 'NONE', #1671, #4028, #1538, .T. ) ;
#4752 = VERTEX_POINT ( 'NONE', #5081 ) ;
#4753 = CARTESIAN_POINT ( 'NONE',  ( -32.73296161925433267, 6.369999999995680007, 20.03651244881867655 ) ) ;
#4754 = PLANE ( 'NONE',  #3022 ) ;
#4755 = ORIENTED_EDGE ( 'NONE', *, *, #2213, .F. ) ;
#4756 = EDGE_LOOP ( 'NONE', ( #3274, #2005, #2953, #126 ) ) ;
#4757 = CARTESIAN_POINT ( 'NONE',  ( -36.39266105434371923, 6.369971295872153050, 25.48162001655840214 ) ) ;
#4758 = DIRECTION ( 'NONE',  ( 0.000000000000000000, 0.000000000000000000, 1.000000000000000000 ) ) ;
#4759 = DIRECTION ( 'NONE',  ( 0.7071067811865391350, 0.000000000000000000, 0.7071067811865560104 ) ) ;
#4760 = DIRECTION ( 'NONE',  ( 0.000000000000000000, 0.000000000000000000, 1.000000000000000000 ) ) ;
#4761 = CARTESIAN_POINT ( 'NONE',  ( 4.162481468098736315, 37.39777154131873971, 25.05162359110674331 ) ) ;
#4762 = CIRCLE ( 'NONE', #1940, 5.461000000000000298 ) ;
#4763 = CARTESIAN_POINT ( 'NONE',  ( -6.421108230624335889, 32.69787889180896201, -25.20507300220362623 ) ) ;
#4764 = CARTESIAN_POINT ( 'NONE',  ( 6.369999986509436773, 36.91223414573239836, 25.78331042398583506 ) ) ;
#4765 = CARTESIAN_POINT ( 'NONE',  ( 36.44950371276328127, -3.785535330315425551, 23.85849648129838840 ) ) ;
#4766 = ORIENTED_EDGE ( 'NONE', *, *, #5161, .T. ) ;
#4767 = CARTESIAN_POINT ( 'NONE',  ( -7.050083203655586495, -33.27466763845603026, -26.30621124040178316 ) ) ;
#4768 = CARTESIAN_POINT ( 'NONE',  ( -67.43248878220548193, 4.383942465038381364, 5.100000000000000533 ) ) ;
#4769 = CARTESIAN_POINT ( 'NONE',  ( -6.366603003311530173, -41.58107748233255307, 26.75000000000000000 ) ) ;
#4770 = CARTESIAN_POINT ( 'NONE',  ( -6.370108031283490568, 38.65472192546538110, 26.47219502293913251 ) ) ;
#4771 = ORIENTED_EDGE ( 'NONE', *, *, #4213, .F. ) ;
#4772 = CARTESIAN_POINT ( 'NONE',  ( 35.78689124085036610, -6.369999997888509569, 25.05774736536498537 ) ) ;
#4773 = CARTESIAN_POINT ( 'NONE',  ( 33.46158804443300738, 7.238154015465842583, -26.46211795857847804 ) ) ;
#4774 = CARTESIAN_POINT ( 'NONE',  ( -33.20072888418167878, -6.973656193809324222, -26.23029215786387880 ) ) ;
#4775 = LINE ( 'NONE', #2574, #3389 ) ;
#4776 = CARTESIAN_POINT ( 'NONE',  ( -36.78399264249495815, -5.478883174357433106, 24.37759065404765479 ) ) ;
#4777 = EDGE_LOOP ( 'NONE', ( #2078, #1558, #5594 ) ) ;
#4778 = EDGE_LOOP ( 'NONE', ( #4830, #4341, #1773, #2478 ) ) ;
#4779 = EDGE_LOOP ( 'NONE', ( #5513, #2910, #740, #3782 ) ) ;
#4780 = CARTESIAN_POINT ( 'NONE',  ( -5.655620126623209565, 40.70301548335870478, 26.68546709506144765 ) ) ;
#4781 = EDGE_CURVE ( 'NONE', #538, #5261, #660, .T. ) ;
#4782 = VERTEX_POINT ( 'NONE', #678 ) ;
#4783 = CARTESIAN_POINT ( 'NONE',  ( -38.06652037011066625, 6.369996921396042566, 26.28987092879429355 ) ) ;
#4784 = CARTESIAN_POINT ( 'NONE',  ( 7.384845270031811459, 33.61069569559755621, -26.56167989222005943 ) ) ;
#4785 = CARTESIAN_POINT ( 'NONE',  ( 3.370805018344539938, 35.58500000000000085, 18.75000000000000000 ) ) ;
#4786 = DIRECTION ( 'NONE',  ( -1.000000000000000000, 0.000000000000000000, 0.000000000000000000 ) ) ;
#4787 = CARTESIAN_POINT ( 'NONE',  ( -41.58499999999725105, 6.369999999995749285, 26.75000000000000000 ) ) ;
#4788 = CARTESIAN_POINT ( 'NONE',  ( 6.369999997892596966, 35.78689124054052684, 25.05774736512793055 ) ) ;
#4789 = B_SPLINE_CURVE_WITH_KNOTS ( 'NONE', 3,
 ( #1452, #4589, #3201, #4177, #530, #2329, #4122, #5057, #2797, #593 ),
 .UNSPECIFIED., .F., .F.,
 ( 4, 3, 3, 4 ),
 ( -1.556700298231385049E-05, 0.000000000000000000, 0.0004390277440794610603, 0.0006982593775306150706 ),
 .UNSPECIFIED. ) ;
#4790 = CARTESIAN_POINT ( 'NONE',  ( -5.236526647600228124, 39.92311326345034672, 26.51550027132762466 ) ) ;
#4791 = ORIENTED_EDGE ( 'NONE', *, *, #3437, .T. ) ;
#4792 = TOROIDAL_SURFACE ( 'NONE', #5164, 8.500000000000000000, 2.000000000000000000 ) ;
#4793 = CARTESIAN_POINT ( 'NONE',  ( -6.550105786396194674, -32.80978859874549869, -25.59493229897561761 ) ) ;
#4794 = CARTESIAN_POINT ( 'NONE',  ( 3.401644651194184910, 35.58500000000000085, 21.12748665268794923 ) ) ;
#4795 = VECTOR ( 'NONE', #4137, 1000.000000000000000 ) ;
#4796 = DIRECTION ( 'NONE',  ( -1.000000000000000000, 0.000000000000000000, 0.000000000000000000 ) ) ;
#4797 = ORIENTED_EDGE ( 'NONE', *, *, #4908, .T. ) ;
#4798 = DIRECTION ( 'NONE',  ( 0.000000000000000000, 0.000000000000000000, -1.000000000000000000 ) ) ;
#4799 = CARTESIAN_POINT ( 'NONE',  ( -41.04528918709725360, -5.903547014047710206, 26.72567671803274791 ) ) ;
#4800 = CARTESIAN_POINT ( 'NONE',  ( 6.370108031321904285, -38.65472192832800147, 26.47219502371764932 ) ) ;
#4801 = CARTESIAN_POINT ( 'NONE',  ( 41.58500000000424279, -6.369999999997220108, 26.75000000000000000 ) ) ;
#4802 = CARTESIAN_POINT ( 'NONE',  ( -35.60577517269086911, -5.889510143164028655, 21.37782218919762656 ) ) ;
#4803 = ORIENTED_EDGE ( 'NONE', *, *, #5048, .T. ) ;
#4804 = AXIS2_PLACEMENT_3D ( 'NONE', #317, #1259, #2114 ) ;
#4805 = VERTEX_POINT ( 'NONE', #2852 ) ;
#4806 = CIRCLE ( 'NONE', #4712, 3.000000000000001332 ) ;
#4807 = ORIENTED_EDGE ( 'NONE', *, *, #2386, .T. ) ;
#4808 = EDGE_CURVE ( 'NONE', #5696, #3930, #4714, .T. ) ;
#4809 = DIRECTION ( 'NONE',  ( 0.000000000000000000, 0.000000000000000000, -1.000000000000000000 ) ) ;
#4810 = AXIS2_PLACEMENT_3D ( 'NONE', #5406, #3626, #869 ) ;
#4811 = ORIENTED_EDGE ( 'NONE', *, *, #145, .F. ) ;
#4812 = CARTESIAN_POINT ( 'NONE',  ( -40.03850765786998522, 6.370302134985100118, 26.72900027106496168 ) ) ;
#4813 = CARTESIAN_POINT ( 'NONE',  ( 0.000000000000000000, 0.000000000000000000, 26.75000000000000000 ) ) ;
#4814 = FACE_OUTER_BOUND ( 'NONE', #377, .T. ) ;
#4815 = CARTESIAN_POINT ( 'NONE',  ( -6.369999986501182043, -36.91223414540734638, 25.78331042381148563 ) ) ;
#4816 = CARTESIAN_POINT ( 'NONE',  ( -5.303858617560488042, -40.06009971478711407, 26.55298932686747548 ) ) ;
#4817 = CARTESIAN_POINT ( 'NONE',  ( 41.28399214237990122, -40.07671307857690124, -26.75000000000000000 ) ) ;
#4818 = CARTESIAN_POINT ( 'NONE',  ( 40.07159876931311260, -5.309587560083205204, 26.55599944209806651 ) ) ;
#4819 = ORIENTED_EDGE ( 'NONE', *, *, #2519, .F. ) ;
#4820 = CARTESIAN_POINT ( 'NONE',  ( -7.908736592946783439, -34.17533477395400610, -26.74473882041584005 ) ) ;
#4821 = TOROIDAL_SURFACE ( 'NONE', #315, 5.000000000000000000, 2.000000000000000000 ) ;
#4822 = CARTESIAN_POINT ( 'NONE',  ( 6.369999999864850437, 33.88078986772839585, 22.99811133327264656 ) ) ;
#4823 = CYLINDRICAL_SURFACE ( 'NONE', #404, 2.000000000000001776 ) ;
#4824 = VERTEX_POINT ( 'NONE', #5144 ) ;
#4825 = LINE ( 'NONE', #5263, #3486 ) ;
#4826 = ADVANCED_FACE ( 'NONE', ( #1119 ), #94, .T. ) ;
#4827 = DIRECTION ( 'NONE',  ( 0.000000000000000000, 0.000000000000000000, 1.000000000000000000 ) ) ;
#4828 = CARTESIAN_POINT ( 'NONE',  ( -50.00000000000000000, -41.50000000000000000, -28.75000000000000000 ) ) ;
#4829 = CARTESIAN_POINT ( 'NONE',  ( -33.02234269659344790, -6.369999999842649530, 21.18423187738464719 ) ) ;
#4830 = ORIENTED_EDGE ( 'NONE', *, *, #4739, .T. ) ;
#4831 = ORIENTED_EDGE ( 'NONE', *, *, #4476, .T. ) ;
#4832 = CC_DESIGN_PERSON_AND_ORGANIZATION_ASSIGNMENT ( #1738, #403, ( #3296 ) ) ;
#4833 = EDGE_CURVE ( 'NONE', #4824, #3292, #2066, .T. ) ;
#4834 = ORIENTED_EDGE ( 'NONE', *, *, #353, .T. ) ;
#4835 = CARTESIAN_POINT ( 'NONE',  ( -3.984032293519054857, 36.94834784636495328, 24.57658721908395094 ) ) ;
#4836 = EDGE_CURVE ( 'NONE', #5720, #4346, #1707, .T. ) ;
#4837 = EDGE_CURVE ( 'NONE', #5146, #2318, #3499, .T. ) ;
#4838 = VERTEX_POINT ( 'NONE', #4357 ) ;
#4839 = DIRECTION ( 'NONE',  ( -1.000000000000000000, 0.000000000000000000, 0.000000000000000000 ) ) ;
#4840 = DIRECTION ( 'NONE',  ( 0.000000000000000000, 0.000000000000000000, -1.000000000000000000 ) ) ;
#4841 = CARTESIAN_POINT ( 'NONE',  ( 39.66196504629168373, 5.112913288921155264, 26.43417387857269674 ) ) ;
#4842 = CARTESIAN_POINT ( 'NONE',  ( -6.369999996926194896, -36.91577027819246837, 25.78519802941690742 ) ) ;
#4843 = CARTESIAN_POINT ( 'NONE',  ( 6.369971295875002326, 36.39266104885620479, 25.48162001308657665 ) ) ;
#4844 = CARTESIAN_POINT ( 'NONE',  ( -4.782653322242536476, 38.91484778034767089, 26.12343447320206735 ) ) ;
#4845 = DIRECTION ( 'NONE',  ( 0.000000000000000000, 0.000000000000000000, -1.000000000000000000 ) ) ;
#4846 = VECTOR ( 'NONE', #2209, 1000.000000000000000 ) ;
#4847 = CARTESIAN_POINT ( 'NONE',  ( -6.207242184587447476, 35.58500000000002217, 20.05572867702311513 ) ) ;
#4848 = DIRECTION ( 'NONE',  ( -1.000000000000000000, -8.673617379884038430E-16, 0.000000000000000000 ) ) ;
#4849 = DIRECTION ( 'NONE',  ( 0.000000000000000000, 0.000000000000000000, -1.000000000000000000 ) ) ;
#4850 = ORIENTED_EDGE ( 'NONE', *, *, #327, .F. ) ;
#4851 = CARTESIAN_POINT ( 'NONE',  ( 6.369934340616794977, -34.19714210966630930, 23.43607084645417515 ) ) ;
#4852 = LINE ( 'NONE', #811, #2351 ) ;
#4853 = CARTESIAN_POINT ( 'NONE',  ( -35.58499999999724395, 3.386891796948224620, 20.75000000000000000 ) ) ;
#4854 = ORIENTED_EDGE ( 'NONE', *, *, #2829, .F. ) ;
#4855 = VERTEX_POINT ( 'NONE', #775 ) ;
#4856 = VERTEX_POINT ( 'NONE', #3909 ) ;
#4857 = DIRECTION ( 'NONE',  ( 1.000000000000000000, 0.000000000000000000, 0.000000000000000000 ) ) ;
#4858 = VECTOR ( 'NONE', #5744, 1000.000000000000000 ) ;
#4859 = CARTESIAN_POINT ( 'NONE',  ( -38.17200131889517678, -6.370000424146221363, 26.32591366261881305 ) ) ;
#4860 = EDGE_LOOP ( 'NONE', ( #1024, #5524, #5190, #3241 ) ) ;
#4861 = DIRECTION ( 'NONE',  ( 6.505213034913019702E-16, -1.000000000000000000, 0.000000000000000000 ) ) ;
#4862 = CARTESIAN_POINT ( 'NONE',  ( -82.65000000000000568, 0.000000000000000000, 48.25000000000000000 ) ) ;
#4863 = CARTESIAN_POINT ( 'NONE',  ( -50.00000000000000000, -41.50000000000000000, -28.75000000000000000 ) ) ;
#4864 = CARTESIAN_POINT ( 'NONE',  ( 0.000000000000000000, 0.000000000000000000, -40.57920000000000016 ) ) ;
#4865 = EDGE_CURVE ( 'NONE', #1004, #3353, #3033, .T. ) ;
#4866 = LINE ( 'NONE', #1283, #2170 ) ;
#4867 = FACE_BOUND ( 'NONE', #1694, .T. ) ;
#4868 = B_SPLINE_CURVE_WITH_KNOTS ( 'NONE', 3,
 ( #3886, #3857, #5636, #1638, #5205, #2975, #4770, #853, #4439, #19, #2596, #5339, #5791, #5739, #4903, #908, #4056, #5284, #4411, #3106, #1318, #2699, #2645, #4021, #1797, #2263, #880, #4465, #1828, #3134, #351, #1714, #1739, #373, #4494, #2672, #3583, #432, #5365, #2236, #1352, #4933, #460, #3528, #3555, #405, #3610, #1766, #2149, #5391, #3502, #1379, #3159, #807, #4388, #5307 ),
 .UNSPECIFIED., .F., .F.,
 ( 4, 2, 2, 2, 1, 1, 1, 1, 2, 2, 2, 2, 2, 1, 1, 1, 1, 2, 2, 2, 2, 1, 1, 1, 2, 2, 2, 2, 2, 1, 1, 1, 2, 2, 4 ),
 ( 0.000000000000000000, 0.1249999999991938671, 0.1874999999987908006, 0.2187499999985892674, 0.2343749999984892918, 0.2421874999984394428, 0.2460937499984151566, 0.2480468749984036381, 0.2490234374983980037, 0.2499999999983923415, 0.3124999999980854204, 0.3437499999979321541, 0.3593749999978555487, 0.3671874999978172460, 0.3710937499977987053, 0.3730468749977875476, 0.3740234374977819409, 0.3745117187477828291, 0.3749999999977836618, 0.4374999999980399013, 0.4687499999981685206, 0.4843749999982325805, 0.4921874999982642773, 0.4960937499982795429, 0.4980468749982866483, 0.4999999999982936982, 0.6249999999987306820, 0.6874999999989490629, 0.7187499999990587529, 0.7343749999991142641, 0.7421874999991409094, 0.7460937499991531219, 0.7480468749991596722, 0.7499999999991663335, 1.000000000000000000 ),
 .UNSPECIFIED. ) ;
#4869 = CARTESIAN_POINT ( 'NONE',  ( 3.369524627573984965, -35.58500000000145036, 20.08342989349679897 ) ) ;
#4870 = DIRECTION ( 'NONE',  ( 0.02604568891412248691, 1.506068933577224356E-17, 0.9996607535004006229 ) ) ;
#4871 = DIRECTION ( 'NONE',  ( 0.000000000000000000, 0.000000000000000000, 1.000000000000000000 ) ) ;
#4872 = CARTESIAN_POINT ( 'NONE',  ( -40.43329962546231116, -6.370000000004325535, 26.75000000000000355 ) ) ;
#4873 = CARTESIAN_POINT ( 'NONE',  ( 41.50000000000000000, -41.50000000000000000, -39.89999999999999858 ) ) ;
#4874 = AXIS2_PLACEMENT_3D ( 'NONE', #2214, #1362, #3171 ) ;
#4875 = VERTEX_POINT ( 'NONE', #826 ) ;
#4876 = DIRECTION ( 'NONE',  ( 5.446541525829849398E-16, -1.000000000000000000, 0.000000000000000000 ) ) ;
#4877 = DIRECTION ( 'NONE',  ( -1.873351485936074764E-16, 1.000000000000000000, 0.000000000000000000 ) ) ;
#4878 = CARTESIAN_POINT ( 'NONE',  ( -32.65449433079535879, -6.370000000004250040, 18.75000000000000000 ) ) ;
#4879 = EDGE_LOOP ( 'NONE', ( #5156, #3137 ) ) ;
#4880 = VECTOR ( 'NONE', #5554, 1000.000000000000000 ) ;
#4881 = ORIENTED_EDGE ( 'NONE', *, *, #3073, .T. ) ;
#4882 = DIRECTION ( 'NONE',  ( 0.000000000000000000, 0.000000000000000000, -1.000000000000000000 ) ) ;
#4883 = CARTESIAN_POINT ( 'NONE',  ( -34.01829980770805406, -6.369996260836629176, 23.18165352364388454 ) ) ;
#4884 = ORIENTED_EDGE ( 'NONE', *, *, #5328, .T. ) ;
#4885 = CYLINDRICAL_SURFACE ( 'NONE', #427, 25.00000000000000000 ) ;
#4886 = EDGE_CURVE ( 'NONE', #4724, #5143, #2109, .T. ) ;
#4887 = VECTOR ( 'NONE', #3544, 1000.000000000000000 ) ;
#4888 = CARTESIAN_POINT ( 'NONE',  ( 32.75709115666220583, -6.370000000026200482, 20.05646898451684734 ) ) ;
#4889 = DIRECTION ( 'NONE',  ( -1.000000000000000000, 0.000000000000000000, 0.000000000000000000 ) ) ;
#4890 = EDGE_CURVE ( 'NONE', #5590, #5103, #999, .T. ) ;
#4891 = CARTESIAN_POINT ( 'NONE',  ( -32.58499999999725105, 3.370805018340395254, 26.75000000000000000 ) ) ;
#4892 = CIRCLE ( 'NONE', #779, 9.525000000000005684 ) ;
#4893 = CARTESIAN_POINT ( 'NONE',  ( 35.86854469886139896, 3.546150813972229976, 22.61134870958060006 ) ) ;
#4894 = EDGE_CURVE ( 'NONE', #1951, #5683, #1684, .T. ) ;
#4895 = CARTESIAN_POINT ( 'NONE',  ( 35.74179287267915583, -3.493261101559996806, 22.31050157329197958 ) ) ;
#4896 = ADVANCED_FACE ( 'NONE', ( #3853 ), #3685, .T. ) ;
#4897 = DIRECTION ( 'NONE',  ( 0.000000000000000000, 0.000000000000000000, -1.000000000000000000 ) ) ;
#4898 = CARTESIAN_POINT ( 'NONE',  ( -6.369999999895509468, -39.21431344851635004, 26.60993602499049970 ) ) ;
#4899 = CARTESIAN_POINT ( 'NONE',  ( 3.499309520443735000, 35.76352620303965324, 22.25081759593035002 ) ) ;
#4900 = CARTESIAN_POINT ( 'NONE',  ( -40.05298536186988656, -5.300321325599985478, 26.55111516732439014 ) ) ;
#4901 = CARTESIAN_POINT ( 'NONE',  ( 6.370000000006999841, -32.89326045843814939, 20.67227652433015095 ) ) ;
#4902 = APPROVAL_DATE_TIME ( #878, #1711 ) ;
#4903 = CARTESIAN_POINT ( 'NONE',  ( -6.370000000312012745, 38.14915502969446948, 26.31822534718774520 ) ) ;
#4904 = EDGE_CURVE ( 'NONE', #1912, #2893, #5098, .T. ) ;
#4905 = CARTESIAN_POINT ( 'NONE',  ( 6.531699653945251427, -32.79361569729135084, -25.55187852684060701 ) ) ;
#4906 = CARTESIAN_POINT ( 'NONE',  ( 58.79990711068128917, -0.3585035219581707011, 26.75000000000000000 ) ) ;
#4907 = ORIENTED_EDGE ( 'NONE', *, *, #266, .T. ) ;
#4908 = EDGE_CURVE ( 'NONE', #4149, #4875, #1647, .T. ) ;
#4909 = AXIS2_PLACEMENT_3D ( 'NONE', #2798, #2302, #120 ) ;
#4910 = DIRECTION ( 'NONE',  ( 0.9063077870366496036, -0.4226182617407001074, 0.000000000000000000 ) ) ;
#4911 = DIRECTION ( 'NONE',  ( 0.000000000000000000, 0.000000000000000000, -1.000000000000000000 ) ) ;
#4912 = CARTESIAN_POINT ( 'NONE',  ( 5.903547014042239915, 41.04528918709859653, 26.72567671803264844 ) ) ;
#4913 = ORIENTED_EDGE ( 'NONE', *, *, #3680, .F. ) ;
#4914 = CIRCLE ( 'NONE', #5106, 9.525000000000005684 ) ;
#4915 = CARTESIAN_POINT ( 'NONE',  ( 41.50000000000000000, 52.00000000000000000, -41.89999999999999858 ) ) ;
#4916 = CARTESIAN_POINT ( 'NONE',  ( -6.214141323177850396, 41.40502975198855040, 26.75000000000000000 ) ) ;
#4917 = EDGE_CURVE ( 'NONE', #4607, #4625, #794, .T. ) ;
#4918 = CARTESIAN_POINT ( 'NONE',  ( -33.44795466616203328, -6.370000743925824160, 22.32023477832755631 ) ) ;
#4919 = CARTESIAN_POINT ( 'NONE',  ( -0.3585035219581256261, -58.79990711068118969, 26.75000000000000000 ) ) ;
#4920 = CARTESIAN_POINT ( 'NONE',  ( -6.369999999993000372, -41.31504705301520630, 26.75000000000000000 ) ) ;
#4921 = CARTESIAN_POINT ( 'NONE',  ( 41.02405378704064987, 41.28399214238000070, -41.89999999999999858 ) ) ;
#4922 = CARTESIAN_POINT ( 'NONE',  ( -33.74910792384581271, 7.516537199308586104, -26.62621842295835961 ) ) ;
#4923 = EDGE_CURVE ( 'NONE', #53, #2958, #2751, .T. ) ;
#4924 = DIRECTION ( 'NONE',  ( 0.000000000000000000, 0.000000000000000000, -1.000000000000000000 ) ) ;
#4925 = CARTESIAN_POINT ( 'NONE',  ( 6.370000000257240558, -32.81739289347800081, 20.37137683594519899 ) ) ;
#4926 = CARTESIAN_POINT ( 'NONE',  ( -41.50000000000000000, -41.50000000000000000, -39.89999999999999858 ) ) ;
#4927 = CARTESIAN_POINT ( 'NONE',  ( -4.541667107475009679, -38.33870111828059635, 25.79931481396184978 ) ) ;
#4928 = CARTESIAN_POINT ( 'NONE',  ( 6.370000000146189834, 36.48654928224215155, 25.55346655363365116 ) ) ;
#4929 = CARTESIAN_POINT ( 'NONE',  ( -39.23603880547042166, -4.920942984747807891, 26.27465337361893916 ) ) ;
#4930 = CARTESIAN_POINT ( 'NONE',  ( -6.576994693492872912, 32.83362745480960854, -25.65440884511964015 ) ) ;
#4931 = FACE_OUTER_BOUND ( 'NONE', #5369, .T. ) ;
#4932 = DATE_TIME_ROLE ( 'creation_date' ) ;
#4933 = CARTESIAN_POINT ( 'NONE',  ( -6.369763218682168215, 35.03978667887921006, 24.42504327612331849 ) ) ;
#4934 = CARTESIAN_POINT ( 'NONE',  ( 50.00000000000000000, -41.50000000000000000, -28.75000000000000000 ) ) ;
#4935 = CARTESIAN_POINT ( 'NONE',  ( 36.78399264249850376, -5.478883174356046659, 24.37759065404702241 ) ) ;
#4936 = ORIENTED_EDGE ( 'NONE', *, *, #1712, .T. ) ;
#4937 = TOROIDAL_SURFACE ( 'NONE', #1198, 5.000000000000000000, 2.000000000000000000 ) ;
#4938 = DIRECTION ( 'NONE',  ( 1.000000000000000000, 6.505213034913019702E-16, 0.000000000000000000 ) ) ;
#4939 = CARTESIAN_POINT ( 'NONE',  ( 38.17200131876541036, 6.370000424143190898, 26.32591366257515730 ) ) ;
#4940 = CARTESIAN_POINT ( 'NONE',  ( 6.369999999999999218, 32.65449433079618302, 19.38922875141083679 ) ) ;
#4941 = ORIENTED_EDGE ( 'NONE', *, *, #484, .T. ) ;
#4942 = DIRECTION ( 'NONE',  ( 0.000000000000000000, 0.000000000000000000, 1.000000000000000000 ) ) ;
#4943 = CARTESIAN_POINT ( 'NONE',  ( -41.04419041187729533, 6.369999999995749285, 26.75000000000000000 ) ) ;
#4944 = CARTESIAN_POINT ( 'NONE',  ( -33.97517106989683811, -6.369999994192382609, 23.11716226111783001 ) ) ;
#4945 = DIRECTION ( 'NONE',  ( 0.000000000000000000, 0.000000000000000000, -1.000000000000000000 ) ) ;
#4946 = CARTESIAN_POINT ( 'NONE',  ( 5.903547014042239915, 40.77543378064790147, 29.71351507704894956 ) ) ;
#4947 = B_SPLINE_CURVE_WITH_KNOTS ( 'NONE', 3,
 ( #2716, #4484, #3123, #5327, #4128, #1428, #2776, #537, #4922, #3207, #3150, #2307, #4099, #984, #924, #4513, #1868, #5006, #3177, #35, #4457, #483, #420, #92, #2224, #1843, #4012, #5779, #2251, #1395, #3572, #4041, #4976, #956, #5357, #1336, #3240, #1107, #4595, #694, #2456 ),
 .UNSPECIFIED., .F., .F.,
 ( 4, 2, 2, 2, 2, 2, 2, 1, 1, 2, 2, 2, 1, 1, 1, 2, 2, 2, 2, 1, 1, 2, 2, 4 ),
 ( 0.000000000000000000, 0.1249999999999799882, 0.1874999999999697187, 0.2187499999999644729, 0.2499999999999592548, 0.3124999999999484857, 0.3437499999999427125, 0.3593749999999422129, 0.3671874999999392708, 0.3710937499999384936, 0.3749999999999377165, 0.4374999999999399369, 0.4687499999999394928, 0.4843749999999385492, 0.4921874999999362732, 0.4960937499999371614, 0.4999999999999381606, 0.6249999999999558131, 0.6874999999999633626, 0.7187499999999658051, 0.7343749999999672484, 0.7421874999999691358, 0.7499999999999709122, 1.000000000000000000 ),
 .UNSPECIFIED. ) ;
#4948 = PLANE ( 'NONE',  #5721 ) ;
#4949 = DIRECTION ( 'NONE',  ( 0.000000000000000000, 0.000000000000000000, 1.000000000000000000 ) ) ;
#4950 = EDGE_CURVE ( 'NONE', #3481, #2535, #2572, .T. ) ;
#4951 = FACE_OUTER_BOUND ( 'NONE', #3711, .T. ) ;
#4952 = CARTESIAN_POINT ( 'NONE',  ( 35.58500000000424279, -3.417677574207241165, 21.53772686445812212 ) ) ;
#4953 = CARTESIAN_POINT ( 'NONE',  ( -3.666524847718695135, -36.15588851178964802, 23.31128879812264643 ) ) ;
#4954 = CARTESIAN_POINT ( 'NONE',  ( -5.567873153217823834, -38.13877324201968122, 25.67092839607117583 ) ) ;
#4955 = CARTESIAN_POINT ( 'NONE',  ( 5.506903573096301407, 37.54458594253741666, 25.20875611328547095 ) ) ;
#4956 = CARTESIAN_POINT ( 'NONE',  ( 41.50000000000000000, 50.00000000000000000, -39.89999999999999858 ) ) ;
#4957 = CARTESIAN_POINT ( 'NONE',  ( 41.02405378704064987, 41.28399214238000070, -41.89999999999999858 ) ) ;
#4958 = CARTESIAN_POINT ( 'NONE',  ( 3.401644651312550227, -35.58500000000150010, 21.12748665268419757 ) ) ;
#4959 = CARTESIAN_POINT ( 'NONE',  ( -39.37539770508195147, -6.370329458257669941, 26.63269924562042235 ) ) ;
#4960 = DIRECTION ( 'NONE',  ( 0.000000000000000000, 0.000000000000000000, -1.000000000000000000 ) ) ;
#4961 = CARTESIAN_POINT ( 'NONE',  ( 39.80723392607830391, -6.370000000045649813, 26.69508090187214933 ) ) ;
#4962 = ORIENTED_EDGE ( 'NONE', *, *, #953, .F. ) ;
#4963 = LINE ( 'NONE', #5478, #5285 ) ;
#4964 = CYLINDRICAL_SURFACE ( 'NONE', #3653, 2.000000000000001776 ) ;
#4965 = ORIENTED_EDGE ( 'NONE', *, *, #551, .F. ) ;
#4966 = AXIS2_PLACEMENT_3D ( 'NONE', #3007, #2448, #213 ) ;
#4967 = DIRECTION ( 'NONE',  ( 0.9063077870366496036, -0.4226182617407002184, 0.000000000000000000 ) ) ;
#4968 = CARTESIAN_POINT ( 'NONE',  ( -5.314761686848917144, -40.08196616553084368, 26.55869850155730560 ) ) ;
#4969 = AXIS2_PLACEMENT_3D ( 'NONE', #205, #4294, #4608 ) ;
#4970 = CARTESIAN_POINT ( 'NONE',  ( -36.91716156404731208, -6.369999969636999992, 25.78593983138324219 ) ) ;
#4971 = LINE ( 'NONE', #1484, #2085 ) ;
#4972 = CARTESIAN_POINT ( 'NONE',  ( 32.93646346554409376, -6.691605772133121022, -25.86478964671226422 ) ) ;
#4973 = EDGE_CURVE ( 'NONE', #5581, #2412, #2725, .T. ) ;
#4974 = DIRECTION ( 'NONE',  ( 4.336808689942013792E-16, -1.000000000000000000, 0.000000000000000000 ) ) ;
#4975 = CIRCLE ( 'NONE', #3662, 10.50000000000000178 ) ;
#4976 = CARTESIAN_POINT ( 'NONE',  ( -32.85413298673506688, 6.600359449036083959, -25.70151426897123415 ) ) ;
#4977 = CARTESIAN_POINT ( 'NONE',  ( 36.07730396454630295, 3.634090523931035044, 23.13765668347780036 ) ) ;
#4978 = CARTESIAN_POINT ( 'NONE',  ( -3.370805018337555303, -35.58500000000150010, 18.75000000000000000 ) ) ;
#4979 = CC_DESIGN_APPROVAL ( #1711, ( #3296 ) ) ;
#4980 = TOROIDAL_SURFACE ( 'NONE', #4342, 8.500000000000000000, 2.000000000000000000 ) ;
#4981 = CARTESIAN_POINT ( 'NONE',  ( 6.370000000000000107, 41.58499999999999375, 26.75000000000000000 ) ) ;
#4982 = CARTESIAN_POINT ( 'NONE',  ( -6.369999999852040240, -34.91711289112069494, 24.28912300068964925 ) ) ;
#4983 = CARTESIAN_POINT ( 'NONE',  ( 5.770700466178420029, 40.87658581193500140, 26.70867566345915023 ) ) ;
#4984 = CARTESIAN_POINT ( 'NONE',  ( -35.86577522931145978, -3.544002815774581538, 22.56649842002450157 ) ) ;
#4985 = AXIS2_PLACEMENT_3D ( 'NONE', #3401, #2052, #2518 ) ;
#4986 = CARTESIAN_POINT ( 'NONE',  ( -7.215689242578156026, 33.43885810050139185, -26.44510774709582890 ) ) ;
#4987 = CARTESIAN_POINT ( 'NONE',  ( 6.369999999856279516, -35.75443616475769915, 25.04805023947365328 ) ) ;
#4988 = ORIENTED_EDGE ( 'NONE', *, *, #831, .F. ) ;
#4989 = CARTESIAN_POINT ( 'NONE',  ( -41.50000000000000000, -41.50000000000000000, -41.89999999999999858 ) ) ;
#4990 = CARTESIAN_POINT ( 'NONE',  ( 38.02191694328710270, -6.370000000023320119, 26.27692598701485238 ) ) ;
#4991 = VERTEX_POINT ( 'NONE', #492 ) ;
#4992 = CARTESIAN_POINT ( 'NONE',  ( -3.386891796945089794, -32.58500000000150010, 20.75000000000000000 ) ) ;
#4993 = DIRECTION ( 'NONE',  ( -1.000000000000000000, 0.000000000000000000, 0.000000000000000000 ) ) ;
#4994 = CARTESIAN_POINT ( 'NONE',  ( -34.91711289111959360, 6.369999999854750072, 24.28912300068899910 ) ) ;
#4995 = VERTEX_POINT ( 'NONE', #2259 ) ;
#4996 = DIRECTION ( 'NONE',  ( -1.000000000000000000, 0.000000000000000000, 0.000000000000000000 ) ) ;
#4997 = FACE_OUTER_BOUND ( 'NONE', #3458, .T. ) ;
#4998 = CIRCLE ( 'NONE', #4066, 4.999999999999997335 ) ;
#4999 = FACE_OUTER_BOUND ( 'NONE', #2322, .T. ) ;
#5000 = CARTESIAN_POINT ( 'NONE',  ( -39.49454378744722760, 5.036374650884528847, 26.37475678927181022 ) ) ;
#5001 = DIRECTION ( 'NONE',  ( 0.7071067811865545671, 0.000000000000000000, 0.7071067811865405783 ) ) ;
#5002 = CC_DESIGN_PERSON_AND_ORGANIZATION_ASSIGNMENT ( #4268, #1601, ( #1456 ) ) ;
#5003 = CARTESIAN_POINT ( 'NONE',  ( 33.15818515072796657, -6.929446191226680263, -26.18271707004743121 ) ) ;
#5004 = VECTOR ( 'NONE', #3933, 1000.000000000000000 ) ;
#5005 = CARTESIAN_POINT ( 'NONE',  ( -6.369999999735640017, 33.20207998356149659, 21.67598539906074961 ) ) ;
#5006 = CARTESIAN_POINT ( 'NONE',  ( -33.43685879510535841, 7.213546515940582715, -26.44356725820710352 ) ) ;
#5007 = CARTESIAN_POINT ( 'NONE',  ( 33.09822829279355005, 6.370000000002772111, 21.48520309558751862 ) ) ;
#5008 = B_SPLINE_CURVE_WITH_KNOTS ( 'NONE', 3,
 ( #2271, #2736, #2324, #79, #26, #3616, #3588, #5372, #1359, #1886, #3140, #4939, #5397, #3670, #5421, #1384, #1031, #3260, #5053, #2824, #1476, #4613, #2278, #2840, #5497, #4132, #4160, #193, #5104, #3746, #3209, #95, #5133, #1997, #3783, #1490, #1082, #2400, #67, #1048, #4631, #576, #5566, #4543, #1901, #4569, #604, #2752, #2871, #1559, #1429, #539, #5067, #3275, #5007, #3687 ),
 .UNSPECIFIED., .F., .F.,
 ( 4, 2, 2, 2, 1, 1, 1, 1, 2, 2, 2, 2, 2, 1, 1, 1, 1, 2, 2, 2, 2, 1, 1, 1, 2, 2, 2, 2, 2, 1, 1, 1, 2, 2, 4 ),
 ( 0.000000000000000000, 0.1249999999997207234, 0.1874999999995821398, 0.2187499999995129174, 0.2343749999994791389, 0.2421874999994614586, 0.2460937499994524935, 0.2480468749994481359, 0.2490234374994467204, 0.2499999999994452771, 0.3124999999993909872, 0.3437499999993627875, 0.3593749999993482991, 0.3671874999993433586, 0.3710937499993409161, 0.3730468749993397504, 0.3740234374993370858, 0.3745117187493386401, 0.3749999999993401389, 0.4374999999994015898, 0.4687499999994334532, 0.4843749999994498845, 0.4921874999994572120, 0.4960937499994605426, 0.4980468749994631517, 0.4999999999994656497, 0.6249999999996069810, 0.6874999999996770361, 0.7187499999997113420, 0.7343749999997291056, 0.7421874999997379874, 0.7460937499997425393, 0.7480468749997448707, 0.7499999999997473132, 1.000000000000000000 ),
 .UNSPECIFIED. ) ;
#5009 = CARTESIAN_POINT ( 'NONE',  ( 6.214141323181009646, 41.40502975198575086, 26.75000000000000000 ) ) ;
#5010 = CARTESIAN_POINT ( 'NONE',  ( 0.000000000000000000, 0.000000000000000000, -40.57920000000000016 ) ) ;
#5011 = CARTESIAN_POINT ( 'NONE',  ( 5.478883174356384167, 36.78399264249716794, 24.37759065404802783 ) ) ;
#5012 = CARTESIAN_POINT ( 'NONE',  ( -32.58499999999725105, 3.370805018340395254, -24.75000000000000000 ) ) ;
#5013 = CARTESIAN_POINT ( 'NONE',  ( -7.332491192475669273, 33.55745285511675036, -26.52572735956688632 ) ) ;
#5014 = DIRECTION ( 'NONE',  ( 0.000000000000000000, 0.000000000000000000, -1.000000000000000000 ) ) ;
#5015 = CARTESIAN_POINT ( 'NONE',  ( 5.724206751973314411, -40.83692971302203745, 26.70685811949779520 ) ) ;
#5016 = VERTEX_POINT ( 'NONE', #2316 ) ;
#5017 = B_SPLINE_CURVE_WITH_KNOTS ( 'NONE', 3,
 ( #2420, #182, #1985, #3775 ),
 .UNSPECIFIED., .F., .F.,
 ( 4, 4 ),
 ( 0.000000000000000000, 0.002000064695065124996 ),
 .UNSPECIFIED. ) ;
#5018 = CARTESIAN_POINT ( 'NONE',  ( 67.43248878220538245, -4.383942465038343173, 5.100000000000000533 ) ) ;
#5019 = CARTESIAN_POINT ( 'NONE',  ( 40.73535086367220259, -6.073955346537442956, 26.69193781511445351 ) ) ;
#5020 = ORIENTED_EDGE ( 'NONE', *, *, #739, .F. ) ;
#5021 = CARTESIAN_POINT ( 'NONE',  ( 6.370000000006999841, -32.65449433079479746, 26.75000000000000000 ) ) ;
#5022 = DIRECTION ( 'NONE',  ( 1.000000000000000000, 0.000000000000000000, 0.000000000000000000 ) ) ;
#5023 = CARTESIAN_POINT ( 'NONE',  ( -40.18951802315886823, 5.922811532230317866, 26.59077587279794841 ) ) ;
#5024 = VERTEX_POINT ( 'NONE', #3633 ) ;
#5025 = CARTESIAN_POINT ( 'NONE',  ( -35.58499999999724395, -3.370805018340750081, 19.08348030398610007 ) ) ;
#5026 = CARTESIAN_POINT ( 'NONE',  ( 41.24132100175264526, 6.072609891983630881, 26.74014897528940082 ) ) ;
#5027 = CIRCLE ( 'NONE', #2507, 5.461000000000000298 ) ;
#5028 = CYLINDRICAL_SURFACE ( 'NONE', #4909, 5.999999999999998224 ) ;
#5029 = CARTESIAN_POINT ( 'NONE',  ( -35.58499999999724395, 3.386891796948224620, 20.75000000000000000 ) ) ;
#5030 = DIRECTION ( 'NONE',  ( 1.000000000000000000, 0.000000000000000000, 0.000000000000000000 ) ) ;
#5031 = FACE_BOUND ( 'NONE', #2886, .T. ) ;
#5032 = CARTESIAN_POINT ( 'NONE',  ( -41.36003397523854375, -6.292069547974533883, 26.75000000000001421 ) ) ;
#5033 = FACE_OUTER_BOUND ( 'NONE', #5060, .T. ) ;
#5034 = EDGE_CURVE ( 'NONE', #4201, #4346, #3602, .T. ) ;
#5035 = ORIENTED_EDGE ( 'NONE', *, *, #2681, .T. ) ;
#5036 = EDGE_CURVE ( 'NONE', #115, #5419, #219, .T. ) ;
#5037 = CARTESIAN_POINT ( 'NONE',  ( -35.94298496603335735, 6.370000067413764455, 25.17744826048188145 ) ) ;
#5038 = CARTESIAN_POINT ( 'NONE',  ( 6.562196485194753848, 32.82040776017534967, -25.62389386552032988 ) ) ;
#5039 = LINE ( 'NONE', #4634, #3871 ) ;
#5040 = CARTESIAN_POINT ( 'NONE',  ( 5.602407360471749698, 40.61505763568889904, 26.67175273582774864 ) ) ;
#5041 = CARTESIAN_POINT ( 'NONE',  ( 5.151226259554101183, 39.74577241277297190, 26.46391515010300566 ) ) ;
#5042 = EDGE_CURVE ( 'NONE', #2983, #4024, #239, .T. ) ;
#5043 = CARTESIAN_POINT ( 'NONE',  ( -6.973656193807000747, 33.20072888417712420, -26.23029215786451118 ) ) ;
#5044 = CARTESIAN_POINT ( 'NONE',  ( 6.370000000033400056, -38.02191694328534766, 26.27692598701505133 ) ) ;
#5045 = CIRCLE ( 'NONE', #2522, 3.000000000000000000 ) ;
#5046 = CARTESIAN_POINT ( 'NONE',  ( -3.402283701982952824, 35.58500000000000796, 21.14383826453743254 ) ) ;
#5047 = ORIENTED_EDGE ( 'NONE', *, *, #4037, .T. ) ;
#5048 = EDGE_CURVE ( 'NONE', #3896, #3739, #231, .T. ) ;
#5049 = CARTESIAN_POINT ( 'NONE',  ( 7.989040782970668886, -34.26521173489090444, -26.75000000000000355 ) ) ;
#5050 = DIRECTION ( 'NONE',  ( 1.000000000000000000, 0.000000000000000000, 0.000000000000000000 ) ) ;
#5051 = ORIENTED_EDGE ( 'NONE', *, *, #3788, .F. ) ;
#5052 = CARTESIAN_POINT ( 'NONE',  ( 46.74499214237989975, -40.07671307857690124, -41.89999999999999858 ) ) ;
#5053 = CARTESIAN_POINT ( 'NONE',  ( 37.11798022561887223, 6.369916902568357742, 25.88983380539507451 ) ) ;
#5054 = CARTESIAN_POINT ( 'NONE',  ( -35.76352620303689633, 3.499309520440484711, 22.25081759593029673 ) ) ;
#5055 = ORIENTED_EDGE ( 'NONE', *, *, #3008, .T. ) ;
#5056 = CARTESIAN_POINT ( 'NONE',  ( 33.91486129660169979, -6.369997203824047993, 23.02497577392319528 ) ) ;
#5057 = CARTESIAN_POINT ( 'NONE',  ( 41.17598386478935168, -6.016165986336049265, 26.73640032031060088 ) ) ;
#5058 = CARTESIAN_POINT ( 'NONE',  ( -34.13530079862555766, -7.873530995753339035, -26.73968815411529576 ) ) ;
#5059 = CARTESIAN_POINT ( 'NONE',  ( 0.000000000000000000, 0.000000000000000000, 48.25000000000000000 ) ) ;
#5060 = EDGE_LOOP ( 'NONE', ( #2020, #2880, #5605, #2552, #1570, #4941 ) ) ;
#5061 = AXIS2_PLACEMENT_3D ( 'NONE', #1920, #3706, #2388 ) ;
#5062 = CARTESIAN_POINT ( 'NONE',  ( 0.000000000000000000, 0.000000000000000000, -32.47660000000000480 ) ) ;
#5063 = CARTESIAN_POINT ( 'NONE',  ( -41.22446196582929900, -6.057765550933150500, 26.74185923436060008 ) ) ;
#5064 = CARTESIAN_POINT ( 'NONE',  ( -35.58499999999724395, 6.369999999995749285, 20.75000000000000000 ) ) ;
#5065 = AXIS2_PLACEMENT_3D ( 'NONE', #5012, #931, #2315 ) ;
#5066 = ORIENTED_EDGE ( 'NONE', *, *, #4115, .T. ) ;
#5067 = CARTESIAN_POINT ( 'NONE',  ( 33.97517106989703706, 6.369999994190814974, 23.11716226111768435 ) ) ;
#5068 = AXIS2_PLACEMENT_3D ( 'NONE', #5793, #1291, #352 ) ;
#5069 = CARTESIAN_POINT ( 'NONE',  ( 6.911929977421165106, 33.14148482060869583, -26.16320109944909689 ) ) ;
#5070 = CYLINDRICAL_SURFACE ( 'NONE', #777, 2.000000000000001776 ) ;
#5071 = CARTESIAN_POINT ( 'NONE',  ( 58.79990711068128917, -0.3585035219581707011, 48.25000000000000000 ) ) ;
#5072 = DIRECTION ( 'NONE',  ( -8.360113137237628665E-17, 1.000000000000000000, 0.000000000000000000 ) ) ;
#5073 = EDGE_CURVE ( 'NONE', #5556, #715, #2937, .T. ) ;
#5074 = CARTESIAN_POINT ( 'NONE',  ( -27.75118145901925359, 3.398539554634530092E-15, -32.47660000000000480 ) ) ;
#5075 = CARTESIAN_POINT ( 'NONE',  ( 46.74499214237989975, -40.07671307857690124, -57.89999999999999858 ) ) ;
#5076 = CIRCLE ( 'NONE', #300, 8.500000000000000000 ) ;
#5077 = CARTESIAN_POINT ( 'NONE',  ( 3.386891796958809486, -35.58500000000145036, 20.75000000000000000 ) ) ;
#5078 = ORIENTED_EDGE ( 'NONE', *, *, #909, .F. ) ;
#5079 = EDGE_CURVE ( 'NONE', #4418, #5705, #2190, .T. ) ;
#5080 = VECTOR ( 'NONE', #5509, 1000.000000000000000 ) ;
#5081 = CARTESIAN_POINT ( 'NONE',  ( 32.65449433079565722, 6.370000000002770335, -24.75000000000000000 ) ) ;
#5082 = CIRCLE ( 'NONE', #5539, 4.999999999999999112 ) ;
#5083 = CARTESIAN_POINT ( 'NONE',  ( -5.903547014042280772, 41.04528918709859653, 26.72567671803264844 ) ) ;
#5084 = ORIENTED_EDGE ( 'NONE', *, *, #1774, .F. ) ;
#5085 = EDGE_CURVE ( 'NONE', #3913, #4856, #4697, .T. ) ;
#5086 = ADVANCED_FACE ( 'NONE', ( #5197 ), #2405, .T. ) ;
#5087 = CARTESIAN_POINT ( 'NONE',  ( 6.370000000000000107, 35.58500000000000085, 20.75000000000000000 ) ) ;
#5088 = CARTESIAN_POINT ( 'NONE',  ( -35.62149070494790237, 3.427024631720174686, 21.51063625525609879 ) ) ;
#5089 = ORIENTED_EDGE ( 'NONE', *, *, #1269, .T. ) ;
#5090 = B_SPLINE_CURVE_WITH_KNOTS ( 'NONE', 3,
 ( #4531, #2704, #2792, #5450 ),
 .UNSPECIFIED., .F., .F.,
 ( 4, 4 ),
 ( 0.000000000000000000, 1.000000000000000000 ),
 .UNSPECIFIED. ) ;
#5091 = CARTESIAN_POINT ( 'NONE',  ( 0.000000000000000000, 0.000000000000000000, -24.75000000000000000 ) ) ;
#5092 = CARTESIAN_POINT ( 'NONE',  ( -33.44595971283925451, -7.222745050877822592, -26.45036226571711069 ) ) ;
#5093 = CARTESIAN_POINT ( 'NONE',  ( 40.82503573059511837, 6.103803483894407300, 26.70391456698619592 ) ) ;
#5094 = CARTESIAN_POINT ( 'NONE',  ( 5.903547014052179520, -41.04528918709679886, 26.72567671803235001 ) ) ;
#5095 = VERTEX_POINT ( 'NONE', #3790 ) ;
#5096 = CARTESIAN_POINT ( 'NONE',  ( 32.75938193233803020, -6.492478271509770416, -25.45163097558135235 ) ) ;
#5097 = ORIENTED_EDGE ( 'NONE', *, *, #2045, .F. ) ;
#5098 = CIRCLE ( 'NONE', #4159, 5.461000000000000298 ) ;
#5099 = CARTESIAN_POINT ( 'NONE',  ( -3.736275300549380063, 36.32716489139900062, 23.64665700930995129 ) ) ;
#5100 = DIRECTION ( 'NONE',  ( 4.336808689942015271E-16, -1.000000000000000000, 0.000000000000000000 ) ) ;
#5101 = EDGE_CURVE ( 'NONE', #4744, #5292, #2877, .T. ) ;
#5102 = EDGE_LOOP ( 'NONE', ( #4797, #1188 ) ) ;
#5103 = VERTEX_POINT ( 'NONE', #289 ) ;
#5104 = CARTESIAN_POINT ( 'NONE',  ( 36.91712761119592301, 6.369999999716963401, 25.78592198800895829 ) ) ;
#5105 = LINE ( 'NONE', #132, #2195 ) ;
#5106 = AXIS2_PLACEMENT_3D ( 'NONE', #1779, #5402, #894 ) ;
#5107 = CARTESIAN_POINT ( 'NONE',  ( 40.77543378064510193, 6.370000000002770335, 26.75000000000000000 ) ) ;
#5108 = CARTESIAN_POINT ( 'NONE',  ( -35.58499999999724395, 3.370805018340395254, -24.75000000000000000 ) ) ;
#5109 = CARTESIAN_POINT ( 'NONE',  ( -35.58499999999606445, 6.153964580433061826, 20.37052769474949443 ) ) ;
#5110 = DIRECTION ( 'NONE',  ( 1.672022627447524747E-16, -1.000000000000000000, 0.000000000000000000 ) ) ;
#5111 = DIRECTION ( 'NONE',  ( 0.000000000000000000, 0.000000000000000000, 1.000000000000000000 ) ) ;
#5112 = CARTESIAN_POINT ( 'NONE',  ( 4.834553989607332625, -39.03578488198495933, 26.18154001753352134 ) ) ;
#5113 = EDGE_LOOP ( 'NONE', ( #3897, #313 ) ) ;
#5114 = CARTESIAN_POINT ( 'NONE',  ( 35.58500000000424279, 3.386891796954385025, 20.75000000000000000 ) ) ;
#5115 = CARTESIAN_POINT ( 'NONE',  ( -6.370000000000088036, 32.65449433079616881, 19.38922875141080837 ) ) ;
#5116 = ORIENTED_EDGE ( 'NONE', *, *, #3512, .F. ) ;
#5117 = CARTESIAN_POINT ( 'NONE',  ( -6.369999999993000372, -41.58500000000149299, 26.75000000000000000 ) ) ;
#5118 = CARTESIAN_POINT ( 'NONE',  ( -40.35186322174284612, 5.451187110835950200, 26.62461899220635075 ) ) ;
#5119 = ORIENTED_EDGE ( 'NONE', *, *, #4213, .T. ) ;
#5120 = CARTESIAN_POINT ( 'NONE',  ( 38.13327399478884416, -6.369999941368487129, 26.31284107219685708 ) ) ;
#5121 = DIRECTION ( 'NONE',  ( 0.4976996996356892189, 0.8673494157388618175, 0.000000000000000000 ) ) ;
#5122 = EDGE_CURVE ( 'NONE', #4750, #647, #4259, .T. ) ;
#5123 = CARTESIAN_POINT ( 'NONE',  ( -33.28161315469704107, -7.056875545834358832, -26.31259526704201335 ) ) ;
#5124 = FACE_OUTER_BOUND ( 'NONE', #3697, .T. ) ;
#5125 = LINE ( 'NONE', #2451, #5201 ) ;
#5126 = ORIENTED_EDGE ( 'NONE', *, *, #4130, .F. ) ;
#5127 = CARTESIAN_POINT ( 'NONE',  ( 33.42271505366720419, -7.199729280149428590, -26.43306372405641369 ) ) ;
#5128 = ORIENTED_EDGE ( 'NONE', *, *, #4620, .F. ) ;
#5129 = AXIS2_PLACEMENT_3D ( 'NONE', #3126, #4515, #487 ) ;
#5130 = CARTESIAN_POINT ( 'NONE',  ( -41.40502975198769775, -6.214141323180910170, 26.75000000000000000 ) ) ;
#5131 = VERTEX_POINT ( 'NONE', #1496 ) ;
#5132 = EDGE_LOOP ( 'NONE', ( #5611, #5189, #4907, #4771 ) ) ;
#5133 = CARTESIAN_POINT ( 'NONE',  ( 36.11451811423737013, 6.369977924625724874, 25.29742555130047421 ) ) ;
#5134 = EDGE_CURVE ( 'NONE', #2816, #3228, #3318, .T. ) ;
#5135 = CARTESIAN_POINT ( 'NONE',  ( -40.73535086366997149, -6.073955346545355738, 26.69193781511547314 ) ) ;
#5136 = CARTESIAN_POINT ( 'NONE',  ( 35.58500000000424990, 3.402283701985076014, 21.14383826453936521 ) ) ;
#5137 =( BOUNDED_SURFACE ( )  B_SPLINE_SURFACE ( 3, 2, ( 
 ( #2999, #2615, #850 ),
 ( #4794, #2564, #4359 ),
 ( #2640, #5762, #5334 ),
 ( #4899, #3034, #2668 ),
 ( #326, #2123, #4822 ),
 ( #5439, #990, #544 ),
 ( #2257, #2781, #4573 ),
 ( #1793, #1823, #4521 ),
 ( #1875, #4051, #2340 ),
 ( #903, #3578, #3606 ),
 ( #5387, #5011, #930 ),
 ( #4017, #3249, #4928 ),
 ( #5362, #4955, #1432 ),
 ( #14, #1019, #2289 ),
 ( #43, #2723, #4105 ),
 ( #2756, #4548, #490 ),
 ( #3691, #428, #1375 ),
 ( #3155, #4078, #4462 ),
 ( #4136, #1904, #5469 ),
 ( #100, #1849, #3658 ),
 ( #1463, #3631, #5411 ),
 ( #5040, #1402, #2231 ),
 ( #3185, #1345, #5784 ),
 ( #4983, #3129, #3215 ),
 ( #514, #2694, #961 ),
 ( #2314, #70, #4490 ) ),
 .UNSPECIFIED., .F., .F., .F. ) 
 B_SPLINE_SURFACE_WITH_KNOTS ( ( 4, 2, 2, 2, 2, 2, 2, 2, 2, 2, 2, 2, 4 ),
 ( 3, 3 ),
 ( 0.005213381595401469885, 0.006908200393195209656, 0.008603019190988950293, 0.009450428589885819311, 0.01029783798878270047, 0.01199265678657641943, 0.01368747558437016093, 0.01453488498326703862, 0.01538229438216389897, 0.01707711317995765088, 0.01792452257885450081, 0.01834822727830294833, 0.01877193197775139932 ),
 ( 0.000000000000000000, 1.000000000000000000 ),
 .UNSPECIFIED. ) 
 GEOMETRIC_REPRESENTATION_ITEM ( )  RATIONAL_B_SPLINE_SURFACE ( (
 ( 1.000000000000000000, 0.7425474685657660334, 1.000000000000000000),
 ( 1.000000000000000000, 0.7575803416351480912, 1.000000000000000000),
 ( 1.000000000000000000, 0.7726976139986579950, 1.000000000000000000),
 ( 1.000000000000000000, 0.8017180761605410266, 1.000000000000000000),
 ( 1.000000000000000000, 0.8157608312596059674, 1.000000000000000000),
 ( 1.000000000000000000, 0.8362512015393750442, 1.000000000000000000),
 ( 1.000000000000000000, 0.8430100611302400182, 1.000000000000000000),
 ( 1.000000000000000000, 0.8560894244539269948, 1.000000000000000000),
 ( 1.000000000000000000, 0.8624403672846340241, 1.000000000000000000),
 ( 1.000000000000000000, 0.8809820985951110073, 1.000000000000000000),
 ( 1.000000000000000000, 0.8926656535057829744, 1.000000000000000000),
 ( 1.000000000000000000, 0.9148622398997520166, 1.000000000000000000),
 ( 1.000000000000000000, 0.9250316790794020916, 1.000000000000000000),
 ( 1.000000000000000000, 0.9391130261442850458, 1.000000000000000000),
 ( 1.000000000000000000, 0.9436095765120099399, 1.000000000000000000),
 ( 1.000000000000000000, 0.9522263116222029478, 1.000000000000000000),
 ( 1.000000000000000000, 0.9563635350267820634, 1.000000000000000000),
 ( 1.000000000000000000, 0.9680181395221150176, 1.000000000000000000),
 ( 1.000000000000000000, 0.9748405035967430132, 1.000000000000000000),
 ( 1.000000000000000000, 0.9837836556114849529, 1.000000000000000000),
 ( 1.000000000000000000, 0.9865481439546830433, 1.000000000000000000),
 ( 1.000000000000000000, 0.9903617326874659677, 1.000000000000000000),
 ( 1.000000000000000000, 0.9915787963443249975, 1.000000000000000000),
 ( 1.000000000000000000, 0.9938734720205829598, 1.000000000000000000),
 ( 1.000000000000000000, 0.9949554279141960000, 1.000000000000000000),
 ( 1.000000000000000000, 0.9959502448730780388, 1.000000000000000000) ) ) 
 REPRESENTATION_ITEM ( '' )  SURFACE ( )  );
#5138 = CARTESIAN_POINT ( 'NONE',  ( 6.092036909184757043, 35.58499999999995111, 20.67951872141288661 ) ) ;
#5139 = CARTESIAN_POINT ( 'NONE',  ( -52.00000000000000000, -41.50000000000000000, -28.75000000000000000 ) ) ;
#5140 = CARTESIAN_POINT ( 'NONE',  ( 40.77543378064594748, -6.369999999997220108, 26.75000000000000000 ) ) ;
#5141 = CARTESIAN_POINT ( 'NONE',  ( 5.602407360476919784, -40.61505763568929694, 26.67175273582759942 ) ) ;
#5142 = CARTESIAN_POINT ( 'NONE',  ( -3.507259046020419824, 35.78307133657514782, 22.29091457739800219 ) ) ;
#5143 = VERTEX_POINT ( 'NONE', #5074 ) ;
#5144 = CARTESIAN_POINT ( 'NONE',  ( -8.053330544164179372, -34.33826971683975415, -26.75000000000000000 ) ) ;
#5145 = DIRECTION ( 'NONE',  ( 0.000000000000000000, -1.000000000000000000, 0.000000000000000000 ) ) ;
#5146 = VERTEX_POINT ( 'NONE', #2063 ) ;
#5147 = DIRECTION ( 'NONE',  ( 1.000000000000000000, 5.446541525829849398E-16, 0.000000000000000000 ) ) ;
#5148 = DIRECTION ( 'NONE',  ( 1.000000000000000000, 0.000000000000000000, 0.000000000000000000 ) ) ;
#5149 = ORIENTED_EDGE ( 'NONE', *, *, #130, .F. ) ;
#5150 = CARTESIAN_POINT ( 'NONE',  ( 40.03850765848436311, -6.370302134989813680, 26.72900027112038757 ) ) ;
#5151 = CARTESIAN_POINT ( 'NONE',  ( 32.78758659508823570, 6.524829870131742204, -25.53509422622837732 ) ) ;
#5152 = CARTESIAN_POINT ( 'NONE',  ( 6.370024200785847412, -38.36997326483236037, 26.38988076475950706 ) ) ;
#5153 = CARTESIAN_POINT ( 'NONE',  ( 40.35186322174604356, 5.451187110836730021, 26.62461899220554784 ) ) ;
#5154 = CARTESIAN_POINT ( 'NONE',  ( -38.13877324201753538, -5.567873153229778715, 25.67092839607141030 ) ) ;
#5155 = ORIENTED_EDGE ( 'NONE', *, *, #473, .F. ) ;
#5156 = ORIENTED_EDGE ( 'NONE', *, *, #3673, .T. ) ;
#5157 = CARTESIAN_POINT ( 'NONE',  ( -6.370000000149250496, 36.48654928224015492, 25.55346655363664965 ) ) ;
#5158 = CARTESIAN_POINT ( 'NONE',  ( 6.370000000006999841, -41.58500000000145036, 26.75000000000000000 ) ) ;
#5159 = ORIENTED_EDGE ( 'NONE', *, *, #823, .T. ) ;
#5160 = EDGE_CURVE ( 'NONE', #358, #53, #1142, .T. ) ;
#5161 = EDGE_CURVE ( 'NONE', #2412, #4687, #1087, .T. ) ;
#5162 = ORIENTED_EDGE ( 'NONE', *, *, #4080, .T. ) ;
#5163 = CARTESIAN_POINT ( 'NONE',  ( -38.13327399516259675, 6.369999941367074925, 26.31284107232376357 ) ) ;
#5164 = AXIS2_PLACEMENT_3D ( 'NONE', #3551, #1376, #4522 ) ;
#5165 = CARTESIAN_POINT ( 'NONE',  ( 6.475569513733952398, 32.74474496473478524, -25.40176581411428813 ) ) ;
#5166 = CARTESIAN_POINT ( 'NONE',  ( 41.50000000000000000, -52.00000000000000000, -41.89999999999999858 ) ) ;
#5167 = CARTESIAN_POINT ( 'NONE',  ( 0.3585035219581707011, 58.79990711068128917, 5.100000000000000533 ) ) ;
#5168 = CARTESIAN_POINT ( 'NONE',  ( -32.89326045844134683, 6.369999999995560103, 20.67227652432920237 ) ) ;
#5169 = DIRECTION ( 'NONE',  ( -1.000000000000000000, 0.000000000000000000, 0.000000000000000000 ) ) ;
#5170 = CARTESIAN_POINT ( 'NONE',  ( 6.369995676362283810, 35.70438881543964982, 24.99366876530883630 ) ) ;
#5171 = CARTESIAN_POINT ( 'NONE',  ( 39.10092091338925968, -4.862684645504326220, 26.21163923248670358 ) ) ;
#5172 = ORIENTED_EDGE ( 'NONE', *, *, #2749, .F. ) ;
#5173 = CARTESIAN_POINT ( 'NONE',  ( -8.053330544164179372, -34.33826971683975415, -26.75000000000000000 ) ) ;
#5174 = CARTESIAN_POINT ( 'NONE',  ( -6.370000000000000107, 32.65449433079610486, 18.75000000000000000 ) ) ;
#5175 = EDGE_CURVE ( 'NONE', #192, #5095, #3887, .T. ) ;
#5176 = CARTESIAN_POINT ( 'NONE',  ( -6.359809012748599777, -41.57323245022789848, 26.74998846038660005 ) ) ;
#5177 = DIRECTION ( 'NONE',  ( 0.000000000000000000, 0.000000000000000000, 1.000000000000000000 ) ) ;
#5178 = EDGE_LOOP ( 'NONE', ( #3838, #3431, #1615, #1884 ) ) ;
#5179 = AXIS2_PLACEMENT_3D ( 'NONE', #3875, #2556, #4349 ) ;
#5180 = CARTESIAN_POINT ( 'NONE',  ( 34.00000000000000000, 4.163799117100999770E-15, -40.57920000000000016 ) ) ;
#5181 = LINE ( 'NONE', #2539, #3006 ) ;
#5182 = CARTESIAN_POINT ( 'NONE',  ( -32.70440182753650049, -6.428725295236397130, -25.23748733669612321 ) ) ;
#5183 = CARTESIAN_POINT ( 'NONE',  ( 2.264944293516425046E-14, -41.58500000000149299, 26.75000000000000000 ) ) ;
#5184 = CARTESIAN_POINT ( 'NONE',  ( -35.40797844743540423, -6.370000000286739628, 24.76512582817995067 ) ) ;
#5185 = EDGE_LOOP ( 'NONE', ( #2080, #2489, #976, #1274 ) ) ;
#5186 = ORIENTED_EDGE ( 'NONE', *, *, #5494, .F. ) ;
#5187 = CARTESIAN_POINT ( 'NONE',  ( 35.58500000000424279, -3.370805018341700432, -24.75000000000000000 ) ) ;
#5188 = DIRECTION ( 'NONE',  ( -1.000000000000000000, 0.000000000000000000, 0.000000000000000000 ) ) ;
#5189 = ORIENTED_EDGE ( 'NONE', *, *, #2741, .F. ) ;
#5190 = ORIENTED_EDGE ( 'NONE', *, *, #2059, .T. ) ;
#5191 = CARTESIAN_POINT ( 'NONE',  ( -40.77543378064855517, 5.903547014039969731, 29.71351507704924799 ) ) ;
#5192 = DIRECTION ( 'NONE',  ( 0.000000000000000000, 0.000000000000000000, 1.000000000000000000 ) ) ;
#5193 = CARTESIAN_POINT ( 'NONE',  ( 39.03578488197835128, 4.834553989599365664, 26.18154001752913018 ) ) ;
#5194 = CARTESIAN_POINT ( 'NONE',  ( 6.302097269186702100, 35.58500000000464070, 19.08069851385873505 ) ) ;
#5195 = CARTESIAN_POINT ( 'NONE',  ( 4.572688387187616499, 38.41669966469723363, 25.85860959948760396 ) ) ;
#5196 = AXIS2_PLACEMENT_3D ( 'NONE', #856, #408, #2207 ) ;
#5197 = FACE_OUTER_BOUND ( 'NONE', #2515, .T. ) ;
#5198 = CARTESIAN_POINT ( 'NONE',  ( 6.369997203826096133, 33.91486129659352144, 23.02497577391111250 ) ) ;
#5199 = CARTESIAN_POINT ( 'NONE',  ( 37.53424505788103716, -4.216678765556850728, 25.18018020270464419 ) ) ;
#5200 = ORIENTED_EDGE ( 'NONE', *, *, #5073, .F. ) ;
#5201 = VECTOR ( 'NONE', #623, 1000.000000000000000 ) ;
#5202 = CARTESIAN_POINT ( 'NONE',  ( -6.425174038822079936, -32.70002630973063162, -25.30100237433441279 ) ) ;
#5203 = FACE_OUTER_BOUND ( 'NONE', #5637, .T. ) ;
#5204 = PLANE ( 'NONE',  #1548 ) ;
#5205 = CARTESIAN_POINT ( 'NONE',  ( -6.370277451412512448, 39.14277033463491762, 26.58972121971432045 ) ) ;
#5206 = EDGE_LOOP ( 'NONE', ( #1438, #3895, #2883, #3568, #1102, #4419, #1741, #2530, #5671, #3262, #3923, #2604, #3704, #1581, #3908, #4936 ) ) ;
#5207 = DIRECTION ( 'NONE',  ( 0.000000000000000000, 0.000000000000000000, -1.000000000000000000 ) ) ;
#5208 = ADVANCED_FACE ( 'NONE', ( #5571 ), #3524, .T. ) ;
#5209 = CARTESIAN_POINT ( 'NONE',  ( 33.17896879585497771, 6.951175264979377211, -26.20643559973197156 ) ) ;
#5210 = CARTESIAN_POINT ( 'NONE',  ( 6.370000036568015389, -36.68945854067287371, 25.66444631991715042 ) ) ;
#5211 = CARTESIAN_POINT ( 'NONE',  ( 34.91711289112019756, 6.369999999861399864, 24.28912300069004715 ) ) ;
#5212 = CARTESIAN_POINT ( 'NONE',  ( -40.18951802315781663, -5.922811532237467702, 26.59077587279871935 ) ) ;
#5213 = ORIENTED_EDGE ( 'NONE', *, *, #3554, .T. ) ;
#5214 = ORIENTED_EDGE ( 'NONE', *, *, #4303, .T. ) ;
#5215 = CARTESIAN_POINT ( 'NONE',  ( -5.769103640483775663, 39.47008758432417608, 26.38081540440441941 ) ) ;
#5216 = ORIENTED_EDGE ( 'NONE', *, *, #3523, .F. ) ;
#5217 = CARTESIAN_POINT ( 'NONE',  ( -36.87001198574350269, 6.369999464994853255, 25.76062993346488739 ) ) ;
#5218 = CARTESIAN_POINT ( 'NONE',  ( -32.81739289347474653, -6.370000000254879780, 20.37137683594480109 ) ) ;
#5219 = CARTESIAN_POINT ( 'NONE',  ( 32.65449433079564301, 6.370000000002772111, 19.38922875141136970 ) ) ;
#5220 = CARTESIAN_POINT ( 'NONE',  ( -6.369999860293440008, -36.89459183200148118, 25.77386701835525784 ) ) ;
#5221 = TOROIDAL_SURFACE ( 'NONE', #4093, 8.500000000000000000, 2.000000000000000000 ) ;
#5222 = CARTESIAN_POINT ( 'NONE',  ( -40.77543378064620327, 6.369999999995749285, 26.75000000000000000 ) ) ;
#5223 = CARTESIAN_POINT ( 'NONE',  ( 6.369931297104226786, 37.73363619641596500, 26.16557161691063627 ) ) ;
#5224 = CARTESIAN_POINT ( 'NONE',  ( 39.13449499850625557, -4.877231632309178444, 26.22686747170177668 ) ) ;
#5225 = ORIENTED_EDGE ( 'NONE', *, *, #125, .F. ) ;
#5226 = ADVANCED_FACE ( 'NONE', ( #5654 ), #4728, .T. ) ;
#5227 = CARTESIAN_POINT ( 'NONE',  ( -7.217196202539299499, -33.44052804155288072, -26.44629615942046286 ) ) ;
#5228 = CARTESIAN_POINT ( 'NONE',  ( -6.369999999993000372, -32.89326045844189395, 20.67227652432920237 ) ) ;
#5229 = MECHANICAL_CONTEXT ( 'NONE', #1354, 'mechanical' ) ;
#5230 = DIRECTION ( 'NONE',  ( 0.000000000000000000, 0.000000000000000000, 1.000000000000000000 ) ) ;
#5231 = ADVANCED_FACE ( 'NONE', ( #2742 ), #1212, .T. ) ;
#5232 = B_SPLINE_CURVE_WITH_KNOTS ( 'NONE', 3,
 ( #3545, #2635, #2963, #3903, #3982, #5731, #366, #2557, #4429, #5756, #1679, #394, #5248, #1260, #2194, #1757, #1174, #2166, #319, #2525, #4319, #5702, #2991, #287, #2088, #1731, #5678, #1703, #3464, #3876, #5652, #1654, #3954, #3436, #5220, #3026, #4815, #4842, #1205, #797, #2589, #4378, #3051, #344, #2140, #3494, #5277, #822, #2610, #5433, #1785, #2662, #2688, #5382, #448, #66, #1816 ),
 .UNSPECIFIED., .F., .F.,
 ( 4, 2, 2, 1, 1, 1, 1, 2, 2, 2, 2, 2, 1, 1, 1, 2, 2, 2, 2, 1, 1, 1, 1, 1, 2, 2, 2, 2, 2, 1, 1, 1, 2, 2, 2, 4 ),
 ( 0.000000000000000000, 0.1250000000003060607, 0.1875000000004586886, 0.2187500000005345724, 0.2343750000005734024, 0.2421875000005923040, 0.2460937500006012413, 0.2480468750006062373, 0.2500000000006111778, 0.3750000000009983681, 0.4375000000011912138, 0.4687500000012876922, 0.4843750000013365975, 0.4921875000013603563, 0.4960937500013720136, 0.4980468750013785084, 0.5000000000013850032, 0.5625000000015857315, 0.5937500000016865398, 0.6093750000017368329, 0.6171875000017612578, 0.6210937500017738033, 0.6230468750017792434, 0.6240234375017829072, 0.6245117187517840174, 0.6250000000017851276, 0.6875000000015126789, 0.7187500000013757884, 0.7343750000013072876, 0.7421875000012730927, 0.7460937500012555512, 0.7480468750012466694, 0.7490234375012427837, 0.7500000000012387869, 0.8750000000006193934, 1.000000000000000000 ),
 .UNSPECIFIED. ) ;
#5233 = VERTEX_POINT ( 'NONE', #1330 ) ;
#5234 = EDGE_CURVE ( 'NONE', #4089, #2009, #17, .T. ) ;
#5235 = CARTESIAN_POINT ( 'NONE',  ( 35.58065414161097095, -5.986062400817576012, 21.02108994158083632 ) ) ;
#5236 = CARTESIAN_POINT ( 'NONE',  ( 33.17545720447878921, 6.947512253826396922, -26.20248585530123364 ) ) ;
#5237 = CARTESIAN_POINT ( 'NONE',  ( 6.370154876767708529, -38.77862709157901122, 26.50420942145293424 ) ) ;
#5238 = DIRECTION ( 'NONE',  ( 0.000000000000000000, 0.000000000000000000, -1.000000000000000000 ) ) ;
#5239 = CARTESIAN_POINT ( 'NONE',  ( -33.88078986772769952, -6.369999999869129681, 22.99811133327274959 ) ) ;
#5240 = ORIENTED_EDGE ( 'NONE', *, *, #2141, .T. ) ;
#5241 = ORIENTED_EDGE ( 'NONE', *, *, #2842, .T. ) ;
#5242 = EDGE_LOOP ( 'NONE', ( #170, #2562, #1658, #3119 ) ) ;
#5243 = CARTESIAN_POINT ( 'NONE',  ( -5.770700466177650867, 40.87658581193500140, 26.70867566345915023 ) ) ;
#5244 = ORIENTED_EDGE ( 'NONE', *, *, #5256, .F. ) ;
#5245 = CARTESIAN_POINT ( 'NONE',  ( 32.58500000000424990, -3.386891796948949818, 20.75000000000000000 ) ) ;
#5246 = DIRECTION ( 'NONE',  ( 0.000000000000000000, 0.000000000000000000, 1.000000000000000000 ) ) ;
#5247 = CARTESIAN_POINT ( 'NONE',  ( 3.370805018344539938, 35.58500000000000085, 19.41670979740765191 ) ) ;
#5248 = CARTESIAN_POINT ( 'NONE',  ( -6.369999995263346371, -33.96818730850841206, 23.10660678836986648 ) ) ;
#5249 = CARTESIAN_POINT ( 'NONE',  ( -41.40502975198560165, 6.214141323175280007, 26.75000000000000000 ) ) ;
#5250 = CARTESIAN_POINT ( 'NONE',  ( 6.369999202317567111, 38.10525666524569033, 26.30326717336498277 ) ) ;
#5251 = CARTESIAN_POINT ( 'NONE',  ( -5.151059419353752666, 39.74391380659637463, 26.46116452989334533 ) ) ;
#5252 = ORIENTED_EDGE ( 'NONE', *, *, #2471, .T. ) ;
#5253 = VECTOR ( 'NONE', #3080, 999.9999999999998863 ) ;
#5254 = AXIS2_PLACEMENT_3D ( 'NONE', #5091, #1480, #2301 ) ;
#5255 = CARTESIAN_POINT ( 'NONE',  ( -7.366015619805793335, -33.59180738539497924, -26.54704574441818110 ) ) ;
#5256 = EDGE_CURVE ( 'NONE', #354, #1597, #4998, .T. ) ;
#5257 = DIRECTION ( 'NONE',  ( -1.000000000000000000, 0.000000000000000000, 0.000000000000000000 ) ) ;
#5258 = CIRCLE ( 'NONE', #3755, 3.000000000000000000 ) ;
#5259 = EDGE_CURVE ( 'NONE', #4293, #2946, #3822, .T. ) ;
#5260 = FACE_OUTER_BOUND ( 'NONE', #2593, .T. ) ;
#5261 = VERTEX_POINT ( 'NONE', #1071 ) ;
#5262 = CIRCLE ( 'NONE', #3947, 41.27000000000000313 ) ;
#5263 = CARTESIAN_POINT ( 'NONE',  ( -32.65449433079535879, -6.370000000004250040, 26.75000000000000000 ) ) ;
#5264 = CARTESIAN_POINT ( 'NONE',  ( 6.370000000007125074, -40.43329962436631320, 26.75000000000000355 ) ) ;
#5265 = CARTESIAN_POINT ( 'NONE',  ( 46.48505378704070523, 41.28399214238000070, -57.89999999999999858 ) ) ;
#5266 = CARTESIAN_POINT ( 'NONE',  ( -38.33870111827699390, -4.541667107488279953, 25.79931481396230097 ) ) ;
#5267 = VERTEX_POINT ( 'NONE', #4123 ) ;
#5268 = CIRCLE ( 'NONE', #1144, 2.000000000000001776 ) ;
#5269 = ORIENTED_EDGE ( 'NONE', *, *, #2137, .F. ) ;
#5270 = CIRCLE ( 'NONE', #2733, 5.461000000000000298 ) ;
#5271 = EDGE_LOOP ( 'NONE', ( #4580, #5399, #5186, #3762 ) ) ;
#5272 = CARTESIAN_POINT ( 'NONE',  ( -4.298525160568495096, 37.73990400501745057, 25.37069840418844890 ) ) ;
#5273 = ORIENTED_EDGE ( 'NONE', *, *, #2116, .T. ) ;
#5274 = CARTESIAN_POINT ( 'NONE',  ( -6.369999999993000372, -41.58500000000149299, 26.75000000000000000 ) ) ;
#5275 = CARTESIAN_POINT ( 'NONE',  ( 8.053330544171240390, 34.33826971683809859, -26.75000000000000000 ) ) ;
#5276 = DIRECTION ( 'NONE',  ( 0.000000000000000000, 0.000000000000000000, 1.000000000000000000 ) ) ;
#5277 = CARTESIAN_POINT ( 'NONE',  ( -6.369988575802910447, -37.99076488247494154, 26.26312568717688833 ) ) ;
#5278 = CARTESIAN_POINT ( 'NONE',  ( 6.369983780156397657, 35.61859422955107135, 24.92546323967053468 ) ) ;
#5279 = CARTESIAN_POINT ( 'NONE',  ( -4.057111519541401812, 37.13249755705793120, 24.77634450288498513 ) ) ;
#5280 = CARTESIAN_POINT ( 'NONE',  ( 35.58500000000424279, 3.370805018347220017, 20.75000000000000000 ) ) ;
#5281 = VECTOR ( 'NONE', #2466, 1000.000000000000000 ) ;
#5282 =( BOUNDED_SURFACE ( )  B_SPLINE_SURFACE ( 3, 2, ( 
 ( #4103, #928, #3127 ),
 ( #3656, #3210, #2721 ),
 ( #5009, #5782, #4134 ),
 ( #4981, #4076, #5409 ) ),
 .UNSPECIFIED., .F., .F., .T. ) 
 B_SPLINE_SURFACE_WITH_KNOTS ( ( 4, 4 ),
 ( 3, 3 ),
 ( 0.01245777672655764071, 0.01339178868914856109 ),
 ( 0.000000000000000000, 1.000000000000000000 ),
 .UNSPECIFIED. ) 
 GEOMETRIC_REPRESENTATION_ITEM ( )  RATIONAL_B_SPLINE_SURFACE ( (
 ( 1.000000000000000000, 0.9959502448730729318, 1.000000000000000000),
 ( 1.000000000000000000, 0.9986434496490310675, 1.000000000000000000),
 ( 1.000000000000000000, 1.000002076451227850, 1.000000000000000000),
 ( 1.000000000000000000, 1.000000000000000000, 1.000000000000000000) ) ) 
 REPRESENTATION_ITEM ( '' )  SURFACE ( )  );
#5283 = APPROVAL_DATE_TIME ( #3989, #1061 ) ;
#5284 = CARTESIAN_POINT ( 'NONE',  ( -6.369886739673405351, 37.20016149239553016, 25.93069993895602821 ) ) ;
#5285 = VECTOR ( 'NONE', #4202, 1000.000000000000000 ) ;
#5286 = DIRECTION ( 'NONE',  ( 0.000000000000000000, 0.000000000000000000, -1.000000000000000000 ) ) ;
#5287 = ORIENTED_EDGE ( 'NONE', *, *, #48, .T. ) ;
#5288 = DIRECTION ( 'NONE',  ( 2.508033941171289955E-16, 1.000000000000000000, 0.000000000000000000 ) ) ;
#5289 = DIRECTION ( 'NONE',  ( -1.000000000000000000, 0.000000000000000000, 0.000000000000000000 ) ) ;
#5290 = CARTESIAN_POINT ( 'NONE',  ( 32.58500000000424990, -3.370805018341700432, 26.75000000000000000 ) ) ;
#5291 = ORIENTED_EDGE ( 'NONE', *, *, #2712, .F. ) ;
#5292 = VERTEX_POINT ( 'NONE', #1420 ) ;
#5293 = ORIENTED_EDGE ( 'NONE', *, *, #1604, .T. ) ;
#5294 = DIRECTION ( 'NONE',  ( 0.000000000000000000, 0.000000000000000000, -1.000000000000000000 ) ) ;
#5295 = ADVANCED_FACE ( 'NONE', ( #60 ), #1728, .F. ) ;
#5296 = ORIENTED_EDGE ( 'NONE', *, *, #5649, .F. ) ;
#5297 = DIRECTION ( 'NONE',  ( 0.000000000000000000, 0.000000000000000000, -1.000000000000000000 ) ) ;
#5298 = DIRECTION ( 'NONE',  ( 1.000000000000000000, 0.000000000000000000, 0.000000000000000000 ) ) ;
#5299 = CARTESIAN_POINT ( 'NONE',  ( 39.86387350041407274, 5.208072006290817235, 26.49799732404008878 ) ) ;
#5300 = DIRECTION ( 'NONE',  ( 0.000000000000000000, 0.000000000000000000, 1.000000000000000000 ) ) ;
#5301 = CARTESIAN_POINT ( 'NONE',  ( 32.89326045844030233, 6.370000000002770335, 20.67227652433030016 ) ) ;
#5302 = CARTESIAN_POINT ( 'NONE',  ( 3.386891796958809486, -35.58500000000150010, 20.75000000000000000 ) ) ;
#5303 = ADVANCED_FACE ( 'NONE', ( #595 ), #4821, .F. ) ;
#5304 = CARTESIAN_POINT ( 'NONE',  ( -6.370000000000000107, 32.65449433079620434, 26.75000000000000000 ) ) ;
#5305 = VECTOR ( 'NONE', #842, 1000.000000000000000 ) ;
#5306 = CARTESIAN_POINT ( 'NONE',  ( -6.370000000029079956, 32.75709115665924998, 20.05646898451579929 ) ) ;
#5307 = CARTESIAN_POINT ( 'NONE',  ( -6.370000000000000107, 32.89326045844055102, 20.67227652432920237 ) ) ;
#5308 = DIRECTION ( 'NONE',  ( 0.000000000000000000, 0.000000000000000000, 1.000000000000000000 ) ) ;
#5309 =( BOUNDED_SURFACE ( )  B_SPLINE_SURFACE ( 3, 2, ( 
 ( #4153, #566, #5094 ),
 ( #1038, #1073, #4653 ),
 ( #1922, #2362, #1483 ),
 ( #121, #3202, #3806 ) ),
 .UNSPECIFIED., .F., .F., .T. ) 
 B_SPLINE_SURFACE_WITH_KNOTS ( ( 4, 4 ),
 ( 3, 3 ),
 ( 0.01245777672655468127, 0.01339178868914856109 ),
 ( 0.000000000000000000, 1.000000000000000000 ),
 .UNSPECIFIED. ) 
 GEOMETRIC_REPRESENTATION_ITEM ( )  RATIONAL_B_SPLINE_SURFACE ( (
 ( 1.000000000000000000, 0.9959502448730469526, 1.000000000000000000),
 ( 1.000000000000000000, 0.9986434496490239621, 1.000000000000000000),
 ( 1.000000000000000000, 1.000002076451227850, 1.000000000000000000),
 ( 1.000000000000000000, 1.000000000000000000, 1.000000000000000000) ) ) 
 REPRESENTATION_ITEM ( '' )  SURFACE ( )  );
#5310 = ORIENTED_EDGE ( 'NONE', *, *, #4466, .T. ) ;
#5311 = LINE ( 'NONE', #5743, #1909 ) ;
#5312 = DIRECTION ( 'NONE',  ( -1.000000000000000000, 0.000000000000000000, 0.000000000000000000 ) ) ;
#5313 = DIRECTION ( 'NONE',  ( 0.000000000000000000, 0.000000000000000000, -1.000000000000000000 ) ) ;
#5314 = ADVANCED_FACE ( 'NONE', ( #1921 ), #2889, .F. ) ;
#5315 = VERTEX_POINT ( 'NONE', #1549 ) ;
#5316 = EDGE_LOOP ( 'NONE', ( #270, #1522, #3164, #1415, #2915, #4424 ) ) ;
#5317 = ORIENTED_EDGE ( 'NONE', *, *, #47, .F. ) ;
#5318 = FACE_OUTER_BOUND ( 'NONE', #1411, .T. ) ;
#5319 = ADVANCED_FACE ( 'NONE', ( #4999 ), #5028, .F. ) ;
#5320 = AXIS2_PLACEMENT_3D ( 'NONE', #3517, #445, #4839 ) ;
#5321 = CARTESIAN_POINT ( 'NONE',  ( -34.58825824461137444, -6.369772324009571385, 23.93051126880152424 ) ) ;
#5322 = ORIENTED_EDGE ( 'NONE', *, *, #2408, .F. ) ;
#5323 = EDGE_CURVE ( 'NONE', #359, #2984, #87, .T. ) ;
#5324 = DIRECTION ( 'NONE',  ( 1.000000000000000000, 0.000000000000000000, 0.000000000000000000 ) ) ;
#5325 = CARTESIAN_POINT ( 'NONE',  ( 34.88999415118996694, -6.369765971850856801, 24.26094403880299666 ) ) ;
#5326 = CARTESIAN_POINT ( 'NONE',  ( 6.366603003318510368, 41.58107748233109646, 26.75000000000000000 ) ) ;
#5327 = CARTESIAN_POINT ( 'NONE',  ( -34.01782933477210946, 7.765774203318293267, -26.71513655112849506 ) ) ;
#5328 = EDGE_CURVE ( 'NONE', #2035, #4089, #1285, .T. ) ;
#5329 = EDGE_CURVE ( 'NONE', #4625, #4607, #1064, .T. ) ;
#5330 = CARTESIAN_POINT ( 'NONE',  ( -35.58499999999724395, 3.386891796948224620, 20.75000000000000000 ) ) ;
#5331 = FACE_OUTER_BOUND ( 'NONE', #2576, .T. ) ;
#5332 = FACE_OUTER_BOUND ( 'NONE', #1153, .T. ) ;
#5333 = CARTESIAN_POINT ( 'NONE',  ( -6.370000000139049767, -36.48654928224530636, 25.55346655363480224 ) ) ;
#5334 = CARTESIAN_POINT ( 'NONE',  ( 6.369999999735640017, 33.20207998356140422, 21.67598539906079935 ) ) ;
#5335 = CARTESIAN_POINT ( 'NONE',  ( 33.59427512800076698, 7.368280413466823831, -26.54775848146599415 ) ) ;
#5336 = B_SPLINE_CURVE_WITH_KNOTS ( 'NONE', 3,
 ( #3363, #1641, #1763, #4243, #3104, #784, #2015, #3803, #5151, #5665, #1576, #4272, #3862, #4366, #3423, #1125, #2570, #1666, #5640, #649, #5236, #5209, #1155, #1190, #1315, #2979, #243, #5584, #2917, #1217, #1607, #4773, #2044, #4713, #5335, #685, #4746, #3831, #749, #331, #5614, #3391 ),
 .UNSPECIFIED., .F., .F.,
 ( 4, 2, 2, 1, 1, 2, 2, 2, 2, 1, 1, 1, 2, 2, 2, 1, 1, 1, 2, 2, 2, 2, 2, 2, 4 ),
 ( 0.000000000000000000, 0.1250000000000172085, 0.1875000000000238420, 0.2187500000000271450, 0.2343750000000296152, 0.2421875000000300038, 0.2500000000000303646, 0.3749999999999850675, 0.4374999999999637512, 0.4687499999999518718, 0.4843749999999475420, 0.4921874999999464317, 0.4960937499999458211, 0.4999999999999452660, 0.5624999999999338307, 0.5937499999999261702, 0.6093749999999241718, 0.6171874999999212852, 0.6210937499999213962, 0.6249999999999215072, 0.6874999999999314992, 0.7187499999999388267, 0.7499999999999461542, 0.8749999999999731326, 1.000000000000000000 ),
 .UNSPECIFIED. ) ;
#5337 = CARTESIAN_POINT ( 'NONE',  ( 5.532527689349313604, -36.21378689280125229, 23.44028736243490485 ) ) ;
#5338 = CONICAL_SURFACE ( 'NONE', #4503, 80.40000000000000568, 0.7853981633974405074 ) ;
#5339 = CARTESIAN_POINT ( 'NONE',  ( -6.370000424139247386, 38.17200131865881474, 26.32591366253919674 ) ) ;
#5340 = CARTESIAN_POINT ( 'NONE',  ( 35.72060367004885251, -5.730493809364778812, 22.07621144685116477 ) ) ;
#5341 = EDGE_CURVE ( 'NONE', #5016, #5688, #1818, .T. ) ;
#5342 = ORIENTED_EDGE ( 'NONE', *, *, #3396, .T. ) ;
#5343 = CARTESIAN_POINT ( 'NONE',  ( 6.369999642289405628, -33.98446675050585952, 23.13115111322991169 ) ) ;
#5344 = DIRECTION ( 'NONE',  ( 0.000000000000000000, 0.000000000000000000, -1.000000000000000000 ) ) ;
#5345 = DIRECTION ( 'NONE',  ( -1.000000000000000000, 0.000000000000000000, 0.000000000000000000 ) ) ;
#5346 = ORIENTED_EDGE ( 'NONE', *, *, #3580, .F. ) ;
#5347 = ORIENTED_EDGE ( 'NONE', *, *, #5175, .F. ) ;
#5348 = ADVANCED_FACE ( 'NONE', ( #4444 ), #4061, .T. ) ;
#5349 = DIRECTION ( 'NONE',  ( 0.000000000000000000, 0.000000000000000000, 1.000000000000000000 ) ) ;
#5350 = AXIS2_PLACEMENT_3D ( 'NONE', #4919, #4480, #533 ) ;
#5351 = CARTESIAN_POINT ( 'NONE',  ( 41.58500000000424279, -6.369999999997220108, 26.75000000000000000 ) ) ;
#5352 = CARTESIAN_POINT ( 'NONE',  ( -38.20044959900629777, -6.370001667199333362, 26.33540011052058105 ) ) ;
#5353 = EDGE_LOOP ( 'NONE', ( #348, #2395, #3672, #3801 ) ) ;
#5354 = CARTESIAN_POINT ( 'NONE',  ( 0.000000000000000000, 0.000000000000000000, -48.30079999999999529 ) ) ;
#5355 = VECTOR ( 'NONE', #3055, 1000.000000000000000 ) ;
#5356 = CARTESIAN_POINT ( 'NONE',  ( 6.168188170249599978, 41.35195847424324711, 26.74649669316304923 ) ) ;
#5357 = CARTESIAN_POINT ( 'NONE',  ( -32.81750310096044387, 6.558878452273063431, -25.61475566102958012 ) ) ;
#5358 = CARTESIAN_POINT ( 'NONE',  ( -37.58499999999724395, 3.370805018340389925, -24.75000000000000000 ) ) ;
#5359 = CARTESIAN_POINT ( 'NONE',  ( 3.378215731349434758, -35.58500000000150010, 20.41700341931170115 ) ) ;
#5360 = PLANE ( 'NONE',  #382 ) ;
#5361 = DIRECTION ( 'NONE',  ( 8.360113137237628665E-17, -1.000000000000000000, 0.000000000000000000 ) ) ;
#5362 = CARTESIAN_POINT ( 'NONE',  ( 4.298525160569194981, 37.73990400501570264, 25.37069840418719835 ) ) ;
#5363 = CARTESIAN_POINT ( 'NONE',  ( -37.13249755705085420, -4.057111519542673683, 24.77634450288052292 ) ) ;
#5364 = CARTESIAN_POINT ( 'NONE',  ( 41.50000000000000000, -41.50000000000000000, -26.75000000000000000 ) ) ;
#5365 = CARTESIAN_POINT ( 'NONE',  ( -6.369999962424324202, 35.79996877891468898, 25.06777011158671797 ) ) ;
#5366 = AXIS2_PLACEMENT_3D ( 'NONE', #5517, #2330, #5457 ) ;
#5367 = CARTESIAN_POINT ( 'NONE',  ( 6.742799116403985771, -32.98273853493282814, -25.94499442839493852 ) ) ;
#5368 = CARTESIAN_POINT ( 'NONE',  ( 40.46313664332051729, -5.993611879610638127, 26.64692192518967317 ) ) ;
#5369 = EDGE_LOOP ( 'NONE', ( #2760, #2049, #855, #2093 ) ) ;
#5370 = AXIS2_PLACEMENT_3D ( 'NONE', #54, #146, #3669 ) ;
#5371 = CARTESIAN_POINT ( 'NONE',  ( 6.370000000006999841, -32.89326045843935020, 20.67227652432984897 ) ) ;
#5372 = CARTESIAN_POINT ( 'NONE',  ( 38.46545669534280165, 6.370049987256080293, 26.41829815004449244 ) ) ;
#5373 = CARTESIAN_POINT ( 'NONE',  ( 41.58500000000424279, 2.264944293516574930E-14, 26.75000000000000000 ) ) ;
#5374 = EDGE_LOOP ( 'NONE', ( #3059, #2054, #2184, #217 ) ) ;
#5375 = ADVANCED_FACE ( 'NONE', ( #5396 ), #2621, .F. ) ;
#5376 = CARTESIAN_POINT ( 'NONE',  ( 41.50000000000000000, -50.00000000000000000, -28.75000000000000000 ) ) ;
#5377 = CARTESIAN_POINT ( 'NONE',  ( -4.940104320163119844, -39.27831405812816712, 26.28908046726825276 ) ) ;
#5378 = CARTESIAN_POINT ( 'NONE',  ( -37.11798021104198142, -6.369916902554287219, 25.88983379810187202 ) ) ;
#5379 = LINE ( 'NONE', #1010, #1784 ) ;
#5380 = CARTESIAN_POINT ( 'NONE',  ( -5.903547014039430607, -41.04528918709825547, 26.72567671803244949 ) ) ;
#5381 = CARTESIAN_POINT ( 'NONE',  ( 41.50000000000000000, 41.50000000000000000, -28.75000000000000000 ) ) ;
#5382 = CARTESIAN_POINT ( 'NONE',  ( -6.370337550987144049, -39.15495630042844510, 26.60069846590300813 ) ) ;
#5383 = CARTESIAN_POINT ( 'NONE',  ( 33.63101067088774698, 6.370000000265569895, 22.58044848908715352 ) ) ;
#5384 = FACE_BOUND ( 'NONE', #2804, .T. ) ;
#5385 = CARTESIAN_POINT ( 'NONE',  ( -5.589676720307237723, -35.99114147750302806, 22.93803928294879313 ) ) ;
#5386 = CARTESIAN_POINT ( 'NONE',  ( -4.741503266655259452, -38.81887157606134764, 26.07750731349435114 ) ) ;
#5387 = CARTESIAN_POINT ( 'NONE',  ( 3.984032293519770285, 36.94834784636495328, 24.57658721908395094 ) ) ;
#5388 = CARTESIAN_POINT ( 'NONE',  ( -41.04528918709725360, -5.903547014047710206, 26.72567671803274791 ) ) ;
#5389 = CARTESIAN_POINT ( 'NONE',  ( -6.540503893199057117, 32.80134968336832202, -25.57277579986612182 ) ) ;
#5390 = DIRECTION ( 'NONE',  ( 0.000000000000000000, 0.000000000000000000, 1.000000000000000000 ) ) ;
#5391 = CARTESIAN_POINT ( 'NONE',  ( -6.369999025335421727, 33.99455495735124089, 23.14628790111426326 ) ) ;
#5392 = CARTESIAN_POINT ( 'NONE',  ( 6.941637807828142215, -33.16983003967294508, -26.19610343156793775 ) ) ;
#5393 = CARTESIAN_POINT ( 'NONE',  ( 40.00461954384184793, -6.369999999949199854, 26.71605156565919970 ) ) ;
#5394 = ORIENTED_EDGE ( 'NONE', *, *, #3996, .F. ) ;
#5395 = EDGE_CURVE ( 'NONE', #538, #1223, #5311, .T. ) ;
#5396 = FACE_OUTER_BOUND ( 'NONE', #3036, .T. ) ;
#5397 = CARTESIAN_POINT ( 'NONE',  ( 38.15979172518329676, 6.370000152525489234, 26.32181024418843407 ) ) ;
#5398 = FACE_BOUND ( 'NONE', #2474, .T. ) ;
#5399 = ORIENTED_EDGE ( 'NONE', *, *, #3621, .F. ) ;
#5400 = CARTESIAN_POINT ( 'NONE',  ( 41.50000000000000000, -41.50000000000000000, -39.89999999999999858 ) ) ;
#5401 = CARTESIAN_POINT ( 'NONE',  ( 6.370000000006859509, -32.73296161925242842, 20.03651244882023263 ) ) ;
#5402 = DIRECTION ( 'NONE',  ( 0.000000000000000000, 0.000000000000000000, 1.000000000000000000 ) ) ;
#5403 = CARTESIAN_POINT ( 'NONE',  ( 50.00000000000000000, 41.50000000000000000, -26.75000000000000000 ) ) ;
#5404 = DIRECTION ( 'NONE',  ( 0.000000000000000000, 0.000000000000000000, -1.000000000000000000 ) ) ;
#5405 = CARTESIAN_POINT ( 'NONE',  ( 46.10499999999999687, 5.646234067468869875E-15, 48.25000000000000000 ) ) ;
#5406 = CARTESIAN_POINT ( 'NONE',  ( -3.370805018337555303, -32.58500000000150010, 18.75000000000000000 ) ) ;
#5407 = CARTESIAN_POINT ( 'NONE',  ( 35.80766466816660198, 5.665588989266676201, 22.42176019486845817 ) ) ;
#5408 = CARTESIAN_POINT ( 'NONE',  ( -6.370000000243009275, -32.81739289348080035, 20.37137683594430015 ) ) ;
#5409 = CARTESIAN_POINT ( 'NONE',  ( 6.370000000000000107, 41.58499999999999375, 26.75000000000000000 ) ) ;
#5410 = CARTESIAN_POINT ( 'NONE',  ( -4.954623790321780241, -39.31592603352645199, 26.31655242200474731 ) ) ;
#5411 = CARTESIAN_POINT ( 'NONE',  ( 6.369999999952059788, 40.00461954384115160, 26.71605156565919970 ) ) ;
#5412 = CARTESIAN_POINT ( 'NONE',  ( -35.58499999999724395, -3.386891796956549960, 20.75000000000000000 ) ) ;
#5413 = CARTESIAN_POINT ( 'NONE',  ( -7.272470419277808240, 33.49623191249718701, -26.48595485338420374 ) ) ;
#5414 = CARTESIAN_POINT ( 'NONE',  ( 6.369999999872140606, -33.88078986772644896, 22.99811133327294854 ) ) ;
#5415 = EDGE_CURVE ( 'NONE', #4744, #5315, #3789, .T. ) ;
#5416 = FACE_OUTER_BOUND ( 'NONE', #1978, .T. ) ;
#5417 = CARTESIAN_POINT ( 'NONE',  ( 37.27482891462744163, -5.489327076798283578, 24.94815917563788332 ) ) ;
#5418 = ADVANCED_FACE ( 'NONE', ( #465 ), #4391, .F. ) ;
#5419 = VERTEX_POINT ( 'NONE', #1323 ) ;
#5420 = DIRECTION ( 'NONE',  ( 1.000000000000000000, 0.000000000000000000, 0.000000000000000000 ) ) ;
#5421 = CARTESIAN_POINT ( 'NONE',  ( 38.14915502988472440, 6.370000000314925970, 26.31822534725235840 ) ) ;
#5422 = CARTESIAN_POINT ( 'NONE',  ( -34.30215350257709872, 6.370000000063519963, 23.58057077360104969 ) ) ;
#5423 = ORIENTED_EDGE ( 'NONE', *, *, #4224, .T. ) ;
#5424 = AXIS2_PLACEMENT_3D ( 'NONE', #112, #4911, #466 ) ;
#5425 = EDGE_CURVE ( 'NONE', #1224, #464, #119, .T. ) ;
#5426 = CARTESIAN_POINT ( 'NONE',  ( 35.58500000000424990, -6.281802516826349603, 19.40896185967638488 ) ) ;
#5427 = CARTESIAN_POINT ( 'NONE',  ( 41.57323245023070513, 6.359809012758369740, 26.74998846038660005 ) ) ;
#5428 = CARTESIAN_POINT ( 'NONE',  ( -37.20016145902860671, -6.369886739641122730, 25.93069992279289337 ) ) ;
#5429 = CARTESIAN_POINT ( 'NONE',  ( -3.370805018344575021, 37.58500000000000085, -24.75000000000000000 ) ) ;
#5430 = CARTESIAN_POINT ( 'NONE',  ( 33.14148482045099087, -6.911929977240531819, -26.16320109924948767 ) ) ;
#5431 = CARTESIAN_POINT ( 'NONE',  ( 41.28399214237990122, -40.07671307857690124, -41.89999999999999858 ) ) ;
#5432 = CIRCLE ( 'NONE', #2082, 25.50118145901929978 ) ;
#5433 = CARTESIAN_POINT ( 'NONE',  ( -6.369999712405991055, -38.12204242883550620, 26.30901127994535571 ) ) ;
#5434 = CARTESIAN_POINT ( 'NONE',  ( -33.91486129660130899, 6.369997203822586052, 23.02497577392214367 ) ) ;
#5435 = AXIS2_PLACEMENT_3D ( 'NONE', #4192, #635, #3750 ) ;
#5436 = AXIS2_PLACEMENT_3D ( 'NONE', #4165, #703, #3751 ) ;
#5437 = DIRECTION ( 'NONE',  ( 0.000000000000000000, 0.000000000000000000, 1.000000000000000000 ) ) ;
#5438 = FACE_OUTER_BOUND ( 'NONE', #1222, .T. ) ;
#5439 = CARTESIAN_POINT ( 'NONE',  ( 3.634090523929740080, 36.07730396454225286, 23.13765668347824800 ) ) ;
#5440 = DIRECTION ( 'NONE',  ( 0.000000000000000000, 0.000000000000000000, 1.000000000000000000 ) ) ;
#5441 = CIRCLE ( 'NONE', #1245, 2.999999999999998668 ) ;
#5442 = DIRECTION ( 'NONE',  ( 0.000000000000000000, 0.000000000000000000, -1.000000000000000000 ) ) ;
#5443 = CARTESIAN_POINT ( 'NONE',  ( 6.018802013299742626, -40.55461482426690623, 26.66347199710273941 ) ) ;
#5444 = CARTESIAN_POINT ( 'NONE',  ( 4.920942984771209616, -39.23603880549871548, 26.27465337363019415 ) ) ;
#5445 = EDGE_LOOP ( 'NONE', ( #5746, #781, #4249, #5244 ) ) ;
#5446 = DIRECTION ( 'NONE',  ( -1.000000000000000000, 0.000000000000000000, 0.000000000000000000 ) ) ;
#5447 = CARTESIAN_POINT ( 'NONE',  ( 38.13877324202092467, -5.567873153221372995, 25.67092839606972632 ) ) ;
#5448 = ORIENTED_EDGE ( 'NONE', *, *, #528, .F. ) ;
#5449 = LINE ( 'NONE', #3764, #1446 ) ;
#5450 = CARTESIAN_POINT ( 'NONE',  ( 32.89326045844129709, -6.369999999997229878, 20.67227652433005147 ) ) ;
#5451 = CARTESIAN_POINT ( 'NONE',  ( -36.48654928224025440, 6.370000000141249785, 25.55346655363095110 ) ) ;
#5452 = EDGE_LOOP ( 'NONE', ( #1298, #4559, #5493, #5663 ) ) ;
#5453 = CARTESIAN_POINT ( 'NONE',  ( -35.58499999999726526, -6.302097268895760607, 18.74999999999997868 ) ) ;
#5454 = CARTESIAN_POINT ( 'NONE',  ( 3.370805018344539938, 37.58500000000000085, -26.75000000000000000 ) ) ;
#5455 = ADVANCED_FACE ( 'NONE', ( #3085 ), #887, .F. ) ;
#5456 = VECTOR ( 'NONE', #4254, 1000.000000000000000 ) ;
#5457 = DIRECTION ( 'NONE',  ( -1.000000000000000000, 0.000000000000000000, 0.000000000000000000 ) ) ;
#5458 = CARTESIAN_POINT ( 'NONE',  ( -39.21237764557545802, 4.911128610130699457, 26.26133087102604335 ) ) ;
#5459 = FACE_OUTER_BOUND ( 'NONE', #1835, .T. ) ;
#5460 = CARTESIAN_POINT ( 'NONE',  ( 32.82040776014458316, -6.562196485162995252, -25.62389386545069669 ) ) ;
#5461 = VECTOR ( 'NONE', #3407, 999.9999999999998863 ) ;
#5462 = EDGE_CURVE ( 'NONE', #2535, #4583, #1832, .T. ) ;
#5463 = CARTESIAN_POINT ( 'NONE',  ( -6.370000000068099411, 34.30215350257600448, 23.58057077360185261 ) ) ;
#5464 = DIRECTION ( 'NONE',  ( 0.000000000000000000, 0.000000000000000000, 1.000000000000000000 ) ) ;
#5465 = EDGE_LOOP ( 'NONE', ( #2211, #523, #2218, #4252, #2625, #1928 ) ) ;
#5466 = CARTESIAN_POINT ( 'NONE',  ( -35.74782502537160411, 6.369998877409900118, 25.02758584462451097 ) ) ;
#5467 = CARTESIAN_POINT ( 'NONE',  ( -40.82503573059429414, -6.103803483898592397, 26.70391456697587529 ) ) ;
#5468 = CARTESIAN_POINT ( 'NONE',  ( -3.370805018344575021, 35.58500000000000085, 20.75000000000000000 ) ) ;
#5469 = CARTESIAN_POINT ( 'NONE',  ( 6.369999999902919541, 39.21431344851514922, 26.60993602499064892 ) ) ;
#5470 = CARTESIAN_POINT ( 'NONE',  ( -35.58499999999725105, -3.402283701987242281, 21.14383826453151372 ) ) ;
#5471 = CARTESIAN_POINT ( 'NONE',  ( -6.988969219368796892, 33.21557275942124221, -26.24622035181308988 ) ) ;
#5472 = FACE_OUTER_BOUND ( 'NONE', #5185, .T. ) ;
#5473 = DIRECTION ( 'NONE',  ( 0.000000000000000000, 0.000000000000000000, -1.000000000000000000 ) ) ;
#5474 = ORIENTED_EDGE ( 'NONE', *, *, #3248, .T. ) ;
#5475 = CARTESIAN_POINT ( 'NONE',  ( 25.50118145901929978, 0.000000000000000000, -34.72660000000000480 ) ) ;
#5476 = CARTESIAN_POINT ( 'NONE',  ( 34.91711289112090100, -6.369999999856140072, 24.28912300069039887 ) ) ;
#5477 = ORIENTED_EDGE ( 'NONE', *, *, #2644, .F. ) ;
#5478 = CARTESIAN_POINT ( 'NONE',  ( -8.991085193482215132, -54.77446816760102166, 5.100000000000000533 ) ) ;
#5479 = LINE ( 'NONE', #3111, #5481 ) ;
#5480 = CARTESIAN_POINT ( 'NONE',  ( -38.22156841374630432, 6.369999999868590557, 26.34507798675674906 ) ) ;
#5481 = VECTOR ( 'NONE', #5797, 1000.000000000000000 ) ;
#5482 = EDGE_LOOP ( 'NONE', ( #2437, #1959, #1803, #4141 ) ) ;
#5483 = DIRECTION ( 'NONE',  ( 0.000000000000000000, 0.000000000000000000, -1.000000000000000000 ) ) ;
#5484 = AXIS2_PLACEMENT_3D ( 'NONE', #467, #1386, #27 ) ;
#5485 = CARTESIAN_POINT ( 'NONE',  ( -33.74172258842127547, -7.509471035869863975, -26.62249605339299663 ) ) ;
#5486 = CARTESIAN_POINT ( 'NONE',  ( -40.06467397811530162, 5.306135583033132264, 26.55419000325534284 ) ) ;
#5487 = DIRECTION ( 'NONE',  ( -1.672022627447524747E-16, -1.000000000000000000, 0.000000000000000000 ) ) ;
#5488 = CARTESIAN_POINT ( 'NONE',  ( 33.38839386716524160, -7.165625086386791409, -26.40633090241573910 ) ) ;
#5489 = ORIENTED_EDGE ( 'NONE', *, *, #309, .T. ) ;
#5490 = EDGE_CURVE ( 'NONE', #3964, #4583, #398, .T. ) ;
#5491 = CARTESIAN_POINT ( 'NONE',  ( -41.13373057025713564, -6.213682913128041996, 26.73769913455516445 ) ) ;
#5492 = CARTESIAN_POINT ( 'NONE',  ( 0.000000000000000000, 0.000000000000000000, -24.75000000000000000 ) ) ;
#5493 = ORIENTED_EDGE ( 'NONE', *, *, #4004, .T. ) ;
#5494 = EDGE_CURVE ( 'NONE', #3540, #1514, #4362, .T. ) ;
#5495 = AXIS2_PLACEMENT_3D ( 'NONE', #4817, #800, #2591 ) ;
#5496 = B_SPLINE_CURVE_WITH_KNOTS ( 'NONE', 3,
 ( #453, #2061, #4601, #4193, #5569, #580, #257, #3816, #4225, #197 ),
 .UNSPECIFIED., .F., .F.,
 ( 4, 3, 3, 4 ),
 ( -1.556700298231270191E-05, 0.000000000000000000, 0.0004390277440794884906, 0.0006982593775242648985 ),
 .UNSPECIFIED. ) ;
#5497 = CARTESIAN_POINT ( 'NONE',  ( 36.92182410588236507, 6.369999664724463884, 25.78842467912564018 ) ) ;
#5498 = CYLINDRICAL_SURFACE ( 'NONE', #124, 5.999999999999998224 ) ;
#5499 = CARTESIAN_POINT ( 'NONE',  ( 41.58500000000424279, 6.370000000002770335, 26.75000000000000000 ) ) ;
#5500 = EDGE_CURVE ( 'NONE', #2984, #3292, #972, .T. ) ;
#5501 = FACE_OUTER_BOUND ( 'NONE', #4276, .T. ) ;
#5502 = LINE ( 'NONE', #3280, #190 ) ;
#5503 = CARTESIAN_POINT ( 'NONE',  ( -6.485912829495211973, 32.75367563658041092, -25.43485752101806341 ) ) ;
#5504 = CARTESIAN_POINT ( 'NONE',  ( 4.479019300629520473, -38.18536040912839979, 25.69735837497584896 ) ) ;
#5505 = CARTESIAN_POINT ( 'NONE',  ( -3.428875536336637886, 35.62389061571148829, 21.53420139889939833 ) ) ;
#5506 = VERTEX_POINT ( 'NONE', #5052 ) ;
#5507 = EDGE_CURVE ( 'NONE', #4180, #4991, #798, .T. ) ;
#5508 = CARTESIAN_POINT ( 'NONE',  ( 7.274817384322490810, -33.49850313222868436, -26.48852270733956260 ) ) ;
#5509 = DIRECTION ( 'NONE',  ( 0.000000000000000000, 0.000000000000000000, 1.000000000000000000 ) ) ;
#5510 = ORIENTED_EDGE ( 'NONE', *, *, #4973, .T. ) ;
#5511 = CYLINDRICAL_SURFACE ( 'NONE', #2851, 5.461000000000000298 ) ;
#5512 = CARTESIAN_POINT ( 'NONE',  ( -37.62939739159319430, 6.369999999969199855, 26.12567189971970194 ) ) ;
#5513 = ORIENTED_EDGE ( 'NONE', *, *, #2811, .T. ) ;
#5514 = ADVANCED_FACE ( 'NONE', ( #4644 ), #2297, .F. ) ;
#5515 = CARTESIAN_POINT ( 'NONE',  ( 33.40189992810696396, -6.369847394846510191, 22.10448804923711918 ) ) ;
#5516 = CARTESIAN_POINT ( 'NONE',  ( 0.000000000000000000, 0.000000000000000000, -24.75000000000000000 ) ) ;
#5517 = CARTESIAN_POINT ( 'NONE',  ( 0.000000000000000000, 0.000000000000000000, -24.75000000000000000 ) ) ;
#5518 = CARTESIAN_POINT ( 'NONE',  ( 38.62011465385551645, 5.631291378833783945, 25.97449334109819929 ) ) ;
#5519 = DIRECTION ( 'NONE',  ( 1.000000000000000000, 0.000000000000000000, 0.000000000000000000 ) ) ;
#5520 = CIRCLE ( 'NONE', #457, 3.000000000000002665 ) ;
#5521 = ORIENTED_EDGE ( 'NONE', *, *, #3872, .F. ) ;
#5522 = CIRCLE ( 'NONE', #4030, 41.27000000000000313 ) ;
#5523 = DIRECTION ( 'NONE',  ( 0.000000000000000000, 0.000000000000000000, -1.000000000000000000 ) ) ;
#5524 = ORIENTED_EDGE ( 'NONE', *, *, #2817, .T. ) ;
#5525 = CARTESIAN_POINT ( 'NONE',  ( -5.568025807426348450, 36.06042247735664574, 23.10848827329601107 ) ) ;
#5526 = CARTESIAN_POINT ( 'NONE',  ( -41.50000000000000000, 37.58500000000000085, -26.75000000000000000 ) ) ;
#5527 = CIRCLE ( 'NONE', #4506, 8.500000000000000000 ) ;
#5528 = ORIENTED_EDGE ( 'NONE', *, *, #2976, .T. ) ;
#5529 = ORIENTED_EDGE ( 'NONE', *, *, #2393, .F. ) ;
#5530 = CARTESIAN_POINT ( 'NONE',  ( -35.70438881570413514, 6.369995676368085391, 24.99366876551742678 ) ) ;
#5531 = TOROIDAL_SURFACE ( 'NONE', #3761, 8.500000000000000000, 2.000000000000000000 ) ;
#5532 = DIRECTION ( 'NONE',  ( 0.000000000000000000, 0.000000000000000000, -1.000000000000000000 ) ) ;
#5533 = CARTESIAN_POINT ( 'NONE',  ( 41.13373057026038282, 6.213682913120540441, 26.73769913456041536 ) ) ;
#5534 = VECTOR ( 'NONE', #2283, 1000.000000000000000 ) ;
#5535 = CARTESIAN_POINT ( 'NONE',  ( 50.16732543915720299, 3.666935421121998218, 26.75000000000000000 ) ) ;
#5536 = CARTESIAN_POINT ( 'NONE',  ( 41.50000000000000000, 41.50000000000000000, -41.89999999999999858 ) ) ;
#5537 = DIRECTION ( 'NONE',  ( 0.9063077870366497146, -0.4226182617406998854, 0.000000000000000000 ) ) ;
#5538 = CARTESIAN_POINT ( 'NONE',  ( 6.370000000071500246, -40.58929969001140137, 26.74845202696574731 ) ) ;
#5539 = AXIS2_PLACEMENT_3D ( 'NONE', #821, #2165, #3953 ) ;
#5540 = CARTESIAN_POINT ( 'NONE',  ( 3.598772062569648433, -35.99335298405726746, 22.92768403124441789 ) ) ;
#5541 = ORIENTED_EDGE ( 'NONE', *, *, #540, .F. ) ;
#5542 = AXIS2_PLACEMENT_3D ( 'NONE', #207, #5145, #2853 ) ;
#5543 = CARTESIAN_POINT ( 'NONE',  ( 27.75118145901925359, 0.000000000000000000, -32.47660000000000480 ) ) ;
#5544 = CARTESIAN_POINT ( 'NONE',  ( 37.58500000000424990, -6.369999999997229878, -24.75000000000000000 ) ) ;
#5545 = ORIENTED_EDGE ( 'NONE', *, *, #4688, .T. ) ;
#5546 = DIRECTION ( 'NONE',  ( -1.000000000000000000, 0.000000000000000000, 0.000000000000000000 ) ) ;
#5547 = CARTESIAN_POINT ( 'NONE',  ( -39.65646864762994994, 5.105302807599319870, 26.44298560546414834 ) ) ;
#5548 = ORIENTED_EDGE ( 'NONE', *, *, #2346, .T. ) ;
#5549 = EDGE_CURVE ( 'NONE', #3292, #2850, #3322, .T. ) ;
#5550 = CARTESIAN_POINT ( 'NONE',  ( 37.99076488508972460, -6.369988575811173170, 26.26312568811319537 ) ) ;
#5551 = CARTESIAN_POINT ( 'NONE',  ( 41.17598386478910300, 6.016165986341429850, 26.73640032031055114 ) ) ;
#5552 = CC_DESIGN_APPROVAL ( #1061, ( #1993 ) ) ;
#5553 = CARTESIAN_POINT ( 'NONE',  ( -3.785535330266164955, -36.44950371260716082, 23.85849648104498044 ) ) ;
#5554 = DIRECTION ( 'NONE',  ( 1.000000000000000000, 5.446541525829849398E-16, 0.000000000000000000 ) ) ;
#5555 = FACE_OUTER_BOUND ( 'NONE', #560, .T. ) ;
#5556 = VERTEX_POINT ( 'NONE', #616 ) ;
#5557 = CARTESIAN_POINT ( 'NONE',  ( 33.92525754183241560, -7.684133088608698259, -26.70834869232483655 ) ) ;
#5558 = ADVANCED_FACE ( 'NONE', ( #1885 ), #1944, .T. ) ;
#5559 = EDGE_LOOP ( 'NONE', ( #503, #4884, #3109, #278, #3285, #248 ) ) ;
#5560 = AXIS2_PLACEMENT_3D ( 'NONE', #355, #914, #1804 ) ;
#5561 = LINE ( 'NONE', #3742, #2252 ) ;
#5562 = CYLINDRICAL_SURFACE ( 'NONE', #387, 46.10499999999999687 ) ;
#5563 = EDGE_LOOP ( 'NONE', ( #5695, #3194 ) ) ;
#5564 = AXIS2_PLACEMENT_3D ( 'NONE', #2323, #4556, #500 ) ;
#5565 = ORIENTED_EDGE ( 'NONE', *, *, #303, .T. ) ;
#5566 = CARTESIAN_POINT ( 'NONE',  ( 34.58825824442202190, 6.369772323998065033, 23.93051126857978872 ) ) ;
#5567 = CARTESIAN_POINT ( 'NONE',  ( 6.492478271546419322, 32.75938193236164864, -25.45163097567389343 ) ) ;
#5568 = CARTESIAN_POINT ( 'NONE',  ( 35.99335298405723194, 3.598772062563476482, 22.92768403123756471 ) ) ;
#5569 = CARTESIAN_POINT ( 'NONE',  ( -41.46260784174054947, 6.264005567908809802, 26.74977149653825137 ) ) ;
#5570 = CARTESIAN_POINT ( 'NONE',  ( 5.718981702563119995, 40.80587310412635560, 26.70155037087788230 ) ) ;
#5571 = FACE_OUTER_BOUND ( 'NONE', #4777, .T. ) ;
#5572 = CARTESIAN_POINT ( 'NONE',  ( 5.708038033586929849, -39.12120481990833554, 26.23758184240573144 ) ) ;
#5573 = CARTESIAN_POINT ( 'NONE',  ( 5.523917669682582243, -40.50258451719761865, 26.66945803824093986 ) ) ;
#5574 = ORIENTED_EDGE ( 'NONE', *, *, #5490, .T. ) ;
#5575 = B_SPLINE_CURVE_WITH_KNOTS ( 'NONE', 3,
 ( #2422, #4126, #4097, #1041, #2835, #4624, #1866, #4211, #3175, #2392, #1952, #5096, #64, #951, #1393, #3679, #5460, #4655, #625, #2746, #4972, #2801, #1457, #3236, #4539, #508, #3648, #1924, #4593, #156, #5430, #5003, #982, #569, #1485, #534, #2333, #3710, #5488, #3269, #5127, #3777, #1988, #5557, #1553, #3338 ),
 .UNSPECIFIED., .F., .F.,
 ( 4, 2, 1, 2, 2, 2, 1, 1, 2, 2, 2, 1, 1, 1, 2, 2, 2, 2, 1, 2, 2, 2, 1, 2, 2, 2, 4 ),
 ( 0.000000000000000000, 0.06250000000000642542, 0.09375000000000958955, 0.1093750000000131006, 0.1250000000000165978, 0.1875000000000388301, 0.2187500000000491551, 0.2343750000000543454, 0.2421875000000565381, 0.2500000000000587308, 0.3125000000000636158, 0.3437500000000674460, 0.3593750000000692224, 0.3671875000000700551, 0.3710937500000692779, 0.3750000000000685563, 0.4375000000000515143, 0.4687500000000427991, 0.4843750000000373590, 0.4921875000000360822, 0.5000000000000347500, 0.5625000000000399680, 0.5937500000000426326, 0.6093750000000413003, 0.6250000000000400791, 0.7500000000000250910, 1.000000000000000000 ),
 .UNSPECIFIED. ) ;
#5576 = DIRECTION ( 'NONE',  ( 0.000000000000000000, 0.000000000000000000, 1.000000000000000000 ) ) ;
#5577 = DIRECTION ( 'NONE',  ( 0.000000000000000000, 0.000000000000000000, -1.000000000000000000 ) ) ;
#5578 = EDGE_LOOP ( 'NONE', ( #2839, #5214, #1361, #1090 ) ) ;
#5579 = DIRECTION ( 'NONE',  ( 0.000000000000000000, 0.000000000000000000, 1.000000000000000000 ) ) ;
#5580 = CARTESIAN_POINT ( 'NONE',  ( -40.55461482426742492, 6.018802013290632580, 26.66347199710320481 ) ) ;
#5581 = VERTEX_POINT ( 'NONE', #1914 ) ;
#5582 = CYLINDRICAL_SURFACE ( 'NONE', #3571, 5.999999999999998224 ) ;
#5583 = EDGE_CURVE ( 'NONE', #2423, #2836, #4963, .T. ) ;
#5584 = CARTESIAN_POINT ( 'NONE',  ( 33.41170655740545925, 7.188488255943206617, -26.42447161624725283 ) ) ;
#5585 = EDGE_CURVE ( 'NONE', #4782, #2946, #24, .T. ) ;
#5586 = CARTESIAN_POINT ( 'NONE',  ( -32.75367563659856529, -6.485912829531572221, -25.43485752110912657 ) ) ;
#5587 = CARTESIAN_POINT ( 'NONE',  ( 38.02191694328644900, 6.370000000029259368, 26.27692598701525029 ) ) ;
#5588 = CARTESIAN_POINT ( 'NONE',  ( -37.81858231525639980, 4.330289587605521184, 25.42431385912725261 ) ) ;
#5589 = EDGE_LOOP ( 'NONE', ( #1322, #4501, #4210, #155 ) ) ;
#5590 = VERTEX_POINT ( 'NONE', #1976 ) ;
#5591 = VECTOR ( 'NONE', #2719, 1000.000000000000000 ) ;
#5592 = CARTESIAN_POINT ( 'NONE',  ( -3.370805018344575021, 32.58500000000000085, -26.75000000000000000 ) ) ;
#5593 = CARTESIAN_POINT ( 'NONE',  ( 5.959793779173719663, -41.11063729279995016, 26.73157882434009736 ) ) ;
#5594 = ORIENTED_EDGE ( 'NONE', *, *, #630, .F. ) ;
#5595 = ORIENTED_EDGE ( 'NONE', *, *, #4751, .F. ) ;
#5596 = CARTESIAN_POINT ( 'NONE',  ( -36.91577027841496772, 6.369999996929843533, 25.78519802953591622 ) ) ;
#5597 = CARTESIAN_POINT ( 'NONE',  ( 2.264944293516425046E-14, -41.58500000000149299, 20.75000000000000000 ) ) ;
#5598 = ADVANCED_FACE ( 'NONE', ( #4584 ), #557, .F. ) ;
#5599 = CARTESIAN_POINT ( 'NONE',  ( 41.22446196583305067, 6.057765550929349985, 26.74185923436044732 ) ) ;
#5600 = CARTESIAN_POINT ( 'NONE',  ( 46.48505378704070523, 41.28399214238000070, -41.89999999999999858 ) ) ;
#5601 = CARTESIAN_POINT ( 'NONE',  ( -35.58499999999724395, 3.371078389164874789, 19.41695418761370107 ) ) ;
#5602 = CARTESIAN_POINT ( 'NONE',  ( -41.50000000000000000, 41.50000000000000000, -39.89999999999999858 ) ) ;
#5603 = CARTESIAN_POINT ( 'NONE',  ( 6.369765971970974050, 34.88999415502397028, 24.26094404279747607 ) ) ;
#5604 = CARTESIAN_POINT ( 'NONE',  ( 39.74577241271509109, -5.151226259534711360, 26.46391515008299322 ) ) ;
#5605 = ORIENTED_EDGE ( 'NONE', *, *, #803, .T. ) ;
#5606 = CARTESIAN_POINT ( 'NONE',  ( 7.718143879425603870, -33.96535311688994341, -26.70527507045946791 ) ) ;
#5607 = TOROIDAL_SURFACE ( 'NONE', #3076, 5.000000000000000000, 2.000000000000000000 ) ;
#5608 = CARTESIAN_POINT ( 'NONE',  ( -40.07671307857700072, -40.33665143391584706, -26.75000000000000000 ) ) ;
#5609 = PERSON_AND_ORGANIZATION ( #4234, #2280 ) ;
#5610 = CYLINDRICAL_SURFACE ( 'NONE', #599, 10.50000000000000178 ) ;
#5611 = ORIENTED_EDGE ( 'NONE', *, *, #516, .T. ) ;
#5612 = CC_DESIGN_DATE_AND_TIME_ASSIGNMENT ( #1765, #4932, ( #1456 ) ) ;
#5613 = CARTESIAN_POINT ( 'NONE',  ( 37.92875835958525244, -6.369976812588133086, 26.24035183888993572 ) ) ;
#5614 = CARTESIAN_POINT ( 'NONE',  ( 34.26521173498339579, 7.989040783047678396, -26.75000000000001066 ) ) ;
#5615 = CARTESIAN_POINT ( 'NONE',  ( 6.369959932256269219, -37.02184733082634693, 25.84088012685868918 ) ) ;
#5616 = CARTESIAN_POINT ( 'NONE',  ( 40.00461954384005026, 6.369999999955000547, 26.71605156565919970 ) ) ;
#5617 = CARTESIAN_POINT ( 'NONE',  ( -40.35186322174205031, -5.451187110841930306, 26.62461899220620154 ) ) ;
#5618 = ORIENTED_EDGE ( 'NONE', *, *, #5549, .F. ) ;
#5619 = DIRECTION ( 'NONE',  ( -1.000000000000000000, 0.000000000000000000, 0.000000000000000000 ) ) ;
#5620 = CARTESIAN_POINT ( 'NONE',  ( -35.58499999999724395, 6.369999999995749285, -24.75000000000000000 ) ) ;
#5621 = EDGE_LOOP ( 'NONE', ( #4332, #3781, #5317, #2767 ) ) ;
#5622 = EDGE_LOOP ( 'NONE', ( #5521, #5724, #588 ) ) ;
#5623 = LINE ( 'NONE', #1623, #2191 ) ;
#5624 = AXIS2_PLACEMENT_3D ( 'NONE', #5376, #839, #4421 ) ;
#5625 = DIRECTION ( 'NONE',  ( 1.000000000000000000, 6.505213034913019702E-16, 0.000000000000000000 ) ) ;
#5626 = CARTESIAN_POINT ( 'NONE',  ( 37.81482607546629282, 4.328096937008711897, 25.43207300598681186 ) ) ;
#5627 = DIRECTION ( 'NONE',  ( 0.000000000000000000, 0.000000000000000000, 1.000000000000000000 ) ) ;
#5628 = CARTESIAN_POINT ( 'NONE',  ( 5.568764890845190330, 40.55804532890780933, 26.66205224416738062 ) ) ;
#5629 = CARTESIAN_POINT ( 'NONE',  ( -6.454906366329142386, 32.72690288871881847, -25.33565314935285073 ) ) ;
#5630 = CARTESIAN_POINT ( 'NONE',  ( 6.370000302688382909, 34.18490945600080977, 23.43412838475004634 ) ) ;
#5631 = AXIS2_PLACEMENT_3D ( 'NONE', #1248, #753, #5691 ) ;
#5632 = CARTESIAN_POINT ( 'NONE',  ( -4.838418979387301810, 39.04475538306912341, 26.18574385392629722 ) ) ;
#5633 = ORIENTED_EDGE ( 'NONE', *, *, #3083, .T. ) ;
#5634 = CARTESIAN_POINT ( 'NONE',  ( -6.985635146520557726, -33.21210178151909531, -26.24274834626526243 ) ) ;
#5635 = LINE ( 'NONE', #1184, #862 ) ;
#5636 = CARTESIAN_POINT ( 'NONE',  ( -6.370302795703286947, 40.03833620046086850, 26.72899508821438630 ) ) ;
#5637 = EDGE_LOOP ( 'NONE', ( #2652, #4448, #683, #3468 ) ) ;
#5638 = AXIS2_PLACEMENT_3D ( 'NONE', #343, #2139, #5701 ) ;
#5639 = CARTESIAN_POINT ( 'NONE',  ( 35.54689586544740365, -6.369966307750340562, 24.86640470902987943 ) ) ;
#5640 = CARTESIAN_POINT ( 'NONE',  ( 33.16143252724343427, 6.932865412685421447, -26.18651177341324754 ) ) ;
#5641 = CARTESIAN_POINT ( 'NONE',  ( 6.369999999721283501, -36.91712761124345121, 25.78592198803471192 ) ) ;
#5642 = CARTESIAN_POINT ( 'NONE',  ( 40.18951802316078670, 5.922811532234032228, 26.59077587279725918 ) ) ;
#5643 = CARTESIAN_POINT ( 'NONE',  ( -37.43558719849975347, -6.370000000085120462, 26.04233634654910290 ) ) ;
#5644 = ORIENTED_EDGE ( 'NONE', *, *, #5259, .T. ) ;
#5645 = ORIENTED_EDGE ( 'NONE', *, *, #4466, .F. ) ;
#5646 = CARTESIAN_POINT ( 'NONE',  ( -4.672740176731959849, 38.65505634857079542, 25.98922386612814961 ) ) ;
#5647 = ORIENTED_EDGE ( 'NONE', *, *, #1097, .F. ) ;
#5648 = CARTESIAN_POINT ( 'NONE',  ( -37.10128072159288593, 6.369896135778765789, 25.88452155228680240 ) ) ;
#5649 = EDGE_CURVE ( 'NONE', #1255, #2984, #3044, .T. ) ;
#5650 = CARTESIAN_POINT ( 'NONE',  ( 0.000000000000000000, 0.000000000000000000, 48.25000000000000000 ) ) ;
#5651 = CARTESIAN_POINT ( 'NONE',  ( 40.05298536187081737, 5.300321325593378319, 26.55111516732279497 ) ) ;
#5652 = CARTESIAN_POINT ( 'NONE',  ( -6.369986962758859228, -36.64608767606805628, 25.63496662952550054 ) ) ;
#5653 = EDGE_CURVE ( 'NONE', #3292, #2377, #5449, .T. ) ;
#5654 = FACE_OUTER_BOUND ( 'NONE', #1726, .T. ) ;
#5655 = CARTESIAN_POINT ( 'NONE',  ( 6.369999937097127862, 33.96335398163915187, 23.09928375365387510 ) ) ;
#5656 = EDGE_CURVE ( 'NONE', #5143, #4724, #4071, .T. ) ;
#5657 = CARTESIAN_POINT ( 'NONE',  ( 39.49454378748531269, -5.036374650902642358, 26.37475678928337430 ) ) ;
#5658 = ORIENTED_EDGE ( 'NONE', *, *, #130, .T. ) ;
#5659 = CIRCLE ( 'NONE', #2948, 2.999999999999999112 ) ;
#5660 = CARTESIAN_POINT ( 'NONE',  ( -7.249454673247209158, -33.47302331000135212, -26.46983623848803546 ) ) ;
#5661 = DIRECTION ( 'NONE',  ( -1.672022627447524747E-16, 1.000000000000000000, 0.000000000000000000 ) ) ;
#5662 = CARTESIAN_POINT ( 'NONE',  ( -52.00000000000000000, -41.50000000000000000, -28.75000000000000000 ) ) ;
#5663 = ORIENTED_EDGE ( 'NONE', *, *, #3621, .T. ) ;
#5664 = CARTESIAN_POINT ( 'NONE',  ( 35.76655626310422065, -6.369999591414583939, 25.04208068993307990 ) ) ;
#5665 = CARTESIAN_POINT ( 'NONE',  ( 32.79361569729219639, 6.531699653941128503, -25.55187852684063543 ) ) ;
#5666 = CARTESIAN_POINT ( 'NONE',  ( 6.369999540492647050, -35.82379906036013040, 25.08594277319609489 ) ) ;
#5667 = DIRECTION ( 'NONE',  ( -1.000000000000000000, 0.000000000000000000, 0.000000000000000000 ) ) ;
#5668 = CARTESIAN_POINT ( 'NONE',  ( -36.15588851178519292, -3.666524847730805448, 23.31128879812224852 ) ) ;
#5669 = ORIENTED_EDGE ( 'NONE', *, *, #986, .F. ) ;
#5670 = EDGE_LOOP ( 'NONE', ( #2790, #2954, #2206, #943 ) ) ;
#5671 = ORIENTED_EDGE ( 'NONE', *, *, #574, .T. ) ;
#5672 = CARTESIAN_POINT ( 'NONE',  ( -5.451187110836730021, 40.35186322174264717, 26.62461899220580008 ) ) ;
#5673 = ORIENTED_EDGE ( 'NONE', *, *, #2741, .T. ) ;
#5674 = CARTESIAN_POINT ( 'NONE',  ( -52.00000000000000000, 41.50000000000000000, -41.89999999999999858 ) ) ;
#5675 = ADVANCED_FACE ( 'NONE', ( #1447 ), #5511, .F. ) ;
#5676 = DIRECTION ( 'NONE',  ( -1.000000000000000000, 0.000000000000000000, 0.000000000000000000 ) ) ;
#5677 = CARTESIAN_POINT ( 'NONE',  ( 39.74391380657315409, 5.151059419342577606, 26.46116452988456658 ) ) ;
#5678 = CARTESIAN_POINT ( 'NONE',  ( -6.370000067471160321, -35.94298495316510156, 25.17744825062165859 ) ) ;
#5679 = EDGE_CURVE ( 'NONE', #4028, #3019, #224, .T. ) ;
#5680 = CARTESIAN_POINT ( 'NONE',  ( -5.903547014046660379, 41.04528918709700491, 26.72567671803249922 ) ) ;
#5681 = CARTESIAN_POINT ( 'NONE',  ( 6.369999999999985896, 40.43335048251894648, 26.75000000000001066 ) ) ;
#5682 = CARTESIAN_POINT ( 'NONE',  ( 6.370000000000000107, 41.58499999999999375, 26.75000000000000000 ) ) ;
#5683 = VERTEX_POINT ( 'NONE', #1507 ) ;
#5684 = DIRECTION ( 'NONE',  ( 0.000000000000000000, 0.000000000000000000, 1.000000000000000000 ) ) ;
#5685 = CARTESIAN_POINT ( 'NONE',  ( -41.50000000000000000, 41.50000000000000000, -26.75000000000000000 ) ) ;
#5686 =( BOUNDED_SURFACE ( )  B_SPLINE_SURFACE ( 3, 2, ( 
 ( #5380, #3120, #1840 ),
 ( #2658, #1333, #363 ),
 ( #1782, #1367, #4920 ),
 ( #818, #5274, #2607 ) ),
 .UNSPECIFIED., .F., .F., .F. ) 
 B_SPLINE_SURFACE_WITH_KNOTS ( ( 4, 4 ),
 ( 3, 3 ),
 ( 0.01245777672655722090, 0.01339178868914856109 ),
 ( 0.000000000000000000, 1.000000000000000000 ),
 .UNSPECIFIED. ) 
 GEOMETRIC_REPRESENTATION_ITEM ( )  RATIONAL_B_SPLINE_SURFACE ( (
 ( 1.000000000000000000, 0.9959502448730689350, 1.000000000000000000),
 ( 1.000000000000000000, 0.9986434496490320667, 1.000000000000000000),
 ( 1.000000000000000000, 1.000002076451225852, 1.000000000000000000),
 ( 1.000000000000000000, 1.000000000000000000, 1.000000000000000000) ) ) 
 REPRESENTATION_ITEM ( '' )  SURFACE ( )  );
#5687 = CARTESIAN_POINT ( 'NONE',  ( -40.68426273359410317, 6.370000000225600090, 26.75000000003615241 ) ) ;
#5688 = VERTEX_POINT ( 'NONE', #1001 ) ;
#5689 = DIRECTION ( 'NONE',  ( 0.000000000000000000, 0.000000000000000000, 1.000000000000000000 ) ) ;
#5690 = CARTESIAN_POINT ( 'NONE',  ( 6.370049987269259084, -38.46545669611877827, 26.41829815027393735 ) ) ;
#5691 = DIRECTION ( 'NONE',  ( 0.000000000000000000, -1.000000000000000000, 0.000000000000000000 ) ) ;
#5692 = CARTESIAN_POINT ( 'NONE',  ( -37.73990400501349285, -4.298525160573745119, 25.37069840418769928 ) ) ;
#5693 = ORIENTED_EDGE ( 'NONE', *, *, #4032, .F. ) ;
#5694 = EDGE_CURVE ( 'NONE', #2009, #3919, #3225, .T. ) ;
#5695 = ORIENTED_EDGE ( 'NONE', *, *, #4525, .T. ) ;
#5696 = VERTEX_POINT ( 'NONE', #2353 ) ;
#5697 = CARTESIAN_POINT ( 'NONE',  ( -4.479019300624085709, 38.18536040912690055, 25.69735837497579922 ) ) ;
#5698 = ORIENTED_EDGE ( 'NONE', *, *, #2745, .F. ) ;
#5699 = DIRECTION ( 'NONE',  ( 0.4961795709444921099, -0.8647002625785912278, 0.07809794666862471257 ) ) ;
#5700 = DIRECTION ( 'NONE',  ( -1.000000000000000000, 0.000000000000000000, 0.000000000000000000 ) ) ;
#5701 = DIRECTION ( 'NONE',  ( -1.000000000000000000, 0.000000000000000000, 0.000000000000000000 ) ) ;
#5702 = CARTESIAN_POINT ( 'NONE',  ( -6.369995676332288248, -35.70438881485691240, 24.99366876484681654 ) ) ;
#5703 = DIRECTION ( 'NONE',  ( -1.506068933556020330E-17, 0.02604568891375590514, 0.9996607535004102818 ) ) ;
#5704 = CARTESIAN_POINT ( 'NONE',  ( -5.724206751984924679, 40.83692971304216712, 26.70685811949980248 ) ) ;
#5705 = VERTEX_POINT ( 'NONE', #1030 ) ;
#5706 = AXIS2_PLACEMENT_3D ( 'NONE', #4250, #1487, #1044 ) ;
#5707 = CARTESIAN_POINT ( 'NONE',  ( -6.369999999993117612, -32.65449433079753305, -25.01896180680878956 ) ) ;
#5708 = DIRECTION ( 'NONE',  ( -1.000000000000000000, 0.000000000000000000, 0.000000000000000000 ) ) ;
#5709 = VECTOR ( 'NONE', #5576, 1000.000000000000000 ) ;
#5710 = CARTESIAN_POINT ( 'NONE',  ( 32.58500000000424990, -3.370805018341700432, -24.75000000000000000 ) ) ;
#5711 = EDGE_CURVE ( 'NONE', #1382, #5776, #2823, .T. ) ;
#5712 = EDGE_CURVE ( 'NONE', #4024, #2567, #589, .T. ) ;
#5713 = CIRCLE ( 'NONE', #5068, 1.500000000000001332 ) ;
#5714 = AXIS2_PLACEMENT_3D ( 'NONE', #2664, #4013, #5757 ) ;
#5715 =( BOUNDED_SURFACE ( )  B_SPLINE_SURFACE ( 3, 2, ( 
 ( #4594, #2775, #220 ),
 ( #2023, #3809, #1555 ),
 ( #5005, #983, #536 ),
 ( #2334, #1926, #4127 ),
 ( #91, #3682, #3272 ),
 ( #5463, #1458, #571 ),
 ( #4627, #5525, #601 ),
 ( #3308, #1518, #5099 ),
 ( #1078, #2867, #4660 ),
 ( #627, #4398, #2158 ),
 ( #4373, #3922, #4835 ),
 ( #5157, #311, #3399 ),
 ( #339, #1674, #5272 ),
 ( #2605, #759, #5697 ),
 ( #2517, #2110, #1132 ),
 ( #2051, #2549, #5646 ),
 ( #4312, #1584, #2925 ),
 ( #250, #4344, #693 ),
 ( #2081, #5215, #4721 ),
 ( #3369, #3898, #3870 ),
 ( #3045, #1199, #5672 ),
 ( #2986, #3485, #3459 ),
 ( #1696, #791, #4780 ),
 ( #2581, #280, #5243 ),
 ( #1254, #3840, #2490 ),
 ( #1648, #726, #2134 ) ),
 .UNSPECIFIED., .F., .F., .T. ) 
 B_SPLINE_SURFACE_WITH_KNOTS ( ( 4, 2, 2, 2, 2, 2, 2, 2, 2, 2, 2, 2, 4 ),
 ( 3, 3 ),
 ( 0.005213381595401469885, 0.006908200393195209656, 0.008603019190988950293, 0.009450428589885819311, 0.01029783798878270047, 0.01199265678657641943, 0.01368747558437016093, 0.01453488498326701954, 0.01538229438216389897, 0.01707711317995765088, 0.01792452257885450081, 0.01834822727830294833, 0.01877193197775135075 ),
 ( 0.000000000000000000, 1.000000000000000000 ),
 .UNSPECIFIED. ) 
 GEOMETRIC_REPRESENTATION_ITEM ( )  RATIONAL_B_SPLINE_SURFACE ( (
 ( 1.000000000000000000, 0.7425474685657660334, 1.000000000000000000),
 ( 1.000000000000000000, 0.7575803416351060138, 1.000000000000000000),
 ( 1.000000000000000000, 0.7726976139986269088, 1.000000000000000000),
 ( 1.000000000000000000, 0.8017180761605730011, 1.000000000000000000),
 ( 1.000000000000000000, 0.8157608312599820000, 1.000000000000000000),
 ( 1.000000000000000000, 0.8362512015391820874, 1.000000000000000000),
 ( 1.000000000000000000, 0.8430100611302400182, 1.000000000000000000),
 ( 1.000000000000000000, 0.8560894244539269948, 1.000000000000000000),
 ( 1.000000000000000000, 0.8624403672846779889, 1.000000000000000000),
 ( 1.000000000000000000, 0.8809820985950140848, 1.000000000000000000),
 ( 1.000000000000000000, 0.8926656535061310294, 1.000000000000000000),
 ( 1.000000000000000000, 0.9148622398993999649, 1.000000000000000000),
 ( 1.000000000000000000, 0.9250316790792770805, 1.000000000000000000),
 ( 1.000000000000000000, 0.9391130261443479954, 1.000000000000000000),
 ( 1.000000000000000000, 0.9436095765119949519, 1.000000000000000000),
 ( 1.000000000000000000, 0.9522263116222190460, 1.000000000000000000),
 ( 1.000000000000000000, 0.9563635350267980506, 1.000000000000000000),
 ( 1.000000000000000000, 0.9680181395220820439, 1.000000000000000000),
 ( 1.000000000000000000, 0.9748405035968370491, 1.000000000000000000),
 ( 1.000000000000000000, 0.9837836556114379905, 1.000000000000000000),
 ( 1.000000000000000000, 0.9865481439546350817, 1.000000000000000000),
 ( 1.000000000000000000, 0.9903617326874889493, 1.000000000000000000),
 ( 1.000000000000000000, 0.9915787963443279951, 1.000000000000000000),
 ( 1.000000000000000000, 0.9938734720205709694, 1.000000000000000000),
 ( 1.000000000000000000, 0.9949554279142059920, 1.000000000000000000),
 ( 1.000000000000000000, 0.9959502448730780388, 1.000000000000000000) ) ) 
 REPRESENTATION_ITEM ( '' )  SURFACE ( )  );
#5716 = ORIENTED_EDGE ( 'NONE', *, *, #47, .T. ) ;
#5717 = DIRECTION ( 'NONE',  ( -1.000000000000000000, 0.000000000000000000, 0.000000000000000000 ) ) ;
#5718 = DIRECTION ( 'NONE',  ( -1.000000000000000000, 0.000000000000000000, 0.000000000000000000 ) ) ;
#5719 = FACE_OUTER_BOUND ( 'NONE', #3343, .T. ) ;
#5720 = VERTEX_POINT ( 'NONE', #1062 ) ;
#5721 = AXIS2_PLACEMENT_3D ( 'NONE', #923, #2306, #1842 ) ;
#5722 = LOCAL_TIME ( 19, 49, 57.00000000000000000, #2201 ) ;
#5723 = ORIENTED_EDGE ( 'NONE', *, *, #2262, .F. ) ;
#5724 = ORIENTED_EDGE ( 'NONE', *, *, #4224, .F. ) ;
#5725 = CARTESIAN_POINT ( 'NONE',  ( -32.89326045844120472, 6.369999999995749285, 20.67227652432839946 ) ) ;
#5726 = EDGE_CURVE ( 'NONE', #838, #4662, #745, .T. ) ;
#5727 = VERTEX_POINT ( 'NONE', #209 ) ;
#5728 = DIRECTION ( 'NONE',  ( 1.000000000000000000, 6.505213034913020688E-16, 0.000000000000000000 ) ) ;
#5729 = CARTESIAN_POINT ( 'NONE',  ( -40.33665143391569785, 41.02405378704104777, -57.89999999999999858 ) ) ;
#5730 = CARTESIAN_POINT ( 'NONE',  ( 39.01558638218860153, 4.825860078652839391, 26.17201423278984862 ) ) ;
#5731 = CARTESIAN_POINT ( 'NONE',  ( -6.369931765156803039, -33.66570757486067578, 22.61207569198052170 ) ) ;
#5732 = DIRECTION ( 'NONE',  ( 0.000000000000000000, 0.000000000000000000, 1.000000000000000000 ) ) ;
#5733 = FACE_OUTER_BOUND ( 'NONE', #4683, .T. ) ;
#5734 = CARTESIAN_POINT ( 'NONE',  ( 3.386891796958809486, -35.58500000000145036, 20.75000000000000000 ) ) ;
#5735 = AXIS2_PLACEMENT_3D ( 'NONE', #72, #3187, #3157 ) ;
#5736 = CARTESIAN_POINT ( 'NONE',  ( -6.092036909184803228, 35.58499999999999375, 20.67951872141291503 ) ) ;
#5737 = AXIS2_PLACEMENT_3D ( 'NONE', #4689, #3489, #3924 ) ;
#5738 = APPROVAL_ROLE ( '' ) ;
#5739 = CARTESIAN_POINT ( 'NONE',  ( -6.370000031104716243, 38.15164813276567912, 26.31906620745875358 ) ) ;
#5740 = AXIS2_PLACEMENT_3D ( 'NONE', #4116, #4173, #78 ) ;
#5741 = CARTESIAN_POINT ( 'NONE',  ( 46.74499214237989975, -40.07671307857690124, -26.75000000000000000 ) ) ;
#5742 = ORIENTED_EDGE ( 'NONE', *, *, #2471, .F. ) ;
#5743 = CARTESIAN_POINT ( 'NONE',  ( -37.50000000000000000, 4.592425496802579889E-15, -48.30079999999999529 ) ) ;
#5744 = DIRECTION ( 'NONE',  ( -1.000000000000000000, 2.508033941171289955E-16, 0.000000000000000000 ) ) ;
#5745 = CARTESIAN_POINT ( 'NONE',  ( 6.281802516831831440, -35.58500000000143615, 19.40896185967648080 ) ) ;
#5746 = ORIENTED_EDGE ( 'NONE', *, *, #485, .T. ) ;
#5747 = ORIENTED_EDGE ( 'NONE', *, *, #140, .T. ) ;
#5748 = VERTEX_POINT ( 'NONE', #1661 ) ;
#5749 = ADVANCED_FACE ( 'NONE', ( #267 ), #3327, .T. ) ;
#5750 = FACE_BOUND ( 'NONE', #5563, .T. ) ;
#5751 = CARTESIAN_POINT ( 'NONE',  ( -35.92650099744300007, -6.369993868041468943, 25.16293067797781546 ) ) ;
#5752 = ORIENTED_EDGE ( 'NONE', *, *, #2176, .T. ) ;
#5753 = FACE_OUTER_BOUND ( 'NONE', #5242, .T. ) ;
#5754 = CARTESIAN_POINT ( 'NONE',  ( 32.65449433079590591, -6.369999999997250306, 18.75000000000000000 ) ) ;
#5755 = CARTESIAN_POINT ( 'NONE',  ( -41.50000000000000000, 41.50000000000000000, -41.89999999999999858 ) ) ;
#5756 = CARTESIAN_POINT ( 'NONE',  ( -6.369999261021643377, -33.94304503962656838, 23.06834960578689575 ) ) ;
#5757 = DIRECTION ( 'NONE',  ( 1.000000000000000000, 0.000000000000000000, 0.000000000000000000 ) ) ;
#5758 = TOROIDAL_SURFACE ( 'NONE', #3238, 41.27000000000000313, 8.000000000000000000 ) ;
#5759 = DIRECTION ( 'NONE',  ( -1.000000000000000000, 0.000000000000000000, 0.000000000000000000 ) ) ;
#5760 = ADVANCED_FACE ( 'NONE', ( #3911 ), #5204, .T. ) ;
#5761 = CARTESIAN_POINT ( 'NONE',  ( -5.881894752794482706, -40.00825131906515963, 26.54468578407531965 ) ) ;
#5762 = CARTESIAN_POINT ( 'NONE',  ( 5.889510143160081590, 35.60577517269146597, 21.37782218919708299 ) ) ;
#5763 = DIRECTION ( 'NONE',  ( -1.000000000000000000, 8.881784197001250351E-16, 0.000000000000000000 ) ) ;
#5764 = CARTESIAN_POINT ( 'NONE',  ( 5.665588989269536135, -35.80766466816383797, 22.42176019486852567 ) ) ;
#5765 = DIRECTION ( 'NONE',  ( 0.000000000000000000, 0.000000000000000000, -1.000000000000000000 ) ) ;
#5766 = ORIENTED_EDGE ( 'NONE', *, *, #4317, .F. ) ;
#5767 = CARTESIAN_POINT ( 'NONE',  ( 6.369999997225844091, -35.79678614807615133, 25.06533687079557993 ) ) ;
#5768 = CARTESIAN_POINT ( 'NONE',  ( 6.370000000006999841, -41.58500000000145036, 26.75000000000000000 ) ) ;
#5769 = CARTESIAN_POINT ( 'NONE',  ( 6.302097268903891880, -35.58500000000151431, 18.75000000000006750 ) ) ;
#5770 = ORIENTED_EDGE ( 'NONE', *, *, #5329, .T. ) ;
#5771 = ORIENTED_EDGE ( 'NONE', *, *, #5341, .F. ) ;
#5772 = CARTESIAN_POINT ( 'NONE',  ( 0.000000000000000000, 0.000000000000000000, 48.25000000000000000 ) ) ;
#5773 = AXIS2_PLACEMENT_3D ( 'NONE', #2189, #4861, #5728 ) ;
#5774 = CARTESIAN_POINT ( 'NONE',  ( -6.138674064776583172, 40.91146100686808040, 26.71358963244391305 ) ) ;
#5775 = CARTESIAN_POINT ( 'NONE',  ( -38.25718143192705867, -6.370006455628257847, 26.35402232107054488 ) ) ;
#5776 = VERTEX_POINT ( 'NONE', #3357 ) ;
#5777 = DIRECTION ( 'NONE',  ( -8.360113137237628665E-17, 1.000000000000000000, 0.000000000000000000 ) ) ;
#5778 = CARTESIAN_POINT ( 'NONE',  ( -52.00000000000000000, 41.50000000000000000, -28.75000000000000000 ) ) ;
#5779 = CARTESIAN_POINT ( 'NONE',  ( -33.18393618313697857, 6.956354192760877631, -26.21199134726282409 ) ) ;
#5780 = CARTESIAN_POINT ( 'NONE',  ( -82.65000000000000568, 1.012170579495287987E-14, 29.00000000000000000 ) ) ;
#5781 = CARTESIAN_POINT ( 'NONE',  ( -6.369999999990580086, -32.65449433090220310, 19.08058457314099954 ) ) ;
#5782 = CARTESIAN_POINT ( 'NONE',  ( 6.292069547972241494, 41.36003397524376624, 26.74999999999945288 ) ) ;
#5783 = CARTESIAN_POINT ( 'NONE',  ( -5.770700466171219567, -40.87658581193624485, 26.70867566345915023 ) ) ;
#5784 = CARTESIAN_POINT ( 'NONE',  ( 6.369999999935310520, 40.39678599096700395, 26.74181602621385068 ) ) ;
#5785 = CARTESIAN_POINT ( 'NONE',  ( -41.50000000000000000, 52.00000000000000000, -41.89999999999999858 ) ) ;
#5786 = DIRECTION ( 'NONE',  ( 1.672022627447524747E-16, -1.000000000000000000, 0.000000000000000000 ) ) ;
#5787 = CIRCLE ( 'NONE', #4325, 25.00000000000000000 ) ;
#5788 = SHAPE_DEFINITION_REPRESENTATION ( #468, #2617 ) ;
#5789 = TOROIDAL_SURFACE ( 'NONE', #2909, 35.27000000000000313, 2.000000000000000000 ) ;
#5790 = EDGE_CURVE ( 'NONE', #3858, #4293, #4387, .T. ) ;
#5791 = CARTESIAN_POINT ( 'NONE',  ( -6.370000152522102610, 38.15979172512228956, 26.32181024416772175 ) ) ;
#5792 = CARTESIAN_POINT ( 'NONE',  ( 6.639574552054281043, -32.88855918212414764, -25.78245369715415336 ) ) ;
#5793 = CARTESIAN_POINT ( 'NONE',  ( 36.00000000000000000, 4.408728476930474800E-15, -42.07920000000000016 ) ) ;
#5794 = AXIS2_PLACEMENT_3D ( 'NONE', #3584, #1853, #2237 ) ;
#5795 = VERTEX_POINT ( 'NONE', #2565 ) ;
#5796 = DIRECTION ( 'NONE',  ( 0.000000000000000000, 0.000000000000000000, -1.000000000000000000 ) ) ;
#5797 = DIRECTION ( 'NONE',  ( 8.360113137237628665E-17, -1.000000000000000000, 0.000000000000000000 ) ) ;
#5798 = FACE_BOUND ( 'NONE', #4654, .T. ) ;
#5799 = ORIENTED_EDGE ( 'NONE', *, *, #2631, .T. ) ;
#5800 = AXIS2_PLACEMENT_3D ( 'NONE', #1472, #4610, #5050 ) ;
#5801 = CARTESIAN_POINT ( 'NONE',  ( 35.58500000000424279, 3.370805018347220017, 19.41670979740765191 ) ) ;
ENDSEC;
END-ISO-10303-21;
